{"type":"FeatureCollection","properties":{"source":"OpenStreetMap via Overpass API","license":"ODbL 1.0, (c) OpenStreetMap contributors","fetchedAt":"2026-10-04T14:49:42.985Z","bbox":{"south":10.736933599999999,"west":122.2697794,"north":10.9099365,"east":122.434426},"highwayClasses":["residential","unclassified","track","service","living_street","road"],"trunkClasses":["primary","secondary","tertiary","primary_link","secondary_link","tertiary_link"],"excludedClasses":["path","footway","cycleway","steps"],"routingNote":"Local classes route at true cost. Trunk classes are included for connectivity (Leon barangay roads interconnect through them) but charged a heavy cost multiplier, so a path only uses a trunk road where no local alternative exists. Footpaths are excluded entirely as they are not farm-to-market roads.","wayCount":1208,"failedTiles":[{"tile":{"south":10.852268866666666,"north":10.9099365,"west":122.2697794,"east":122.3246616},"index":7},{"tile":{"south":10.852268866666666,"north":10.9099365,"west":122.37954380000001,"east":122.434426},"index":9}],"emptyTiles":[]},"features":[{"type":"Feature","id":240471752,"properties":{"osmWayId":240471752,"name":"Federal Street","nameNormalized":"federal street","highway":"residential","routingClass":"local","surface":null,"tracktype":null},"geometry":{"type":"LineString","coordinates":[[122.3176416,10.7652592],[122.3178758,10.7651249],[122.3181816,10.7649491],[122.3182262,10.7649239],[122.3183756,10.7648382],[122.3187669,10.7646138],[122.3192215,10.7643518]]}},{"type":"Feature","id":240471757,"properties":{"osmWayId":240471757,"name":"Piedad Street","nameNormalized":"piedad street","highway":"residential","routingClass":"local","surface":null,"tracktype":null},"geometry":{"type":"LineString","coordinates":[[122.3178758,10.7651249],[122.317384,10.7643975],[122.3169026,10.7637193],[122.316515,10.7631799]]}},{"type":"Feature","id":240471766,"properties":{"osmWayId":240471766,"name":"Taculin Street","nameNormalized":"taculin street","highway":"residential","routingClass":"local","surface":"concrete","tracktype":null},"geometry":{"type":"LineString","coordinates":[[122.3182073,10.7659729],[122.319479,10.7651008]]}},{"type":"Feature","id":240471767,"properties":{"osmWayId":240471767,"name":"Dolores Street","nameNormalized":"dolores street","highway":"residential","routingClass":"local","surface":null,"tracktype":null},"geometry":{"type":"LineString","coordinates":[[122.3174913,10.7629641],[122.3176201,10.7634015],[122.3179097,10.7641551],[122.3182262,10.7649239]]}},{"type":"Feature","id":240471769,"properties":{"osmWayId":240471769,"name":"Recreo Street","nameNormalized":"recreo street","highway":"residential","routingClass":"local","surface":null,"tracktype":null},"geometry":{"type":"LineString","coordinates":[[122.3170614,10.7645608],[122.317384,10.7643975],[122.3179097,10.7641551],[122.318646,10.7638352]]}},{"type":"Feature","id":240471771,"properties":{"osmWayId":240471771,"name":"Real Street","nameNormalized":"real street","highway":"residential","routingClass":"local","surface":null,"tracktype":null},"geometry":{"type":"LineString","coordinates":[[122.3188198,10.7632576],[122.318646,10.7638352],[122.3183756,10.7648382]]}},{"type":"Feature","id":240471774,"properties":{"osmWayId":240471774,"name":"Talento Street","nameNormalized":"talento street","highway":"residential","routingClass":"local","surface":null,"tracktype":null},"geometry":{"type":"LineString","coordinates":[[122.3165015,10.7638869],[122.3162943,10.7639012],[122.3161325,10.7639],[122.3159498,10.7638887],[122.3157526,10.7638699],[122.3156113,10.7638556],[122.3155041,10.7638161],[122.3154342,10.7637612]]}},{"type":"Feature","id":245644077,"properties":{"osmWayId":245644077,"name":null,"nameNormalized":null,"highway":"unclassified","routingClass":"local","surface":null,"tracktype":null},"geometry":{"type":"LineString","coordinates":[[122.2823568,10.7284668],[122.2819288,10.728334],[122.2811969,10.7281563],[122.2808424,10.7282208],[122.280478,10.7284541],[122.2801119,10.7285371],[122.2799751,10.7286517],[122.2797887,10.7288863],[122.2794642,10.7291683],[122.2792254,10.7293923],[122.2790189,10.729499],[122.2787735,10.7295781],[122.2786582,10.7296163],[122.278524,10.7297165],[122.2784463,10.729785],[122.2783309,10.7299036],[122.2782089,10.7299681],[122.2781096,10.7300313],[122.2779487,10.7301446],[122.2777489,10.7302356],[122.2771829,10.7304767],[122.2769979,10.7305452],[122.2768798,10.7306967],[122.2767109,10.7309919],[122.2765727,10.7312515],[122.2763313,10.7317469],[122.2762361,10.7319406],[122.2760457,10.7323464],[122.2758526,10.7326048],[122.275288,10.7329671],[122.2745477,10.7336575],[122.2743344,10.7338393],[122.2742218,10.7340437],[122.2741681,10.7342294],[122.2741165,10.7344415],[122.2740541,10.7345812],[122.27403,10.7346958],[122.2740354,10.7347999],[122.2740903,10.7349212],[122.2741467,10.7351136],[122.2741708,10.735385],[122.2741815,10.7357355],[122.2741762,10.7361492],[122.2741494,10.7362863],[122.2740743,10.7363969],[122.2739562,10.7365182],[122.2738704,10.7366209],[122.2737591,10.7367157],[122.2736759,10.7368172],[122.2736625,10.7369318],[122.2736263,10.7371927],[122.2736116,10.7373838],[122.2735928,10.7375933],[122.2735633,10.7377843],[122.2735727,10.7378859],[122.2736236,10.7380861],[122.2736719,10.7382416],[122.2737189,10.7384866],[122.2737417,10.7386474],[122.2737417,10.7388437],[122.2737336,10.7389386],[122.2736867,10.7391112],[122.2736639,10.739318],[122.2737122,10.7395092],[122.2737517,10.7397297],[122.2737819,10.739807],[122.2738396,10.7399096]]}},{"type":"Feature","id":245646240,"properties":{"osmWayId":245646240,"name":null,"nameNormalized":null,"highway":"unclassified","routingClass":"local","surface":null,"tracktype":null},"geometry":{"type":"LineString","coordinates":[[122.2928524,10.7357881],[122.2930683,10.7357723],[122.2934197,10.7358145],[122.2936571,10.735854],[122.293822,10.7358052],[122.2939414,10.7358092],[122.2941466,10.7358092],[122.2943638,10.7358],[122.2946656,10.7357894],[122.2952141,10.7358975],[122.2958538,10.7361083],[122.2960804,10.7362269],[122.2962588,10.7362427],[122.2964747,10.7362322],[122.2968328,10.7361598],[122.2969669,10.7360437],[122.297152,10.7359871],[122.2976482,10.7359607],[122.2978494,10.7359305],[122.2980747,10.7358645],[122.2982168,10.7358395],[122.298367,10.7358963],[122.2984824,10.7359542],[122.298589,10.7360641],[122.2986882,10.736217],[122.2988035,10.7365464],[122.2988813,10.737026],[122.2989543,10.7376496],[122.2989635,10.7378165],[122.2989647,10.7379539],[122.2989603,10.7380624],[122.298994,10.7381295],[122.299055,10.7381506],[122.2991355,10.7381789],[122.2993561,10.7383542],[122.2995861,10.7384221],[122.2997732,10.7384293],[122.2999046,10.7383977],[122.300083,10.738339],[122.3002043,10.7382909],[122.300254,10.7382475],[122.3004203,10.7380432],[122.3005088,10.7379082],[122.3006415,10.7377277],[122.3007763,10.7376164],[122.3009406,10.7375432],[122.3011686,10.7375564],[122.3014247,10.7375275]]}},{"type":"Feature","id":246006203,"properties":{"osmWayId":246006203,"name":null,"nameNormalized":null,"highway":"service","routingClass":"local","surface":null,"tracktype":null},"geometry":{"type":"LineString","coordinates":[[122.3202973,10.7403413],[122.3198236,10.7406205],[122.3196627,10.7407272],[122.3187489,10.7413335]]}},{"type":"Feature","id":246006204,"properties":{"osmWayId":246006204,"name":null,"nameNormalized":null,"highway":"service","routingClass":"local","surface":null,"tracktype":null},"geometry":{"type":"LineString","coordinates":[[122.3196463,10.7364373],[122.3200683,10.7370167]]}},{"type":"Feature","id":246006206,"properties":{"osmWayId":246006206,"name":null,"nameNormalized":null,"highway":"unclassified","routingClass":"local","surface":null,"tracktype":null},"geometry":{"type":"LineString","coordinates":[[122.3206798,10.7411932],[122.3200889,10.7416266],[122.3197462,10.7419027],[122.3194692,10.7421138]]}},{"type":"Feature","id":246006209,"properties":{"osmWayId":246006209,"name":null,"nameNormalized":null,"highway":"unclassified","routingClass":"local","surface":"unpaved","tracktype":null},"geometry":{"type":"LineString","coordinates":[[122.2970957,10.7656521],[122.2974591,10.7651764],[122.2975329,10.7649735],[122.2978064,10.7648655],[122.2981157,10.7648848],[122.2986831,10.764657],[122.299153,10.7643033],[122.2995984,10.7639376],[122.2998669,10.7637338],[122.3001354,10.7637098],[122.3007883,10.7637218],[122.3013253,10.7634701],[122.3017951,10.7630504],[122.3026555,10.7623431],[122.3035952,10.7620673],[122.3042481,10.7615458],[122.3046691,10.7612701],[122.3052671,10.7611741],[122.3054373,10.7612489],[122.3056492,10.7613965],[122.3058611,10.761494],[122.3060194,10.7614966],[122.3062581,10.7613833],[122.3070061,10.7610423],[122.3076895,10.7603109],[122.3078299,10.7601251],[122.3077118,10.7598392],[122.3077333,10.7596916],[122.3078835,10.7596257],[122.3081228,10.7596515],[122.3084706,10.7593638],[122.3087574,10.7589142],[122.3087269,10.7585965],[122.3085865,10.7583567],[122.3087086,10.7581289],[122.3090015,10.757997],[122.3097215,10.7577092],[122.3104964,10.7572057],[122.3109113,10.756846],[122.3113141,10.7563724],[122.3120707,10.7559348],[122.3125711,10.755767],[122.3133277,10.7559228],[122.3137792,10.7559888],[122.3139684,10.7558988],[122.3142857,10.7559768]]}},{"type":"Feature","id":246006211,"properties":{"osmWayId":246006211,"name":null,"nameNormalized":null,"highway":"unclassified","routingClass":"local","surface":"unpaved","tracktype":null},"geometry":{"type":"LineString","coordinates":[[122.3194692,10.7421138],[122.3190509,10.7424018],[122.3188222,10.7426858],[122.3186971,10.7432115],[122.3184253,10.7437413],[122.3183001,10.7443687],[122.3181707,10.7451063],[122.318093,10.7455726],[122.3172819,10.7458948],[122.3170877,10.7460177],[122.316859,10.746378],[122.3169755,10.7467256],[122.3169022,10.747141],[122.3166821,10.7477345],[122.3165268,10.7481669],[122.3162291,10.7483704],[122.3154524,10.7482813],[122.3148311,10.7482771],[122.3142961,10.7484763],[122.3138301,10.748701],[122.3134677,10.7487688],[122.3132476,10.7489893],[122.3131052,10.7493453],[122.3126436,10.7501804],[122.3119662,10.7506001],[122.3117159,10.7510494],[122.3114762,10.7512745],[122.3112067,10.7515493],[122.311094,10.7517225],[122.3108906,10.7520548],[122.3106234,10.7522823],[122.3100829,10.7528826],[122.3099434,10.7528694],[122.3097879,10.7527324],[122.3096859,10.7527034],[122.3095545,10.7527376],[122.3090208,10.7528562],[122.3077421,10.7532367],[122.3075565,10.7534147],[122.3068315,10.7535762],[122.3067248,10.7536099],[122.3063657,10.7538429],[122.3058557,10.7544373],[122.3055285,10.7546323],[122.3050929,10.7546355],[122.3043982,10.7549704],[122.3038028,10.7553053],[122.3029226,10.7559623],[122.3024005,10.7563608],[122.3021287,10.7568822],[122.3018525,10.757145],[122.3014771,10.7578401],[122.3013089,10.7580266],[122.3006703,10.7580606],[122.3001265,10.7577311],[122.2995821,10.7577285],[122.2986208,10.7578189],[122.2981203,10.757874],[122.2976053,10.7579288],[122.2973091,10.7581538],[122.2969669,10.7586139],[122.2965726,10.7587957],[122.2959396,10.7591857],[122.2956151,10.7595678],[122.2956739,10.7602097],[122.2956446,10.7607298],[122.2953254,10.7611962],[122.2950894,10.7614334],[122.2950035,10.761768],[122.2951475,10.7627614],[122.2952905,10.7632674],[122.2954193,10.7633991],[122.2956687,10.7635151],[122.2959845,10.7636982],[122.2965411,10.7643171],[122.2967784,10.764707],[122.2969596,10.7652284],[122.2970957,10.7656521],[122.2971624,10.7660338],[122.2969553,10.7664322],[122.2967537,10.7667129],[122.2966143,10.7668921],[122.2964104,10.7668921],[122.2962387,10.7668921],[122.2959182,10.7667614],[122.2955306,10.7668815],[122.2953039,10.7670855],[122.2950264,10.7672399],[122.2945865,10.7676299],[122.2944685,10.7678196],[122.2945865,10.7680831],[122.2948641,10.7682581],[122.294915,10.7683503],[122.2948895,10.7684978],[122.2948211,10.7687969],[122.29486,10.7690262],[122.2949901,10.769125],[122.2953388,10.7693885],[122.2957183,10.7696678],[122.2958069,10.7697297],[122.2958337,10.7698101],[122.295776,10.7698957],[122.2956594,10.7698749],[122.2955185,10.7699036],[122.2953133,10.7700195],[122.2949727,10.7700959],[122.2948708,10.7702988],[122.2946763,10.7708522]]}},{"type":"Feature","id":248698737,"properties":{"osmWayId":248698737,"name":null,"nameNormalized":null,"highway":"unclassified","routingClass":"local","surface":"unpaved","tracktype":null},"geometry":{"type":"LineString","coordinates":[[122.2858755,10.7371727],[122.2858241,10.7370442],[122.2857401,10.7368607],[122.2856607,10.7367368],[122.2856064,10.7366643],[122.2854321,10.736584],[122.285189,10.7364936],[122.2849882,10.7363972],[122.2848621,10.7363651],[122.2846703,10.7363046],[122.2844397,10.7362466],[122.2842304,10.7362111],[122.2840122,10.7361449],[122.2838814,10.7360164],[122.283746,10.7358237],[122.2836432,10.7357916],[122.2833864,10.7358054],[122.2829521,10.7358467],[122.282798,10.7358788],[122.2826252,10.7359751],[122.2824057,10.7360485],[122.2821488,10.7361403],[122.2819076,10.7362058],[122.2817802,10.7362387],[122.281689,10.7362414],[122.2814577,10.7362091],[122.2813243,10.7361781],[122.2811647,10.7361689],[122.2809783,10.736157],[122.2807369,10.736136],[122.2806124,10.7362458],[122.2804256,10.7363743],[122.2801081,10.7366175],[122.2797765,10.7369203],[122.2794735,10.7371321],[122.2793247,10.7372032],[122.2791946,10.7372586],[122.2790106,10.7373654],[122.2789265,10.737448],[122.278807,10.7375998],[122.2786823,10.7377553],[122.2785898,10.7379477],[122.2784986,10.7381045],[122.2783712,10.738256],[122.2780171,10.7385195],[122.2779085,10.7386026],[122.277777,10.7386698],[122.2775598,10.7387211],[122.2774149,10.7387475],[122.2772647,10.7388252],[122.2771119,10.7389162],[122.2769965,10.7389939],[122.2769013,10.7391336],[122.276794,10.7393365],[122.2766943,10.7395815],[122.2766196,10.7397788],[122.2764681,10.7399966],[122.2764655,10.7402238],[122.2764655,10.7404762],[122.2764795,10.7406826],[122.2765729,10.7410543],[122.2766476,10.7413892],[122.2766756,10.7415314],[122.2766881,10.7416765],[122.2766425,10.7418017],[122.2765352,10.741865],[122.2763756,10.7418676],[122.2762535,10.7418821]]}},{"type":"Feature","id":248698747,"properties":{"osmWayId":248698747,"name":null,"nameNormalized":null,"highway":"unclassified","routingClass":"local","surface":"unpaved","tracktype":null},"geometry":{"type":"LineString","coordinates":[[122.2795775,10.7463678],[122.2797786,10.7463949],[122.2800427,10.7465233],[122.2804303,10.7467252],[122.2807572,10.7468904],[122.2810218,10.7469687],[122.2811875,10.7470042],[122.281341,10.7470148],[122.2814698,10.7469555],[122.2816327,10.7468547],[122.2817118,10.7466808],[122.2817507,10.7464159],[122.2817641,10.7462723],[122.2817628,10.7461261],[122.2817802,10.7460035],[122.2819294,10.7457388],[122.2820087,10.7454176],[122.2820741,10.7452249],[122.2821535,10.7449726],[122.2822516,10.7448487],[122.2823263,10.7446881],[122.282373,10.7445183],[122.2823403,10.7442568],[122.2823076,10.7438806],[122.2823263,10.7437429],[122.2823356,10.7436236],[122.2823076,10.7434631],[122.2822002,10.7432887],[122.2820134,10.7429859],[122.2817519,10.7424261],[122.2816865,10.7422793],[122.2816772,10.742105],[122.2816678,10.7419949],[122.2817239,10.7417563],[122.2817986,10.7414305]]}},{"type":"Feature","id":248698768,"properties":{"osmWayId":248698768,"name":null,"nameNormalized":null,"highway":"unclassified","routingClass":"local","surface":"unpaved","tracktype":null},"geometry":{"type":"LineString","coordinates":[[122.2986152,10.7420816],[122.2985358,10.741954],[122.2985769,10.741919],[122.2987077,10.7419605],[122.2989545,10.7420527],[122.2992744,10.7421945],[122.2993789,10.7421551],[122.2994788,10.7418948],[122.2996458,10.7416809],[122.299908,10.7415474],[122.3004297,10.7413287],[122.3007494,10.7409362],[122.3011059,10.7404459],[122.301348,10.7401751],[122.3016458,10.7400257],[122.3020543,10.7399337],[122.3026093,10.7399339],[122.3029154,10.7397494],[122.3031415,10.7396004],[122.3032186,10.7394265],[122.3033757,10.7392525],[122.3034367,10.7391647],[122.303457,10.7390848],[122.3034367,10.7389809],[122.3033635,10.7388371],[122.3032619,10.7386614],[122.3031713,10.7385374],[122.3030911,10.7380582],[122.3030139,10.7377507],[122.3028431,10.737523],[122.3026317,10.7373513],[122.3023553,10.7371356],[122.3022862,10.7369598],[122.3023228,10.7366922],[122.3023716,10.7364725],[122.3024297,10.7364105],[122.3025545,10.7363407],[122.30277,10.7362249],[122.3029367,10.736121],[122.3031268,10.7360274]]}},{"type":"Feature","id":251849059,"properties":{"osmWayId":251849059,"name":null,"nameNormalized":null,"highway":"unclassified","routingClass":"local","surface":null,"tracktype":null},"geometry":{"type":"LineString","coordinates":[[122.2931077,10.7927303],[122.2930616,10.7926397],[122.2930155,10.7925873],[122.2929189,10.7924783],[122.2927486,10.7923417],[122.2926877,10.7922852],[122.2926513,10.792266],[122.2925791,10.7922298],[122.2924641,10.7921838],[122.2923649,10.7921215],[122.2922918,10.7920391],[122.2921858,10.7919123],[122.2921011,10.7918091],[122.2920276,10.7917295],[122.2919244,10.7916834],[122.2918117,10.7916716],[122.291691,10.79169],[122.2915556,10.7917559]]}},{"type":"Feature","id":251849060,"properties":{"osmWayId":251849060,"name":null,"nameNormalized":null,"highway":"unclassified","routingClass":"local","surface":null,"tracktype":null},"geometry":{"type":"LineString","coordinates":[[122.2845805,10.7914015],[122.2846609,10.7912961],[122.2847816,10.7912197],[122.2848876,10.7911854],[122.2849932,10.7911592],[122.2851155,10.7910929],[122.2852339,10.7909186],[122.2853168,10.790761],[122.2854409,10.7908093],[122.2855342,10.7908568],[122.2856577,10.7909425],[122.2857766,10.7910337],[122.2858827,10.7910801],[122.2859886,10.791084],[122.2860865,10.7910774],[122.2862126,10.7910603],[122.2863775,10.7910945]]}},{"type":"Feature","id":251849061,"properties":{"osmWayId":251849061,"name":null,"nameNormalized":null,"highway":"unclassified","routingClass":"local","surface":null,"tracktype":null},"geometry":{"type":"LineString","coordinates":[[122.2845805,10.7914015],[122.2845174,10.7914805],[122.2843297,10.7916584],[122.2843042,10.7917256],[122.2843873,10.7918534]]}},{"type":"Feature","id":251849062,"properties":{"osmWayId":251849062,"name":null,"nameNormalized":null,"highway":"unclassified","routingClass":"local","surface":null,"tracktype":null},"geometry":{"type":"LineString","coordinates":[[122.2931077,10.7927303],[122.293206,10.7931368],[122.2933618,10.7936266]]}},{"type":"Feature","id":251849063,"properties":{"osmWayId":251849063,"name":null,"nameNormalized":null,"highway":"unclassified","routingClass":"local","surface":null,"tracktype":null},"geometry":{"type":"LineString","coordinates":[[122.2933618,10.7936266],[122.2933811,10.7937455],[122.2933893,10.7938674],[122.2933811,10.7941898],[122.2933838,10.7942874],[122.2934538,10.7943616],[122.2935347,10.7943958],[122.2936864,10.7944476],[122.2938178,10.7945094],[122.2939896,10.7946054],[122.2941156,10.794696],[122.2941635,10.7947789],[122.2943115,10.7949703]]}},{"type":"Feature","id":274412507,"properties":{"osmWayId":274412507,"name":null,"nameNormalized":null,"highway":"unclassified","routingClass":"local","surface":"concrete","tracktype":null},"geometry":{"type":"LineString","coordinates":[[122.2948205,10.7788521],[122.2948051,10.7790033],[122.2948118,10.7791746],[122.2948882,10.779384],[122.2948734,10.7795144]]}},{"type":"Feature","id":274635310,"properties":{"osmWayId":274635310,"name":null,"nameNormalized":null,"highway":"residential","routingClass":"local","surface":null,"tracktype":null},"geometry":{"type":"LineString","coordinates":[[122.3176471,10.7708226],[122.3182444,10.7711933],[122.3184959,10.7712571],[122.3185846,10.7713547],[122.3186329,10.7715819],[122.3188942,10.7716843],[122.3192946,10.7718349],[122.3194395,10.7720464],[122.3196245,10.7721776],[122.3199955,10.7723597]]}},{"type":"Feature","id":274635322,"properties":{"osmWayId":274635322,"name":null,"nameNormalized":null,"highway":"unclassified","routingClass":"local","surface":null,"tracktype":null},"geometry":{"type":"LineString","coordinates":[[122.3200015,10.759307],[122.3195504,10.759307],[122.319362,10.7592898],[122.3187031,10.7594659],[122.3184912,10.7595031],[122.3183383,10.7594895],[122.3181309,10.7592336],[122.3178395,10.7591799],[122.317233,10.7589891],[122.3169744,10.7589336],[122.3167174,10.7589568],[122.3163286,10.758728],[122.3159617,10.7582662],[122.3156807,10.7579124],[122.3154251,10.7577332],[122.3153184,10.7576016],[122.3152451,10.7568474],[122.314688,10.7568417],[122.3145534,10.7566529],[122.3146665,10.7562963]]}},{"type":"Feature","id":274635323,"properties":{"osmWayId":274635323,"name":null,"nameNormalized":null,"highway":"unclassified","routingClass":"local","surface":null,"tracktype":null},"geometry":{"type":"LineString","coordinates":[[122.3054678,10.7696628],[122.3055025,10.7696896],[122.3055379,10.7697119],[122.3055633,10.7697232],[122.3055894,10.7697321],[122.3058525,10.7697768],[122.3061727,10.7697474],[122.3065183,10.7697827],[122.3071888,10.7697152],[122.3078146,10.7697452],[122.3082202,10.7694858],[122.3088872,10.7690581],[122.3091671,10.7688732],[122.3093375,10.7688617],[122.3094914,10.7688978],[122.3096467,10.7690642],[122.3097112,10.769312],[122.3097958,10.7695396],[122.3099184,10.7697019],[122.3100909,10.7697938]]}},{"type":"Feature","id":274635342,"properties":{"osmWayId":274635342,"name":null,"nameNormalized":null,"highway":"unclassified","routingClass":"local","surface":null,"tracktype":null},"geometry":{"type":"LineString","coordinates":[[122.3093375,10.7688617],[122.3094409,10.7687723],[122.3095424,10.7683076],[122.3097311,10.7681393],[122.3100561,10.767955],[122.3105147,10.7679076],[122.3109546,10.7679287],[122.3111826,10.7679155],[122.3113704,10.7678575],[122.3115688,10.7677785],[122.3117527,10.7675323],[122.3119191,10.7672544],[122.3123427,10.7669809],[122.3127962,10.7667239],[122.3131476,10.7663351],[122.3134545,10.7660873],[122.3138792,10.7661622],[122.3142377,10.766129],[122.3145112,10.7660816],[122.3149189,10.7661369],[122.3152113,10.7661527],[122.3154361,10.7662043],[122.315531,10.766105],[122.3154924,10.7657915],[122.3155,10.7653563],[122.3155856,10.7650324],[122.3156977,10.7647025]]}},{"type":"Feature","id":274635379,"properties":{"osmWayId":274635379,"name":null,"nameNormalized":null,"highway":"residential","routingClass":"local","surface":null,"tracktype":null},"geometry":{"type":"LineString","coordinates":[[122.323398,10.7778736],[122.3232409,10.7777994],[122.3231099,10.7778149],[122.3228973,10.7779116],[122.3227211,10.7779673],[122.3225241,10.77798]]}},{"type":"Feature","id":274635381,"properties":{"osmWayId":274635381,"name":null,"nameNormalized":null,"highway":"residential","routingClass":"local","surface":"concrete","tracktype":null},"geometry":{"type":"LineString","coordinates":[[122.320553,10.770841],[122.3203551,10.7709558],[122.3200325,10.7713208],[122.3199128,10.7718952],[122.3199955,10.7723597],[122.32035,10.7734323],[122.3205539,10.7739765],[122.3205435,10.7740734],[122.3204041,10.7742394],[122.3203263,10.7743817],[122.3203424,10.7745319],[122.3206133,10.7748902],[122.3206106,10.7751722],[122.3204711,10.7755384],[122.3198971,10.7759389],[122.3197554,10.7760722],[122.3196638,10.7761813],[122.3194336,10.7764122],[122.3192414,10.7765055]]}},{"type":"Feature","id":274635384,"properties":{"osmWayId":274635384,"name":null,"nameNormalized":null,"highway":"residential","routingClass":"local","surface":null,"tracktype":null},"geometry":{"type":"LineString","coordinates":[[122.3225197,10.7782877],[122.3228242,10.7782342],[122.3230715,10.7781723],[122.3232474,10.7780977],[122.3233528,10.7779976],[122.323398,10.7778736],[122.3235394,10.7775634]]}},{"type":"Feature","id":302137212,"properties":{"osmWayId":302137212,"name":null,"nameNormalized":null,"highway":"track","routingClass":"local","surface":null,"tracktype":null},"geometry":{"type":"LineString","coordinates":[[122.3194692,10.7421138],[122.3190854,10.7419313],[122.3186108,10.741944],[122.3182527,10.742122],[122.3170791,10.7418507],[122.3166735,10.7420245],[122.3161083,10.7420881],[122.3155689,10.7424739],[122.3152799,10.7427536],[122.3151375,10.743008],[122.3142616,10.7437837],[122.3139725,10.7445171],[122.3134073,10.7454878],[122.3132002,10.7462169],[122.3132217,10.7466281],[122.3133857,10.74698],[122.3133857,10.7481372],[122.3136662,10.7483576],[122.3138301,10.748701]]}},{"type":"Feature","id":302137213,"properties":{"osmWayId":302137213,"name":null,"nameNormalized":null,"highway":"unclassified","routingClass":"local","surface":"unpaved","tracktype":null},"geometry":{"type":"LineString","coordinates":[[122.279335,10.7514261],[122.2788472,10.7516493],[122.2785562,10.7519998],[122.278398,10.7523529],[122.2782305,10.7525627],[122.2782049,10.7527535],[122.2782129,10.7529959],[122.27817,10.7532067],[122.2780788,10.7534623],[122.2780627,10.7536757],[122.2781636,10.7539189],[122.2783121,10.7542423],[122.2782637,10.7544894],[122.2781589,10.7546968]]}},{"type":"Feature","id":302137220,"properties":{"osmWayId":302137220,"name":null,"nameNormalized":null,"highway":"residential","routingClass":"local","surface":null,"tracktype":null},"geometry":{"type":"LineString","coordinates":[[122.2856896,10.7593794],[122.2859047,10.759411]]}},{"type":"Feature","id":302137222,"properties":{"osmWayId":302137222,"name":"Taculin Street","nameNormalized":"taculin street","highway":"residential","routingClass":"local","surface":"concrete","tracktype":null},"geometry":{"type":"LineString","coordinates":[[122.3198733,10.7648401],[122.319479,10.7651008]]}},{"type":"Feature","id":302137225,"properties":{"osmWayId":302137225,"name":null,"nameNormalized":null,"highway":"residential","routingClass":"local","surface":null,"tracktype":null},"geometry":{"type":"LineString","coordinates":[[122.2841553,10.7603543],[122.2844367,10.7602737],[122.2845726,10.760193],[122.2847413,10.7600328],[122.2852921,10.7598784],[122.2854135,10.7598086],[122.2856328,10.7595535],[122.2856896,10.7593794],[122.285703,10.7592279],[122.2856775,10.7591053],[122.285601,10.7589775],[122.2856808,10.7588464],[122.2858406,10.758615],[122.2859484,10.7583959],[122.2860274,10.7581402],[122.2860848,10.7580729],[122.2861206,10.7580309],[122.2863311,10.7578757],[122.2864249,10.7576889],[122.2864568,10.7574543],[122.2865048,10.7572487]]}},{"type":"Feature","id":302137228,"properties":{"osmWayId":302137228,"name":null,"nameNormalized":null,"highway":"unclassified","routingClass":"local","surface":"unpaved","tracktype":null},"geometry":{"type":"LineString","coordinates":[[122.2768356,10.7549268],[122.2767585,10.7548958],[122.2766881,10.7548892],[122.2766512,10.7549353],[122.2766425,10.754992],[122.2766438,10.7551356],[122.2766572,10.7552647],[122.2766117,10.7553964],[122.2762629,10.7556547],[122.2760137,10.7557994],[122.2759558,10.7558352],[122.2758552,10.7559011],[122.2757845,10.7559804],[122.2757119,10.7560798],[122.2755441,10.7562884],[122.2753903,10.7564872],[122.2752652,10.7566982],[122.2751646,10.7568471],[122.275001,10.7570065],[122.2749031,10.7572647],[122.2748065,10.757353],[122.2746684,10.7573846],[122.2742969,10.75766],[122.2738704,10.7579314],[122.2735029,10.7581211],[122.2732857,10.7584742],[122.2730336,10.7586192],[122.2728592,10.7587456],[122.2726902,10.759025],[122.2723094,10.7593833],[122.2720036,10.7597259],[122.2718024,10.7599894],[122.2715744,10.7602819],[122.2714564,10.7604084]]}},{"type":"Feature","id":302137230,"properties":{"osmWayId":302137230,"name":null,"nameNormalized":null,"highway":"unclassified","routingClass":"local","surface":null,"tracktype":null},"geometry":{"type":"LineString","coordinates":[[122.3219907,10.7439299],[122.3224396,10.7437658],[122.3231605,10.743995],[122.3233314,10.7439433],[122.3236694,10.7437774],[122.3240919,10.7436323],[122.324349,10.7435583],[122.3246982,10.7437002],[122.3250722,10.7437336],[122.325302,10.7436228],[122.3257854,10.7432748],[122.3262101,10.7429695],[122.3265284,10.7427949],[122.3267753,10.7421888],[122.3268665,10.7418817],[122.3268303,10.741794],[122.3268124,10.7417504],[122.3265445,10.7416045],[122.3264509,10.7413833],[122.3264593,10.7411273],[122.3263649,10.7410086],[122.3261394,10.7407859],[122.3261271,10.7406316],[122.3262043,10.7404973]]}},{"type":"Feature","id":302137231,"properties":{"osmWayId":302137231,"name":null,"nameNormalized":null,"highway":"unclassified","routingClass":"local","surface":null,"tracktype":null},"geometry":{"type":"LineString","coordinates":[[122.3200216,10.7639254],[122.320453,10.7636963],[122.320801,10.7636385],[122.321108,10.7637109],[122.3213908,10.7639369],[122.3217667,10.7639543],[122.3221295,10.7642206],[122.3225676,10.764485],[122.3229153,10.7648376],[122.3233708,10.7650288],[122.3237597,10.7653608],[122.3240469,10.7655936],[122.3249299,10.7659241],[122.3253038,10.7660656],[122.3255678,10.7662663],[122.3259763,10.7664174],[122.3264477,10.7666511],[122.326784,10.7669109],[122.3269644,10.7670601],[122.3272477,10.7673147]]}},{"type":"Feature","id":302137235,"properties":{"osmWayId":302137235,"name":"Nueva Street","nameNormalized":"nueva street","highway":"residential","routingClass":"local","surface":null,"tracktype":null},"geometry":{"type":"LineString","coordinates":[[122.3195245,10.7641464],[122.3198733,10.7648401],[122.3200012,10.7651299]]}},{"type":"Feature","id":302137236,"properties":{"osmWayId":302137236,"name":null,"nameNormalized":null,"highway":"unclassified","routingClass":"local","surface":null,"tracktype":null},"geometry":{"type":"LineString","coordinates":[[122.3146665,10.7562963],[122.3145704,10.7561212],[122.3142857,10.7559768]]}},{"type":"Feature","id":302137238,"properties":{"osmWayId":302137238,"name":null,"nameNormalized":null,"highway":"unclassified","routingClass":"local","surface":null,"tracktype":null},"geometry":{"type":"LineString","coordinates":[[122.2989555,10.7423829],[122.2988671,10.7422642],[122.2986152,10.7420816]]}},{"type":"Feature","id":302137242,"properties":{"osmWayId":302137242,"name":null,"nameNormalized":null,"highway":"unclassified","routingClass":"local","surface":null,"tracktype":null},"geometry":{"type":"LineString","coordinates":[[122.2769168,10.7549716],[122.2768356,10.7549268]]}},{"type":"Feature","id":302137247,"properties":{"osmWayId":302137247,"name":null,"nameNormalized":null,"highway":"residential","routingClass":"local","surface":null,"tracktype":null},"geometry":{"type":"LineString","coordinates":[[122.3221367,10.7482035],[122.3217063,10.7481597],[122.3213928,10.7481642],[122.3207429,10.7481242]]}},{"type":"Feature","id":302137250,"properties":{"osmWayId":302137250,"name":null,"nameNormalized":null,"highway":"residential","routingClass":"local","surface":null,"tracktype":null},"geometry":{"type":"LineString","coordinates":[[122.2810012,10.7563951],[122.281107,10.7564228],[122.2812036,10.7564716],[122.2812948,10.7564729],[122.2814199,10.7564101],[122.2817201,10.7560985],[122.2820303,10.7557851],[122.2821185,10.7554627],[122.282306,10.7548642],[122.2823516,10.7546086],[122.2823556,10.7543371],[122.2824629,10.7541896],[122.2826734,10.7541079],[122.2830288,10.7540051],[122.2835532,10.7539616],[122.2839019,10.7536863],[122.284335,10.753349],[122.2847293,10.7531197],[122.2850418,10.7529893],[122.2852561,10.7529119],[122.2853707,10.7527176],[122.2854642,10.7523362],[122.2855112,10.7521078],[122.2854508,10.7517956],[122.2854361,10.7515966],[122.2856104,10.7514649],[122.2858505,10.7513081],[122.2861563,10.7511882],[122.2863963,10.7510894],[122.2867182,10.7510841],[122.287205,10.7510103],[122.2876476,10.7511065],[122.2878863,10.7511289],[122.2883798,10.7510867],[122.288581,10.7510683],[122.2887057,10.751034],[122.2890007,10.7508746],[122.2892336,10.7507792],[122.2897276,10.7505795],[122.2902292,10.7503331]]}},{"type":"Feature","id":476883185,"properties":{"osmWayId":476883185,"name":"Singon- Ago Barangay Road","nameNormalized":"singon ago barangay","highway":"unclassified","routingClass":"local","surface":"paved","tracktype":null},"geometry":{"type":"LineString","coordinates":[[122.3046237,10.7857062],[122.3047728,10.7857848],[122.3048405,10.78585],[122.304925,10.7859547],[122.3051188,10.7862709],[122.3052536,10.7864402],[122.3053381,10.7865047],[122.3054467,10.7865541],[122.3055486,10.7866128],[122.3056901,10.7866701],[122.3058249,10.7867135],[122.3059671,10.7867366],[122.3060931,10.7867972],[122.3061856,10.7869704],[122.3062248,10.787063],[122.3062561,10.7871271],[122.3063049,10.7871671],[122.3063536,10.787185],[122.3064061,10.7871875],[122.3064555,10.7871842],[122.3070402,10.7871367],[122.3071475,10.787142],[122.3072548,10.7871789],[122.3073299,10.7872316],[122.3074211,10.7873054],[122.3075123,10.7874002],[122.3075874,10.7874793],[122.3076732,10.7875939],[122.3078567,10.7880224],[122.3078996,10.7881989],[122.3079344,10.7883072],[122.3080121,10.7884021],[122.3081382,10.7885233],[122.3082696,10.7886418],[122.308334,10.7887104],[122.3084386,10.7888184],[122.3084762,10.7888553],[122.3085137,10.7888632],[122.3085674,10.7888553],[122.3086156,10.7888368],[122.3091254,10.7884867]]}},{"type":"Feature","id":476884553,"properties":{"osmWayId":476884553,"name":"Pinamacalan Road","nameNormalized":"pinamacalan","highway":"unclassified","routingClass":"local","surface":null,"tracktype":null},"geometry":{"type":"LineString","coordinates":[[122.2961991,10.7934732],[122.2962456,10.7935246],[122.2962931,10.7935631],[122.2963445,10.7935792],[122.2963914,10.7935948],[122.2964459,10.7935946],[122.2965149,10.7935816],[122.2965915,10.7935802],[122.2966366,10.7935744],[122.2966736,10.7935645],[122.2967031,10.7935428]]}},{"type":"Feature","id":476884556,"properties":{"osmWayId":476884556,"name":"Pinamacalan Road","nameNormalized":"pinamacalan","highway":"residential","routingClass":"local","surface":null,"tracktype":null},"geometry":{"type":"LineString","coordinates":[[122.2970222,10.793536],[122.2970666,10.7937097],[122.2970638,10.7939332],[122.2970353,10.794081],[122.2969836,10.7941434],[122.2969814,10.7941487],[122.2969598,10.7941995],[122.2969639,10.7943113],[122.2972851,10.7949423],[122.297342,10.7949742],[122.2976439,10.7950632],[122.297676,10.7950805],[122.2978974,10.7952251],[122.297994,10.7952929],[122.2980255,10.7953099],[122.2980981,10.7953416],[122.2981573,10.7953626],[122.2982105,10.795349],[122.2983509,10.7953012],[122.2984765,10.7951954],[122.2985677,10.7951436],[122.2986629,10.7951385],[122.2989115,10.7951811],[122.298996,10.795185],[122.2991475,10.7951389],[122.2993501,10.7950894],[122.2995445,10.7950414],[122.2996049,10.7950151],[122.2996572,10.7949834],[122.2997282,10.7949123],[122.2998114,10.7948688],[122.2999173,10.7948728],[122.2999842,10.7949141],[122.3000438,10.7949039],[122.3001096,10.7948977],[122.3002123,10.7948777],[122.3002528,10.7948536],[122.3002933,10.7948222],[122.3003243,10.7947766],[122.3003339,10.7947155],[122.3003324,10.794643],[122.3003121,10.7945343],[122.3002917,10.7943469]]}},{"type":"Feature","id":476885764,"properties":{"osmWayId":476885764,"name":"SES Access Road","nameNormalized":"ses access","highway":"service","routingClass":"local","surface":"paved","tracktype":null},"geometry":{"type":"LineString","coordinates":[[122.30482,10.7854748],[122.3048042,10.7853352],[122.3048042,10.7852565],[122.3047919,10.7851748],[122.3047673,10.7851173],[122.3047272,10.7850628],[122.3046502,10.7850416],[122.3045608,10.7850447],[122.3044438,10.785081],[122.3043606,10.7851052],[122.3042366,10.7851466],[122.3041664,10.7852021],[122.3040721,10.7852321],[122.3039541,10.7852295],[122.3037636,10.785182]]}},{"type":"Feature","id":476888223,"properties":{"osmWayId":476888223,"name":"Ago Road","nameNormalized":"ago","highway":"unclassified","routingClass":"local","surface":null,"tracktype":null},"geometry":{"type":"LineString","coordinates":[[122.310042,10.7876982],[122.3102484,10.7875295],[122.3103215,10.7874576],[122.3103866,10.7873857],[122.3104272,10.7872899],[122.3104841,10.787202],[122.3105817,10.7871381],[122.3107037,10.7871221],[122.3113068,10.7871803],[122.31138,10.7872546],[122.3114776,10.7873786],[122.311842,10.7877531],[122.3120453,10.7879448],[122.3122404,10.7881046],[122.3124274,10.7882084],[122.3125982,10.7882244],[122.3126804,10.7881738],[122.3128024,10.7881019],[122.3129406,10.78805],[122.313087,10.7880101],[122.3132374,10.7879621],[122.3134041,10.7878903],[122.3135139,10.7877665],[122.3135952,10.7876506],[122.3136155,10.7875348],[122.3136196,10.7872233],[122.3135708,10.7868319],[122.3135626,10.7866962],[122.3135545,10.7865963],[122.313583,10.7864925],[122.3136562,10.7864446],[122.3137456,10.7864046],[122.314083,10.7863248],[122.3144205,10.7863327],[122.3147498,10.7862569],[122.3148189,10.7862129],[122.3148799,10.7861131],[122.3148921,10.7859933],[122.3148595,10.7858695],[122.3148189,10.7857457],[122.3147335,10.785558],[122.314701,10.7854821],[122.3146969,10.7854222],[122.3147498,10.7853383],[122.3147985,10.7852704],[122.3148717,10.7851985],[122.3149408,10.7851027],[122.3149815,10.7850228],[122.3150222,10.784911],[122.315014,10.7847073],[122.3150059,10.7844677],[122.315014,10.7843199],[122.3149937,10.7841482],[122.3149286,10.7840004],[122.3148555,10.7838647],[122.3147782,10.783665],[122.3147823,10.7835971],[122.3148311,10.7834853],[122.3149205,10.7832496],[122.3150587,10.78299],[122.3151157,10.7828982],[122.3151807,10.7828503],[122.3152742,10.7828303],[122.3153677,10.7828543],[122.3154531,10.7828143],[122.3154978,10.7827544],[122.3155303,10.7826466],[122.3156076,10.7826106],[122.315758,10.7825947],[122.3158434,10.7826106],[122.3159409,10.7826306],[122.3160304,10.7826186],[122.316071,10.7825707],[122.3161239,10.7824709],[122.3161645,10.7823551],[122.3162093,10.7822951],[122.3166931,10.781744],[122.3169532,10.7815244],[122.3173029,10.7812488],[122.3175012,10.7810151],[122.3175224,10.7808134],[122.3174799,10.7805979],[122.3173737,10.7804449],[122.3173313,10.7800903],[122.3174374,10.7798469],[122.3176215,10.7795966],[122.3176993,10.7794297],[122.3176569,10.7791098],[122.3174304,10.7787691],[122.3171331,10.7783519],[122.3168004,10.7778721],[122.3166305,10.7776774],[122.3165948,10.7776173],[122.3164592,10.7774056],[122.3163718,10.7771615],[122.3163499,10.7768373],[122.3163463,10.7763246],[122.3163084,10.7758634],[122.3162263,10.7756302],[122.3161191,10.7755202],[122.3159616,10.7754045],[122.3158795,10.7753442],[122.315774,10.7752576],[122.3156041,10.7749933],[122.3154555,10.7747013],[122.3153847,10.7743536],[122.3153785,10.7738356]]}},{"type":"Feature","id":476888410,"properties":{"osmWayId":476888410,"name":"Pinamacalan Road","nameNormalized":"pinamacalan","highway":"unclassified","routingClass":"local","surface":"unpaved","tracktype":null},"geometry":{"type":"LineString","coordinates":[[122.2967031,10.7935428],[122.2967356,10.7935166],[122.2967687,10.7934966],[122.2968322,10.7934688],[122.2968655,10.7934595],[122.2968988,10.7934564],[122.296936,10.7934625],[122.2969579,10.7934715],[122.29699,10.7934897],[122.2970123,10.7935147],[122.2970222,10.793536]]}},{"type":"Feature","id":480095884,"properties":{"osmWayId":480095884,"name":"TEC Road","nameNormalized":"tec","highway":"service","routingClass":"local","surface":null,"tracktype":null},"geometry":{"type":"LineString","coordinates":[[122.2965733,10.7920047],[122.2964607,10.7919813],[122.2964057,10.7919922],[122.29634,10.7920242],[122.2961656,10.7920933],[122.2960127,10.7921638],[122.2958465,10.7922],[122.2957499,10.792171],[122.2956828,10.7921263],[122.2956364,10.7920588],[122.2955672,10.7919612]]}},{"type":"Feature","id":480114797,"properties":{"osmWayId":480114797,"name":null,"nameNormalized":null,"highway":"service","routingClass":"local","surface":null,"tracktype":null},"geometry":{"type":"LineString","coordinates":[[122.3174913,10.7629641],[122.3174091,10.7626403],[122.3173823,10.7625346],[122.3173019,10.7622182],[122.3172002,10.7618023]]}},{"type":"Feature","id":480195339,"properties":{"osmWayId":480195339,"name":"Santo Niño Road","nameNormalized":"santo ni o","highway":"unclassified","routingClass":"local","surface":"paved","tracktype":null},"geometry":{"type":"LineString","coordinates":[[122.306749,10.7834404],[122.3066168,10.7833996],[122.3063929,10.7833818],[122.306189,10.7832902],[122.3059567,10.7831385],[122.3059253,10.7831052],[122.3059214,10.7830572],[122.3059106,10.7829518],[122.305908,10.7829083],[122.3059133,10.7828872],[122.3059348,10.7828583],[122.3059777,10.782828],[122.3059951,10.7828161],[122.3060166,10.7827858],[122.306022,10.7827568],[122.306022,10.7827305],[122.3060139,10.7825526],[122.3060059,10.7825263],[122.3059951,10.7824973],[122.3059629,10.7824881],[122.3059214,10.7824828],[122.3058034,10.7825184],[122.3056692,10.7825421],[122.3055566,10.7825473],[122.3054332,10.782521],[122.3053152,10.7824657],[122.3052106,10.7823866],[122.3051167,10.7822997],[122.3050711,10.7822443],[122.3050577,10.7821732],[122.3051355,10.7820862],[122.3051811,10.7820362],[122.3052186,10.7819887],[122.3052079,10.7819281],[122.3052052,10.7818886],[122.3051462,10.7818412],[122.3050765,10.7818359],[122.304988,10.7818491],[122.3048608,10.7818889],[122.304621,10.7819467],[122.3038814,10.7821445],[122.303678,10.7821854],[122.3034965,10.7822027],[122.3030455,10.7821592],[122.3026389,10.7821632],[122.3024105,10.7821704],[122.3023045,10.7821296],[122.3021959,10.7821072],[122.3020779,10.782094],[122.3019424,10.7821204],[122.3018485,10.7821414],[122.3017587,10.782148],[122.3016165,10.782123],[122.3014677,10.7821234],[122.3013473,10.7821791],[122.3011575,10.7822758]]}},{"type":"Feature","id":480316768,"properties":{"osmWayId":480316768,"name":null,"nameNormalized":null,"highway":"residential","routingClass":"local","surface":null,"tracktype":null},"geometry":{"type":"LineString","coordinates":[[122.2963795,10.7719365],[122.2963614,10.7718712],[122.2963004,10.7718106],[122.2963976,10.7715748],[122.2964694,10.7714609],[122.2965713,10.7713581],[122.2967121,10.771225],[122.296894,10.7711204],[122.2970149,10.7710412],[122.2970397,10.7710275],[122.2970753,10.7710214],[122.2971203,10.771026],[122.2972628,10.7710458],[122.2973883,10.7710458],[122.2974704,10.7710366],[122.2975557,10.7710214],[122.2976455,10.7709879],[122.2978707,10.7708558],[122.2980634,10.7707283],[122.2983228,10.7705294],[122.2985212,10.7704016]]}},{"type":"Feature","id":480317860,"properties":{"osmWayId":480317860,"name":null,"nameNormalized":null,"highway":"residential","routingClass":"local","surface":null,"tracktype":null},"geometry":{"type":"LineString","coordinates":[[122.2899826,10.7750781],[122.2897415,10.7750206],[122.2894948,10.774972],[122.2893394,10.7749224],[122.2891521,10.7748136],[122.2890223,10.7747213],[122.2889147,10.7746678],[122.2888016,10.7746548]]}},{"type":"Feature","id":480317861,"properties":{"osmWayId":480317861,"name":null,"nameNormalized":null,"highway":"residential","routingClass":"local","surface":null,"tracktype":null},"geometry":{"type":"LineString","coordinates":[[122.2903137,10.7738257],[122.2902343,10.7739381],[122.2902247,10.7740291],[122.2902503,10.7741704],[122.2902598,10.7743399],[122.2901895,10.7745534],[122.2901105,10.7747134],[122.2900407,10.7748762],[122.2899826,10.7750781],[122.2899843,10.7751894],[122.2899784,10.775296],[122.2900028,10.7754717],[122.2900756,10.7756007],[122.2901626,10.7757071],[122.2902716,10.7758048],[122.2903037,10.7759023],[122.2903261,10.7760342],[122.2903037,10.7762665],[122.2902686,10.7764706],[122.2901999,10.776615],[122.2901551,10.7767516],[122.2901056,10.7768976],[122.2900449,10.7770624],[122.2900305,10.7771833],[122.2900097,10.7773418]]}},{"type":"Feature","id":480356372,"properties":{"osmWayId":480356372,"name":null,"nameNormalized":null,"highway":"track","routingClass":"local","surface":null,"tracktype":null},"geometry":{"type":"LineString","coordinates":[[122.2749004,10.7944407],[122.2749722,10.7943753],[122.2751147,10.7942583],[122.2752105,10.7941252],[122.2753085,10.7939854],[122.2753949,10.7938363],[122.275416,10.7937124],[122.2753646,10.7936138],[122.2753132,10.7935129],[122.2753178,10.7934257],[122.2753342,10.7933615]]}},{"type":"Feature","id":480527393,"properties":{"osmWayId":480527393,"name":null,"nameNormalized":null,"highway":"service","routingClass":"local","surface":null,"tracktype":null},"geometry":{"type":"LineString","coordinates":[[122.2956726,10.7942698],[122.2955666,10.7943055],[122.2954892,10.7943399],[122.2953885,10.7943588],[122.2953036,10.7943467],[122.2952389,10.7943119],[122.2951747,10.7942748],[122.2951033,10.7942102],[122.2950039,10.7941291],[122.2948052,10.793951],[122.2947922,10.7938692],[122.2947947,10.7938044],[122.2948142,10.7937732]]}},{"type":"Feature","id":480535707,"properties":{"osmWayId":480535707,"name":null,"nameNormalized":null,"highway":"track","routingClass":"local","surface":null,"tracktype":null},"geometry":{"type":"LineString","coordinates":[[122.2853168,10.790761],[122.2850764,10.790753],[122.2848582,10.790683],[122.2846534,10.7905762],[122.2845213,10.7905395],[122.2842548,10.7904717],[122.2840397,10.7904228],[122.2839367,10.7903545],[122.283846,10.7902257],[122.2835811,10.7898151],[122.28343,10.7896884],[122.2833243,10.7896665],[122.2831385,10.7896358],[122.2830461,10.789603],[122.2829426,10.7895552],[122.2828944,10.7895449],[122.2828483,10.7895084],[122.2827501,10.7894592],[122.2825015,10.789461],[122.2823165,10.789477],[122.2821345,10.7894981],[122.2820269,10.7895341],[122.2816707,10.7896336],[122.2815863,10.7896739],[122.2815083,10.7896833],[122.2814166,10.7896839],[122.2811597,10.7896274],[122.2808565,10.7895041],[122.2806186,10.7894401],[122.2805462,10.7894159],[122.2804861,10.7894157],[122.2803148,10.7893605],[122.2802023,10.7892203],[122.2800355,10.7889868],[122.2797639,10.7887761],[122.2795539,10.7887043],[122.2793376,10.7886359],[122.279072,10.7885129],[122.27892,10.78844],[122.2786855,10.7883383],[122.2785403,10.7881506],[122.2784515,10.7880081],[122.2783162,10.7879066],[122.2779738,10.7877225],[122.2778837,10.7877172],[122.2777759,10.7877442],[122.2776517,10.7877249],[122.2774658,10.7877159],[122.2767745,10.7878109],[122.2765858,10.7877782],[122.2763426,10.7876438],[122.2761637,10.7874746],[122.2760659,10.7872988],[122.2759491,10.7871268],[122.2758227,10.7870239],[122.2756264,10.7869715],[122.2752868,10.7868583],[122.2746672,10.786625],[122.2744486,10.78655],[122.2742371,10.7864269],[122.2741251,10.7862311],[122.274015,10.7860458],[122.2739258,10.7859624],[122.2737363,10.7857564]]}},{"type":"Feature","id":480541479,"properties":{"osmWayId":480541479,"name":null,"nameNormalized":null,"highway":"service","routingClass":"local","surface":null,"tracktype":null},"geometry":{"type":"LineString","coordinates":[[122.3183468,10.7652158],[122.3184821,10.7651385],[122.3184975,10.7651297],[122.3185124,10.7651212],[122.3186913,10.765019],[122.3186403,10.7649338],[122.3186343,10.7649238],[122.3186263,10.7649104],[122.3185863,10.7648435],[122.3185746,10.7648241],[122.3183787,10.7649383],[122.3182292,10.7650254],[122.3182394,10.7650419],[122.3182829,10.7651124],[122.31829,10.7651238],[122.3182972,10.7651355],[122.3183468,10.7652158]]}},{"type":"Feature","id":480541481,"properties":{"osmWayId":480541481,"name":null,"nameNormalized":null,"highway":"service","routingClass":"local","surface":null,"tracktype":null},"geometry":{"type":"LineString","coordinates":[[122.3184699,10.7650876],[122.318492,10.7650091],[122.3184111,10.7649893],[122.31839,10.7650705],[122.3184699,10.7650876]]}},{"type":"Feature","id":480541482,"properties":{"osmWayId":480541482,"name":null,"nameNormalized":null,"highway":"service","routingClass":"local","surface":null,"tracktype":null},"geometry":{"type":"LineString","coordinates":[[122.31839,10.7650705],[122.31829,10.7651238]]}},{"type":"Feature","id":480541483,"properties":{"osmWayId":480541483,"name":null,"nameNormalized":null,"highway":"service","routingClass":"local","surface":null,"tracktype":null},"geometry":{"type":"LineString","coordinates":[[122.318492,10.7650091],[122.3186343,10.7649238]]}},{"type":"Feature","id":480541484,"properties":{"osmWayId":480541484,"name":null,"nameNormalized":null,"highway":"service","routingClass":"local","surface":null,"tracktype":null},"geometry":{"type":"LineString","coordinates":[[122.3185746,10.7648241],[122.3188134,10.7646888]]}},{"type":"Feature","id":480541485,"properties":{"osmWayId":480541485,"name":null,"nameNormalized":null,"highway":"service","routingClass":"local","surface":null,"tracktype":null},"geometry":{"type":"LineString","coordinates":[[122.3189403,10.7648936],[122.3189309,10.7648784],[122.3188134,10.7646888],[122.3187669,10.7646138]]}},{"type":"Feature","id":480541486,"properties":{"osmWayId":480541486,"name":null,"nameNormalized":null,"highway":"service","routingClass":"local","surface":null,"tracktype":null},"geometry":{"type":"LineString","coordinates":[[122.3186913,10.765019],[122.3189309,10.7648784]]}},{"type":"Feature","id":480541489,"properties":{"osmWayId":480541489,"name":null,"nameNormalized":null,"highway":"service","routingClass":"local","surface":null,"tracktype":null},"geometry":{"type":"LineString","coordinates":[[122.3193487,10.7647367],[122.3189749,10.7649499],[122.3183051,10.7653192]]}},{"type":"Feature","id":480541495,"properties":{"osmWayId":480541495,"name":null,"nameNormalized":null,"highway":"residential","routingClass":"local","surface":null,"tracktype":null},"geometry":{"type":"LineString","coordinates":[[122.3191576,10.7666878],[122.3193563,10.7667891],[122.3195313,10.7668846],[122.3197186,10.7670391],[122.3199027,10.7671834],[122.3203889,10.7671613]]}},{"type":"Feature","id":480542337,"properties":{"osmWayId":480542337,"name":null,"nameNormalized":null,"highway":"service","routingClass":"local","surface":null,"tracktype":null},"geometry":{"type":"LineString","coordinates":[[122.3210308,10.7701442],[122.3204415,10.7701417],[122.3203985,10.7701254],[122.320372,10.7701026],[122.3203388,10.7700701],[122.3203057,10.7700115],[122.3201433,10.7693507],[122.3204107,10.7692774],[122.3204911,10.7693118],[122.3205521,10.7693437],[122.3206498,10.7693634],[122.3208238,10.7693259],[122.3210202,10.7692758]]}},{"type":"Feature","id":480543518,"properties":{"osmWayId":480543518,"name":null,"nameNormalized":null,"highway":"residential","routingClass":"local","surface":null,"tracktype":null},"geometry":{"type":"LineString","coordinates":[[122.3209204,10.7906532],[122.320915,10.7907854],[122.3209584,10.7909244],[122.3211189,10.7912539],[122.3211269,10.7914357],[122.3211022,10.7915968],[122.3210357,10.7917111],[122.3208359,10.7918072]]}},{"type":"Feature","id":480543722,"properties":{"osmWayId":480543722,"name":null,"nameNormalized":null,"highway":"service","routingClass":"local","surface":null,"tracktype":null},"geometry":{"type":"LineString","coordinates":[[122.3238433,10.7922268],[122.3238865,10.7921898],[122.3240447,10.7919608],[122.3240889,10.7918945],[122.3240865,10.7918644],[122.3240595,10.7918427],[122.3238079,10.7918776],[122.3237662,10.7918897],[122.3237368,10.7919138],[122.3237257,10.7919632],[122.3236877,10.7920343],[122.3236223,10.7921126]]}},{"type":"Feature","id":480569282,"properties":{"osmWayId":480569282,"name":null,"nameNormalized":null,"highway":"service","routingClass":"local","surface":null,"tracktype":null},"geometry":{"type":"LineString","coordinates":[[122.3184699,10.7650876],[122.3184975,10.7651297]]}},{"type":"Feature","id":480569283,"properties":{"osmWayId":480569283,"name":null,"nameNormalized":null,"highway":"service","routingClass":"local","surface":null,"tracktype":null},"geometry":{"type":"LineString","coordinates":[[122.3184111,10.7649893],[122.3183787,10.7649383]]}},{"type":"Feature","id":480569284,"properties":{"osmWayId":480569284,"name":null,"nameNormalized":null,"highway":"service","routingClass":"local","surface":null,"tracktype":null},"geometry":{"type":"LineString","coordinates":[[122.3182292,10.7650254],[122.3181816,10.7649491]]}},{"type":"Feature","id":482372299,"properties":{"osmWayId":482372299,"name":null,"nameNormalized":null,"highway":"residential","routingClass":"local","surface":null,"tracktype":null},"geometry":{"type":"LineString","coordinates":[[122.3159356,10.7731827],[122.316152,10.7732526]]}},{"type":"Feature","id":482372300,"properties":{"osmWayId":482372300,"name":null,"nameNormalized":null,"highway":"residential","routingClass":"local","surface":null,"tracktype":null},"geometry":{"type":"LineString","coordinates":[[122.316152,10.7732526],[122.316207,10.773301],[122.3162922,10.7733257],[122.316429,10.7733409],[122.3165812,10.7733778],[122.3167147,10.7734516],[122.3167804,10.773466],[122.3168461,10.7734436],[122.3169802,10.7732553],[122.3170272,10.7732197],[122.3170768,10.7732157],[122.3171315,10.773231]]}},{"type":"Feature","id":482957411,"properties":{"osmWayId":482957411,"name":null,"nameNormalized":null,"highway":"service","routingClass":"local","surface":null,"tracktype":null},"geometry":{"type":"LineString","coordinates":[[122.3183051,10.7653192],[122.3183332,10.7653721],[122.3183418,10.7654314],[122.3182891,10.7655363]]}},{"type":"Feature","id":482957412,"properties":{"osmWayId":482957412,"name":null,"nameNormalized":null,"highway":"service","routingClass":"local","surface":null,"tracktype":null},"geometry":{"type":"LineString","coordinates":[[122.3183051,10.7653192],[122.3182641,10.7652576],[122.3182058,10.7652194],[122.3181449,10.7651997],[122.3181232,10.7651926],[122.3180221,10.7652473]]}},{"type":"Feature","id":483365099,"properties":{"osmWayId":483365099,"name":null,"nameNormalized":null,"highway":"service","routingClass":"local","surface":null,"tracktype":null},"geometry":{"type":"LineString","coordinates":[[122.3185989,10.768424],[122.3183329,10.7683465],[122.3182635,10.7683242],[122.3182369,10.7683278]]}},{"type":"Feature","id":483365100,"properties":{"osmWayId":483365100,"name":null,"nameNormalized":null,"highway":"service","routingClass":"local","surface":null,"tracktype":null},"geometry":{"type":"LineString","coordinates":[[122.3182635,10.7683242],[122.3182522,10.7684314],[122.3182578,10.7685817],[122.3182323,10.7687223],[122.318221,10.7688378],[122.3181969,10.768913]]}},{"type":"Feature","id":487894461,"properties":{"osmWayId":487894461,"name":null,"nameNormalized":null,"highway":"service","routingClass":"local","surface":null,"tracktype":null},"geometry":{"type":"LineString","coordinates":[[122.2976014,10.7885809],[122.2976792,10.7885154]]}},{"type":"Feature","id":488843718,"properties":{"osmWayId":488843718,"name":"San Isidro Street","nameNormalized":"san isidro street","highway":"residential","routingClass":"local","surface":null,"tracktype":null},"geometry":{"type":"LineString","coordinates":[[122.3153581,10.7633237],[122.315393,10.7632884],[122.315445,10.763274],[122.3159625,10.7632381],[122.316515,10.7631799],[122.316963,10.7630809],[122.3174913,10.7629641],[122.318787,10.7625599]]}},{"type":"Feature","id":488843719,"properties":{"osmWayId":488843719,"name":"Paz Street","nameNormalized":"paz street","highway":"residential","routingClass":"local","surface":null,"tracktype":null},"geometry":{"type":"LineString","coordinates":[[122.3165015,10.7638869],[122.3159625,10.7632381]]}},{"type":"Feature","id":488962241,"properties":{"osmWayId":488962241,"name":null,"nameNormalized":null,"highway":"service","routingClass":"local","surface":null,"tracktype":null},"geometry":{"type":"LineString","coordinates":[[122.3173019,10.7622182],[122.317605,10.7621569]]}},{"type":"Feature","id":493912195,"properties":{"osmWayId":493912195,"name":null,"nameNormalized":null,"highway":"residential","routingClass":"local","surface":null,"tracktype":null},"geometry":{"type":"LineString","coordinates":[[122.2840469,10.7803731],[122.2841812,10.7804768],[122.284357,10.7805702],[122.2844826,10.7806475]]}},{"type":"Feature","id":557519047,"properties":{"osmWayId":557519047,"name":null,"nameNormalized":null,"highway":"service","routingClass":"local","surface":null,"tracktype":null},"geometry":{"type":"LineString","coordinates":[[122.2739777,10.7844753],[122.2738865,10.7844377],[122.2737068,10.7843718],[122.2734855,10.784306],[122.273338,10.7842572],[122.2731543,10.7842137],[122.2730727,10.7841562],[122.2729824,10.7840291]]}},{"type":"Feature","id":557520017,"properties":{"osmWayId":557520017,"name":null,"nameNormalized":null,"highway":"service","routingClass":"local","surface":null,"tracktype":null},"geometry":{"type":"LineString","coordinates":[[122.2860848,10.7580729],[122.2861898,10.7583398]]}},{"type":"Feature","id":589557425,"properties":{"osmWayId":589557425,"name":"TSCGMPC Road","nameNormalized":"tscgmpc","highway":"residential","routingClass":"local","surface":null,"tracktype":null},"geometry":{"type":"LineString","coordinates":[[122.3074422,10.7780797],[122.307535,10.778083],[122.3076632,10.7781093],[122.3078446,10.7781351],[122.307913,10.7781615],[122.308035,10.7782286],[122.3081651,10.7782194],[122.3082925,10.7781443],[122.308377,10.7780297],[122.3084548,10.7779493],[122.3085541,10.7779243],[122.3088415,10.7778922]]}},{"type":"Feature","id":589558276,"properties":{"osmWayId":589558276,"name":"Buenavista- San Jose Road","nameNormalized":"buenavista san jose","highway":"residential","routingClass":"local","surface":null,"tracktype":null},"geometry":{"type":"LineString","coordinates":[[122.308801,10.7778229],[122.3083851,10.7779098],[122.3082375,10.7779573],[122.3081008,10.7779941],[122.3080096,10.77801],[122.3078996,10.7779836],[122.3077467,10.7778993],[122.3075822,10.7778397],[122.3074409,10.7777886],[122.3072099,10.7776996],[122.3071479,10.7776491],[122.3070948,10.7775935],[122.3070594,10.7775448],[122.30704,10.7774996],[122.3069108,10.7773675],[122.3067958,10.777258],[122.3067338,10.7772146],[122.306702,10.7771885],[122.306663,10.7770407],[122.3066417,10.7770058],[122.3066176,10.7769762],[122.3065867,10.7769571],[122.3062588,10.776903],[122.306114,10.7768997],[122.3059718,10.7768721],[122.3058189,10.7768194],[122.3056925,10.7768014],[122.3053756,10.7767004],[122.3052335,10.776682],[122.3051128,10.7766978],[122.3049572,10.7767347],[122.3047748,10.7768032],[122.3046353,10.7768611],[122.3044422,10.7769613],[122.3042141,10.7770697],[122.3038115,10.7772022],[122.3035195,10.7772274],[122.3033962,10.7772274],[122.3032781,10.7772722],[122.3030767,10.777396],[122.3030134,10.7774307],[122.3028953,10.7775282],[122.3027819,10.777562],[122.3025861,10.7776121],[122.3024467,10.7776147],[122.3022857,10.7776174],[122.3021201,10.7776072],[122.3019297,10.7775361],[122.3017996,10.7775045],[122.3015301,10.7774386],[122.3014778,10.7774333],[122.3014161,10.7774386],[122.3010691,10.7775209],[122.300714,10.7776121],[122.3005155,10.7776437],[122.3003089,10.7776911],[122.3001105,10.777728],[122.2997913,10.777728],[122.2995029,10.7776872],[122.2993715,10.777649],[122.2992761,10.7776049],[122.2992347,10.7775383],[122.2992213,10.7774474],[122.2992119,10.7772998],[122.2992159,10.7770904],[122.2991891,10.7769415],[122.2991589,10.7768921],[122.2991328,10.7768374],[122.298937,10.7764764]]}},{"type":"Feature","id":589721841,"properties":{"osmWayId":589721841,"name":null,"nameNormalized":null,"highway":"service","routingClass":"local","surface":null,"tracktype":null},"geometry":{"type":"LineString","coordinates":[[122.3026558,10.7724764],[122.3026502,10.7725534],[122.302604,10.7726503],[122.3025608,10.7727078],[122.3024468,10.7727804],[122.3022127,10.7728742],[122.3020062,10.7729196]]}},{"type":"Feature","id":591505364,"properties":{"osmWayId":591505364,"name":null,"nameNormalized":null,"highway":"service","routingClass":"local","surface":null,"tracktype":null},"geometry":{"type":"LineString","coordinates":[[122.3187079,10.7617024],[122.3187569,10.7617391],[122.3188223,10.7617482],[122.3189694,10.7617643],[122.3191773,10.761775]]}},{"type":"Feature","id":607997367,"properties":{"osmWayId":607997367,"name":null,"nameNormalized":null,"highway":"service","routingClass":"local","surface":null,"tracktype":null},"geometry":{"type":"LineString","coordinates":[[122.3100829,10.7528826],[122.3100725,10.7529612],[122.3100637,10.7530705]]}},{"type":"Feature","id":621685433,"properties":{"osmWayId":621685433,"name":"SES Access Road","nameNormalized":"ses access","highway":"service","routingClass":"local","surface":"paved","tracktype":null},"geometry":{"type":"LineString","coordinates":[[122.3037636,10.785182],[122.3035249,10.7850819],[122.3033345,10.7849976],[122.3031414,10.7849897],[122.3029643,10.7850608],[122.3027176,10.7851583],[122.3024601,10.7853112],[122.3022804,10.7854482],[122.3021167,10.7855457],[122.3019324,10.7856175],[122.3017346,10.7856829],[122.3015221,10.7857356],[122.301258,10.7858002]]}},{"type":"Feature","id":626042869,"properties":{"osmWayId":626042869,"name":null,"nameNormalized":null,"highway":"service","routingClass":"local","surface":null,"tracktype":null},"geometry":{"type":"LineString","coordinates":[[122.3196627,10.7407272],[122.3196224,10.7406989],[122.3196062,10.740671],[122.3195981,10.740615],[122.3195899,10.7404932],[122.3195879,10.7404293],[122.3195879,10.7403994],[122.3195757,10.7403554],[122.3194639,10.7401477]]}},{"type":"Feature","id":628742152,"properties":{"osmWayId":628742152,"name":"Santo Niño Road","nameNormalized":"santo ni o","highway":"unclassified","routingClass":"local","surface":"ground","tracktype":null},"geometry":{"type":"LineString","coordinates":[[122.3008507,10.7824774],[122.3006,10.7825801],[122.3004578,10.7826262],[122.3003398,10.782671],[122.3002513,10.7827488],[122.3001494,10.7828252],[122.300089,10.7828594],[122.2999522,10.7828687],[122.2998543,10.7829029],[122.2997537,10.7829635],[122.2996813,10.7830162],[122.2995933,10.7830848],[122.2995075,10.7831506],[122.299368,10.7832692],[122.2992334,10.7833192],[122.2990617,10.7833851],[122.2987533,10.7834404],[122.2985172,10.7834694],[122.2983885,10.783422],[122.2979003,10.7832718],[122.2975691,10.7833403],[122.2974363,10.7834404],[122.297262,10.7835116],[122.2971292,10.7835379],[122.296991,10.7835458],[122.2969039,10.7834842],[122.2968308,10.7833724],[122.2968023,10.7832446],[122.296786,10.7831288],[122.2966853,10.7829925],[122.2965163,10.7828897],[122.2963795,10.7828449],[122.2961488,10.7827843],[122.2958484,10.7827369],[122.2955856,10.7826262],[122.2953308,10.7822705],[122.2949499,10.7821151],[122.2942525,10.7814432],[122.2942686,10.7811059],[122.2943571,10.7808029],[122.2946763,10.7804209],[122.2948251,10.780106],[122.2948062,10.7798524],[122.2948172,10.7796396],[122.2948734,10.7795144]]}},{"type":"Feature","id":637039800,"properties":{"osmWayId":637039800,"name":null,"nameNormalized":null,"highway":"unclassified","routingClass":"local","surface":null,"tracktype":null},"geometry":{"type":"LineString","coordinates":[[122.2863775,10.7910945],[122.2864942,10.7911446],[122.2865935,10.7912487],[122.2867128,10.7913804],[122.2868013,10.7914634],[122.2869274,10.791553],[122.2870776,10.7916149],[122.2873203,10.7916926],[122.2874719,10.7917322],[122.2876583,10.7917941],[122.2878313,10.7918507],[122.2879533,10.7918586]]}},{"type":"Feature","id":637039801,"properties":{"osmWayId":637039801,"name":null,"nameNormalized":null,"highway":"unclassified","routingClass":"local","surface":null,"tracktype":null},"geometry":{"type":"LineString","coordinates":[[122.2879533,10.7918586],[122.2880231,10.7918402],[122.2881156,10.7918125],[122.2882175,10.7917849],[122.2883409,10.7917559],[122.2884992,10.7916979],[122.2886641,10.7916215],[122.2888063,10.7915543],[122.2888935,10.7914963],[122.2890425,10.7914227],[122.2891965,10.7913781],[122.2893567,10.7913927],[122.2894828,10.7914084],[122.2896483,10.7913728],[122.2898456,10.7913264],[122.2900642,10.7913304],[122.2902131,10.7913817],[122.29037,10.7915082],[122.2905679,10.7916813],[122.2907133,10.7917717],[122.2908837,10.7918547],[122.2910191,10.7918916],[122.2912163,10.7919126],[122.2913542,10.7918989],[122.2914687,10.7918485],[122.2915556,10.7917559]]}},{"type":"Feature","id":639321894,"properties":{"osmWayId":639321894,"name":null,"nameNormalized":null,"highway":"track","routingClass":"local","surface":null,"tracktype":null},"geometry":{"type":"LineString","coordinates":[[122.2702924,10.7459989],[122.2702677,10.7461162],[122.2702003,10.7463406],[122.2701506,10.7464068],[122.2700212,10.7465824],[122.2699164,10.7469154],[122.2698425,10.7470728],[122.2697254,10.7475329],[122.269631,10.7477986],[122.2695525,10.7480554],[122.2694401,10.7482987],[122.2694235,10.7488042],[122.2693536,10.7490142],[122.2692785,10.7490801],[122.2692141,10.749088],[122.2691256,10.7490748],[122.2690532,10.7490537],[122.2689781,10.7490564],[122.2688949,10.7490959],[122.268793,10.7491565],[122.2687125,10.7491618],[122.2686267,10.7491486],[122.2684872,10.749059],[122.2684443,10.7489852],[122.2684014,10.7488956],[122.2684175,10.7488034],[122.2684738,10.7487507],[122.2685087,10.748727]]}},{"type":"Feature","id":649106182,"properties":{"osmWayId":649106182,"name":null,"nameNormalized":null,"highway":"residential","routingClass":"local","surface":null,"tracktype":null},"geometry":{"type":"LineString","coordinates":[[122.291752,10.7490201],[122.2917332,10.7488686],[122.2917011,10.748727],[122.2917346,10.7485544],[122.2917695,10.7484681],[122.2918305,10.7483956],[122.2918629,10.7483393]]}},{"type":"Feature","id":649106196,"properties":{"osmWayId":649106196,"name":null,"nameNormalized":null,"highway":"service","routingClass":"local","surface":null,"tracktype":null},"geometry":{"type":"LineString","coordinates":[[122.2885755,10.7521037],[122.2887665,10.7520765],[122.2888281,10.7517253],[122.288825,10.7514559],[122.288581,10.7510683]]}},{"type":"Feature","id":649109117,"properties":{"osmWayId":649109117,"name":null,"nameNormalized":null,"highway":"residential","routingClass":"local","surface":null,"tracktype":null},"geometry":{"type":"LineString","coordinates":[[122.2770291,10.7436293],[122.2772643,10.7435743],[122.2775085,10.7435048],[122.2785681,10.7427958]]}},{"type":"Feature","id":661328216,"properties":{"osmWayId":661328216,"name":null,"nameNormalized":null,"highway":"track","routingClass":"local","surface":null,"tracktype":null},"geometry":{"type":"LineString","coordinates":[[122.2707684,10.7783495],[122.2706352,10.7783595],[122.2704227,10.7781921],[122.2702826,10.7780315],[122.2702476,10.777809],[122.2702873,10.7776714],[122.2702733,10.7775498],[122.2702172,10.7774168],[122.2702312,10.7772447],[122.2703643,10.7770566],[122.270327,10.7768525],[122.2702686,10.7766828],[122.2701324,10.7765002],[122.2700492,10.7761049],[122.2700761,10.7758309],[122.2701592,10.7756728],[122.2702987,10.7755964],[122.2705589,10.7755964],[122.2707868,10.7756122],[122.2709317,10.7755226],[122.2710336,10.7753645],[122.2710819,10.7751775],[122.2710765,10.775101],[122.2711168,10.7750009],[122.2712348,10.7748771],[122.2713397,10.7747479]]}},{"type":"Feature","id":661329160,"properties":{"osmWayId":661329160,"name":null,"nameNormalized":null,"highway":"service","routingClass":"local","surface":null,"tracktype":null},"geometry":{"type":"LineString","coordinates":[[122.2805732,10.7550658],[122.2803922,10.7549603],[122.2801588,10.7548549]]}},{"type":"Feature","id":706946680,"properties":{"osmWayId":706946680,"name":"Santo Niño Road","nameNormalized":"santo ni o","highway":"unclassified","routingClass":"local","surface":"paved","tracktype":null},"geometry":{"type":"LineString","coordinates":[[122.3011575,10.7822758],[122.3008507,10.7824774]]}},{"type":"Feature","id":750614318,"properties":{"osmWayId":750614318,"name":null,"nameNormalized":null,"highway":"unclassified","routingClass":"local","surface":null,"tracktype":null},"geometry":{"type":"LineString","coordinates":[[122.3207253,10.7559735],[122.3211081,10.7560585],[122.3213039,10.7561079],[122.3213616,10.7562344],[122.3213941,10.756357],[122.3212825,10.7565519],[122.321261,10.7567496],[122.321315,10.7569802],[122.321265,10.7571343],[122.321134,10.7572555],[122.321033,10.7573886],[122.3209888,10.7577259],[122.320962,10.7580421]]}},{"type":"Feature","id":750614319,"properties":{"osmWayId":750614319,"name":null,"nameNormalized":null,"highway":"unclassified","routingClass":"local","surface":null,"tracktype":null},"geometry":{"type":"LineString","coordinates":[[122.321146,10.7602397],[122.3211058,10.7604202],[122.3210947,10.7605546],[122.3212329,10.7607404],[122.321319,10.7609261],[122.3216835,10.7610539],[122.3218283,10.7611883],[122.3218417,10.7614255],[122.3219222,10.7615282],[122.3227376,10.7621185],[122.3229093,10.7623032],[122.3229411,10.7624806],[122.3227677,10.7627344],[122.3224492,10.7630682],[122.3223819,10.7632942],[122.3222793,10.7633811],[122.3220068,10.7634228],[122.3218511,10.7635828],[122.3217667,10.7639543]]}},{"type":"Feature","id":807031266,"properties":{"osmWayId":807031266,"name":null,"nameNormalized":null,"highway":"unclassified","routingClass":"local","surface":null,"tracktype":null},"geometry":{"type":"LineString","coordinates":[[122.3199031,10.7639334],[122.3200216,10.7639254]]}},{"type":"Feature","id":807031267,"properties":{"osmWayId":807031267,"name":null,"nameNormalized":null,"highway":"unclassified","routingClass":"local","surface":null,"tracktype":null},"geometry":{"type":"LineString","coordinates":[[122.3192215,10.7643518],[122.3195245,10.7641464],[122.3197966,10.7639325],[122.3199031,10.7639334]]}},{"type":"Feature","id":914937600,"properties":{"osmWayId":914937600,"name":null,"nameNormalized":null,"highway":"residential","routingClass":"local","surface":null,"tracktype":null},"geometry":{"type":"LineString","coordinates":[[122.2825634,10.7650302],[122.2827512,10.76488],[122.2831133,10.7644386],[122.2833078,10.764245],[122.2834714,10.7641909],[122.2836366,10.7642535],[122.2839031,10.7644577],[122.2840899,10.7645442],[122.2843069,10.7646587],[122.2845443,10.7645585],[122.2849474,10.7643333],[122.2851961,10.76428],[122.2854884,10.7642687],[122.2858077,10.7643525],[122.286057,10.7643767],[122.2862756,10.7644729],[122.2865023,10.7646587],[122.2866699,10.7648945],[122.2868228,10.7652344],[122.2869824,10.7655216],[122.2871239,10.7656956]]}},{"type":"Feature","id":915005754,"properties":{"osmWayId":915005754,"name":null,"nameNormalized":null,"highway":"service","routingClass":"local","surface":null,"tracktype":null},"geometry":{"type":"LineString","coordinates":[[122.282943,10.7636679],[122.2831897,10.7635493]]}},{"type":"Feature","id":915343171,"properties":{"osmWayId":915343171,"name":null,"nameNormalized":null,"highway":"service","routingClass":"local","surface":null,"tracktype":null},"geometry":{"type":"LineString","coordinates":[[122.2746456,10.7413386],[122.2746617,10.741475],[122.2750331,10.7420771],[122.2750975,10.7422734],[122.2751793,10.7424539],[122.2752303,10.7437887]]}},{"type":"Feature","id":915357424,"properties":{"osmWayId":915357424,"name":null,"nameNormalized":null,"highway":"residential","routingClass":"local","surface":null,"tracktype":null},"geometry":{"type":"LineString","coordinates":[[122.305287,10.7692632],[122.3054373,10.7691381],[122.3055795,10.7689432],[122.3056787,10.7688562],[122.3066792,10.7684978],[122.3067999,10.768432],[122.3068616,10.7683397],[122.3070601,10.7677627],[122.3071432,10.7676836],[122.3074838,10.7675334],[122.3076662,10.7674307],[122.3078138,10.7672989],[122.3080498,10.7668773]]}},{"type":"Feature","id":915368059,"properties":{"osmWayId":915368059,"name":"TSCGMPC Road","nameNormalized":"tscgmpc","highway":"service","routingClass":"local","surface":null,"tracktype":null},"geometry":{"type":"LineString","coordinates":[[122.3069437,10.778107],[122.3071485,10.7780871],[122.3072933,10.7780706],[122.3073558,10.7780743],[122.3074422,10.7780797]]}},{"type":"Feature","id":915368490,"properties":{"osmWayId":915368490,"name":null,"nameNormalized":null,"highway":"residential","routingClass":"local","surface":null,"tracktype":null},"geometry":{"type":"LineString","coordinates":[[122.3074422,10.7780797],[122.3071499,10.7784177],[122.3071278,10.7784335],[122.3070708,10.7784427],[122.3068388,10.778417],[122.3063935,10.7784039],[122.3060167,10.7783894],[122.3058343,10.7783393],[122.3056573,10.778226],[122.3054963,10.7781891],[122.3054078,10.7781391],[122.3053381,10.77806],[122.3051208,10.7779309],[122.3049223,10.7778808],[122.3045549,10.7778729]]}},{"type":"Feature","id":915368491,"properties":{"osmWayId":915368491,"name":null,"nameNormalized":null,"highway":"residential","routingClass":"local","surface":null,"tracktype":null},"geometry":{"type":"LineString","coordinates":[[122.307913,10.7781615],[122.3075822,10.7778397]]}},{"type":"Feature","id":915376128,"properties":{"osmWayId":915376128,"name":null,"nameNormalized":null,"highway":"service","routingClass":"local","surface":null,"tracktype":null},"geometry":{"type":"LineString","coordinates":[[122.316152,10.7732526],[122.3161561,10.77358]]}},{"type":"Feature","id":1148722754,"properties":{"osmWayId":1148722754,"name":null,"nameNormalized":null,"highway":"residential","routingClass":"local","surface":null,"tracktype":null},"geometry":{"type":"LineString","coordinates":[[122.3154342,10.7637612],[122.315385,10.7636484],[122.3153664,10.7635833],[122.3153323,10.7634233],[122.3153396,10.7633649],[122.3153581,10.7633237]]}},{"type":"Feature","id":1473262945,"properties":{"osmWayId":1473262945,"name":null,"nameNormalized":null,"highway":"unclassified","routingClass":"local","surface":null,"tracktype":null},"geometry":{"type":"LineString","coordinates":[[122.2902292,10.7503331],[122.2905974,10.7499213],[122.2909563,10.7496119],[122.2914791,10.7492211],[122.291752,10.7490201],[122.2919673,10.7489549],[122.2922375,10.7488917],[122.2924246,10.7487757],[122.2925869,10.7486453],[122.2936933,10.7478434],[122.2938943,10.7477325],[122.2943003,10.7476254],[122.2947588,10.7475478],[122.2952444,10.7474067],[122.2955735,10.7473224],[122.2957938,10.7471477],[122.2959112,10.7468513],[122.295985,10.7465914],[122.2962055,10.7463448],[122.2963521,10.7461657],[122.2964003,10.7458518],[122.2964854,10.7457522],[122.2966838,10.745614],[122.2967992,10.7453039],[122.2969072,10.7450193],[122.2970049,10.7446599],[122.2971511,10.7442551],[122.2973134,10.7438671],[122.2973686,10.7437116],[122.2974088,10.7435526],[122.2975157,10.7434572],[122.2978164,10.743525],[122.2980646,10.7434581],[122.298423,10.743476],[122.2987498,10.7434003],[122.298949,10.7432618],[122.2990348,10.7430152],[122.2990389,10.7427615],[122.2989947,10.7425238],[122.2989555,10.7423829]]}},{"type":"Feature","id":1473263550,"properties":{"osmWayId":1473263550,"name":null,"nameNormalized":null,"highway":"residential","routingClass":"local","surface":"ground","tracktype":null},"geometry":{"type":"LineString","coordinates":[[122.2796157,10.7543938],[122.2801347,10.7546389],[122.2805116,10.7547625]]}},{"type":"Feature","id":1473263551,"properties":{"osmWayId":1473263551,"name":null,"nameNormalized":null,"highway":"service","routingClass":"local","surface":null,"tracktype":null},"geometry":{"type":"LineString","coordinates":[[122.2791973,10.7540526],[122.2799034,10.7544841],[122.2799322,10.7544867],[122.2799201,10.7543675],[122.2799744,10.75421],[122.280242,10.753959],[122.2803031,10.753914]]}},{"type":"Feature","id":1474084581,"properties":{"osmWayId":1474084581,"name":null,"nameNormalized":null,"highway":"unclassified","routingClass":"local","surface":null,"tracktype":null},"geometry":{"type":"LineString","coordinates":[[122.320962,10.7580421],[122.3209717,10.7582239],[122.321087,10.7583556],[122.3211299,10.7585243],[122.3210736,10.7587034],[122.3209636,10.7591145],[122.3209261,10.7594413],[122.3208765,10.759797],[122.3208949,10.7599024],[122.32097,10.7599564],[122.3210773,10.7600197],[122.3211578,10.7601238],[122.321146,10.7602397]]}},{"type":"Feature","id":1474092772,"properties":{"osmWayId":1474092772,"name":null,"nameNormalized":null,"highway":"service","routingClass":"local","surface":"ground","tracktype":null},"geometry":{"type":"LineString","coordinates":[[122.2947648,10.7746241],[122.2953388,10.7752986],[122.2956406,10.7757716],[122.2957733,10.775935],[122.2961394,10.7761576],[122.2963701,10.7763421],[122.2966813,10.7764448],[122.296924,10.7765766],[122.2970061,10.7766931]]}},{"type":"Feature","id":1474092773,"properties":{"osmWayId":1474092773,"name":null,"nameNormalized":null,"highway":"unclassified","routingClass":"local","surface":null,"tracktype":null},"geometry":{"type":"LineString","coordinates":[[122.2709562,10.7871344],[122.2711385,10.7871371],[122.2712405,10.7871041],[122.2713424,10.7870527],[122.2714215,10.7869434],[122.2715985,10.7867761],[122.2719057,10.786593],[122.2722141,10.7864599],[122.2724823,10.7864138]]}},{"type":"Feature","id":1474092782,"properties":{"osmWayId":1474092782,"name":null,"nameNormalized":null,"highway":"service","routingClass":"local","surface":null,"tracktype":null},"geometry":{"type":"LineString","coordinates":[[122.2734258,10.784939],[122.2733702,10.7852367],[122.2733715,10.7853335],[122.2737591,10.7855865],[122.2738141,10.785597]]}},{"type":"Feature","id":1474093304,"properties":{"osmWayId":1474093304,"name":null,"nameNormalized":null,"highway":"residential","routingClass":"local","surface":null,"tracktype":null},"geometry":{"type":"LineString","coordinates":[[122.2903432,10.7731432],[122.2903928,10.773325],[122.2904183,10.7734713],[122.2904317,10.7735898],[122.2903888,10.7737308],[122.2903137,10.7738257]]}},{"type":"Feature","id":1474093305,"properties":{"osmWayId":1474093305,"name":null,"nameNormalized":null,"highway":"residential","routingClass":"local","surface":null,"tracktype":null},"geometry":{"type":"LineString","coordinates":[[122.289583,10.7720825],[122.2897186,10.7722468],[122.2897872,10.7723369],[122.2898349,10.7724173],[122.2899073,10.7725254],[122.289969,10.7726308],[122.2900414,10.7727283],[122.2901474,10.772885],[122.2903432,10.7731432]]}},{"type":"Feature","id":1474097165,"properties":{"osmWayId":1474097165,"name":null,"nameNormalized":null,"highway":"unclassified","routingClass":"local","surface":"unpaved","tracktype":null},"geometry":{"type":"LineString","coordinates":[[122.2781589,10.7546968],[122.2779796,10.7549261],[122.2778213,10.7551646],[122.2775866,10.7553846],[122.2774713,10.755403],[122.2773425,10.7553543],[122.2769168,10.7549716]]}},{"type":"Feature","id":1474298089,"properties":{"osmWayId":1474298089,"name":null,"nameNormalized":null,"highway":"residential","routingClass":"local","surface":"ground","tracktype":null},"geometry":{"type":"LineString","coordinates":[[122.3236902,10.7746815],[122.3239365,10.7746676],[122.3241457,10.7745846],[122.3243496,10.7744173],[122.3245239,10.7742354],[122.3246419,10.774138],[122.3248699,10.7739996],[122.3252401,10.7736966],[122.3258087,10.7733224],[122.3260367,10.7730879],[122.3262137,10.7727401],[122.326321,10.7724028],[122.3263814,10.7722553],[122.3267421,10.7719536],[122.327064,10.7717099],[122.3272933,10.7714872],[122.3275146,10.7712303],[122.3276688,10.7711631],[122.3279639,10.771063],[122.3281503,10.7708864],[122.3282173,10.7708179],[122.3283796,10.770785],[122.3287216,10.7705518],[122.3290059,10.7705057],[122.3291802,10.7705399],[122.3294713,10.7706888],[122.3296751,10.7707481],[122.3298253,10.7707231],[122.3301217,10.7704846],[122.3303483,10.7704029],[122.330748,10.77015],[122.3311731,10.7700274],[122.3313743,10.7700077],[122.3314829,10.7699826],[122.3315661,10.7699089],[122.3316143,10.7697745],[122.331727,10.7696941],[122.3318396,10.7697152],[122.3319456,10.7697257],[122.3321213,10.7696131],[122.3322353,10.7694543],[122.3323533,10.7693726],[122.332643,10.7692778],[122.332782,10.7692107]]}},{"type":"Feature","id":1501063054,"properties":{"osmWayId":1501063054,"name":null,"nameNormalized":null,"highway":"residential","routingClass":"local","surface":"unpaved","tracktype":null},"geometry":{"type":"LineString","coordinates":[[122.3192414,10.7765055],[122.3190173,10.7765897],[122.318674,10.7766187],[122.3184675,10.7766872],[122.3183307,10.7767557],[122.3180988,10.7769107],[122.3179177,10.7770583],[122.3178037,10.7771307],[122.3176951,10.77719],[122.3175704,10.77719],[122.317477,10.7771941],[122.3173285,10.7772524],[122.3171922,10.7773494],[122.3171117,10.7774548],[122.3170648,10.7774996],[122.3169977,10.7775431],[122.3169106,10.7775642],[122.3167966,10.7775734],[122.3166719,10.7776169],[122.3165948,10.7776173]]}},{"type":"Feature","id":245936072,"properties":{"osmWayId":245936072,"name":null,"nameNormalized":null,"highway":"unclassified","routingClass":"local","surface":null,"tracktype":null},"geometry":{"type":"LineString","coordinates":[[122.3297532,10.7491419],[122.3302973,10.7493323],[122.3307767,10.7495167],[122.3313931,10.7497769],[122.3318209,10.7498827],[122.3323442,10.7500037],[122.3326889,10.7499432],[122.333203,10.7499432],[122.3336447,10.7499293],[122.3351956,10.7502325],[122.3355524,10.750085],[122.3357639,10.7500248],[122.335964,10.7499492],[122.3365751,10.7499101],[122.336913,10.7498311],[122.3372537,10.7496892],[122.3374261,10.749544],[122.3375369,10.7494352],[122.3376939,10.7493263],[122.3378577,10.7492359]]}},{"type":"Feature","id":245936077,"properties":{"osmWayId":245936077,"name":null,"nameNormalized":null,"highway":"unclassified","routingClass":"local","surface":null,"tracktype":null},"geometry":{"type":"LineString","coordinates":[[122.3425603,10.7386572],[122.3426865,10.7386572],[122.3430313,10.7386844],[122.3434868,10.7385544],[122.3439647,10.7383833],[122.3443414,10.7383542],[122.3443979,10.7383578],[122.344715,10.7383125],[122.345072,10.738128],[122.3454537,10.738007],[122.3459677,10.7380947],[122.3464738,10.7381954],[122.3472359,10.7382369],[122.3478806,10.7384076],[122.348147,10.7384183],[122.3487749,10.7382852],[122.3490212,10.7380312],[122.3496214,10.737632],[122.3499354,10.737632],[122.3504894,10.7376502],[122.3509696,10.737623],[122.3515175,10.7376411],[122.3521146,10.7378165],[122.3526749,10.7378679],[122.3530535,10.7379828],[122.353389,10.738249],[122.353754,10.738603],[122.3540736,10.7389135],[122.35441,10.7392761],[122.3546167,10.7395102]]}},{"type":"Feature","id":246006202,"properties":{"osmWayId":246006202,"name":null,"nameNormalized":null,"highway":"unclassified","routingClass":"local","surface":null,"tracktype":null},"geometry":{"type":"LineString","coordinates":[[122.3739442,10.7849993],[122.3741431,10.784974],[122.3749481,10.7846734],[122.375207,10.7846595],[122.3755271,10.7848769],[122.3758096,10.7852098],[122.3763745,10.7854226],[122.3766005,10.7855706],[122.3769253,10.7857],[122.3771136,10.7856769],[122.3772454,10.7855798],[122.3773066,10.7853995],[122.3772737,10.7852283],[122.3771466,10.7850387],[122.3769865,10.7847335],[122.3770336,10.7845254],[122.3772172,10.7843728],[122.3776032,10.7838919],[122.3779469,10.7837624],[122.3786389,10.7836468],[122.3791944,10.7834433],[122.3797173,10.7832224]]}},{"type":"Feature","id":252543349,"properties":{"osmWayId":252543349,"name":null,"nameNormalized":null,"highway":"unclassified","routingClass":"local","surface":null,"tracktype":null},"geometry":{"type":"LineString","coordinates":[[122.3580707,10.7547207],[122.3580301,10.7548536],[122.3579952,10.7549432],[122.3579898,10.755183],[122.3578316,10.7553279],[122.3576492,10.7554017],[122.3573521,10.7554967],[122.3571269,10.7555401],[122.3569178,10.7556429],[122.3564238,10.7559131],[122.3562301,10.7560219],[122.3561431,10.7560569],[122.3559967,10.7560763],[122.3558979,10.7560336],[122.3557516,10.7558316],[122.355616,10.7556631],[122.3554631,10.7555155],[122.3552566,10.7553758],[122.3550476,10.7552809],[122.3547373,10.7551507],[122.3545519,10.7551255],[122.3543184,10.7550944],[122.3541421,10.75509],[122.3539658,10.7552276],[122.3538694,10.7553549],[122.3538196,10.7555119],[122.3537407,10.7557914],[122.3536562,10.7560541],[122.353605,10.7562936],[122.3534713,10.7565447],[122.3533764,10.756656],[122.3532039,10.7567321],[122.3530309,10.7568055],[122.3528146,10.7568828],[122.3525944,10.7569214],[122.3524017,10.7569485],[122.3521386,10.7570276],[122.3520702,10.7570566],[122.3517872,10.7570908],[122.3514461,10.7571262]]}},{"type":"Feature","id":252543351,"properties":{"osmWayId":252543351,"name":null,"nameNormalized":null,"highway":"unclassified","routingClass":"local","surface":null,"tracktype":null},"geometry":{"type":"LineString","coordinates":[[122.3514461,10.7571262],[122.351334,10.7571552],[122.3511256,10.7572035],[122.3508927,10.7572832],[122.3507127,10.7573213],[122.3505588,10.7573398],[122.3504274,10.7573491],[122.3503683,10.7574386],[122.350316,10.757573],[122.3501995,10.7579027],[122.3501366,10.7580592],[122.3499596,10.7581867],[122.3497099,10.7582852],[122.3494936,10.7583277],[122.3493658,10.7583702],[122.3492281,10.7584204],[122.3491613,10.7584591],[122.3490531,10.7585672],[122.3489441,10.7586363],[122.3488234,10.7586771],[122.3486544,10.7586468],[122.3485619,10.7586047],[122.3484303,10.7587224],[122.3483365,10.7588337],[122.3482427,10.759011],[122.3480657,10.7591435],[122.3477224,10.7591646],[122.3475426,10.7590592],[122.3473415,10.7589354],[122.3470679,10.7588721],[122.3468479,10.7587641],[122.3464537,10.7585296],[122.3461264,10.7585019],[122.345535,10.75849],[122.345189,10.7584848],[122.3446298,10.7585164],[122.3443535,10.7585309],[122.3440061,10.7585796],[122.3435743,10.7587509],[122.3431894,10.7588273],[122.3428649,10.7588089],[122.342374,10.7587707],[122.3422386,10.7586547],[122.3420683,10.7584136],[122.3419811,10.7582239],[122.3420079,10.7580816],[122.3421796,10.7578958],[122.3422158,10.7577944]]}},{"type":"Feature","id":252543360,"properties":{"osmWayId":252543360,"name":null,"nameNormalized":null,"highway":"residential","routingClass":"local","surface":null,"tracktype":null},"geometry":{"type":"LineString","coordinates":[[122.3580332,10.764659],[122.3579003,10.7647078],[122.3577723,10.7647969],[122.3576869,10.7648807],[122.3576442,10.7649698],[122.3575909,10.7650484],[122.3574895,10.7651271],[122.3572952,10.7652476],[122.357089,10.7653476]]}},{"type":"Feature","id":274456324,"properties":{"osmWayId":274456324,"name":null,"nameNormalized":null,"highway":"track","routingClass":"local","surface":null,"tracktype":null},"geometry":{"type":"LineString","coordinates":[[122.3635018,10.7921748],[122.3636421,10.792265],[122.3637508,10.7923932],[122.3637071,10.7926067],[122.3636081,10.7928787],[122.3636207,10.7931884],[122.3635797,10.7933762],[122.3634587,10.7936109],[122.3632892,10.7938257],[122.3632581,10.7939141],[122.3632416,10.7940837]]}},{"type":"Feature","id":274456332,"properties":{"osmWayId":274456332,"name":null,"nameNormalized":null,"highway":"residential","routingClass":"local","surface":null,"tracktype":null},"geometry":{"type":"LineString","coordinates":[[122.3648361,10.785958],[122.3650159,10.785568],[122.3652197,10.7853836],[122.3654598,10.7851768],[122.3657089,10.7848732],[122.3660418,10.7844311],[122.3662698,10.7840543],[122.3664013,10.7837434],[122.3667047,10.7833523],[122.3668438,10.7831954],[122.3668344,10.7830926],[122.3667117,10.7830178],[122.3663825,10.782895],[122.366129,10.7827251]]}},{"type":"Feature","id":274456333,"properties":{"osmWayId":274456333,"name":null,"nameNormalized":null,"highway":"residential","routingClass":"local","surface":null,"tracktype":null},"geometry":{"type":"LineString","coordinates":[[122.3646726,10.7677423],[122.3645157,10.7679208],[122.3643547,10.7680789],[122.3642885,10.7682399],[122.364307,10.7683716],[122.3643722,10.7686151],[122.3642501,10.7690445],[122.3642032,10.7692093],[122.3640798,10.7694128],[122.3640396,10.7696968],[122.3639953,10.7698838],[122.3639055,10.7699563],[122.3636198,10.7700156],[122.3634535,10.7702975],[122.3633596,10.770619],[122.3631984,10.7708855],[122.3629821,10.7712943],[122.3629659,10.7715197],[122.3631162,10.7717852],[122.3632832,10.7718904],[122.3635581,10.7720629],[122.3636051,10.7721683],[122.3637003,10.7722421],[122.3638491,10.7724081]]}},{"type":"Feature","id":274456335,"properties":{"osmWayId":274456335,"name":null,"nameNormalized":null,"highway":"residential","routingClass":"local","surface":null,"tracktype":null},"geometry":{"type":"LineString","coordinates":[[122.3736966,10.7857497],[122.3739535,10.7859227],[122.3740997,10.7859844],[122.3740502,10.7862502],[122.3739676,10.7866153],[122.3737739,10.7869558],[122.3734905,10.7873986],[122.3732004,10.7876158],[122.3729392,10.7877411],[122.3728575,10.7877262],[122.3724604,10.7875333],[122.372161,10.7875018],[122.3719577,10.7875247],[122.3719381,10.7875666],[122.3719936,10.787994],[122.3720293,10.7881474],[122.3720069,10.7882274],[122.3718644,10.7883499],[122.3717727,10.788413]]}},{"type":"Feature","id":274456367,"properties":{"osmWayId":274456367,"name":null,"nameNormalized":null,"highway":"residential","routingClass":"local","surface":null,"tracktype":null},"geometry":{"type":"LineString","coordinates":[[122.3664341,10.7674909],[122.3664334,10.7672831],[122.3664375,10.7672005],[122.3664361,10.7670209],[122.3664831,10.7669867],[122.3665944,10.7669129],[122.3668371,10.7667377],[122.3671479,10.7665657],[122.3674875,10.7663141],[122.3677408,10.765969],[122.3679247,10.7656521],[122.3681071,10.7653174],[122.3684237,10.7652166],[122.3686141,10.7651356],[122.3688344,10.7649966],[122.3689855,10.7647233],[122.3690188,10.764663],[122.3691791,10.7644126],[122.3692608,10.7641598],[122.3692454,10.7639323],[122.3692739,10.7637707],[122.3693946,10.7636126],[122.3696092,10.7634255],[122.3700405,10.7631798],[122.3705466,10.7629069],[122.3706979,10.7627136],[122.3707475,10.7625945],[122.3707657,10.7622873],[122.3708154,10.761876],[122.3708886,10.7611435],[122.3709056,10.7605845],[122.3709195,10.7601822],[122.3709935,10.7598373],[122.3711429,10.7596559],[122.3713344,10.7594883],[122.3717636,10.7591213],[122.3719905,10.7589014],[122.3722243,10.7586771]]}},{"type":"Feature","id":274456369,"properties":{"osmWayId":274456369,"name":null,"nameNormalized":null,"highway":"residential","routingClass":"local","surface":null,"tracktype":null},"geometry":{"type":"LineString","coordinates":[[122.3581709,10.796729],[122.3583166,10.7964887],[122.3584125,10.7962638],[122.3586081,10.7961795],[122.3588343,10.7960156],[122.3590882,10.7958002],[122.3593122,10.7956764],[122.3594946,10.7956382],[122.3598942,10.7953378],[122.3601638,10.7951323],[122.3603904,10.7948702],[122.3606097,10.79471],[122.3609349,10.7946409],[122.3612158,10.7944507],[122.3614944,10.7943388],[122.3621285,10.7943221],[122.3624597,10.7943551],[122.3627897,10.7944078],[122.3629396,10.7943136],[122.363141,10.7941364],[122.3632416,10.7940837],[122.3633261,10.79406],[122.3636066,10.7940786],[122.3637705,10.7941339],[122.3638317,10.79428],[122.3638426,10.7945523],[122.363868,10.7947702],[122.3639331,10.7949244],[122.3641738,10.7951472],[122.3642668,10.7952877],[122.3643333,10.7955209],[122.3644888,10.7957686],[122.3646873,10.7959688],[122.3649628,10.7960928],[122.3651567,10.7962758],[122.365225,10.7963824]]}},{"type":"Feature","id":274456371,"properties":{"osmWayId":274456371,"name":null,"nameNormalized":null,"highway":"unclassified","routingClass":"local","surface":null,"tracktype":null},"geometry":{"type":"LineString","coordinates":[[122.3648361,10.785958],[122.3644406,10.7862202],[122.3640301,10.786364],[122.3635499,10.7865288],[122.3632375,10.7868101],[122.3631155,10.7868393],[122.3629429,10.7868008],[122.3625898,10.786461],[122.3625211,10.7862173],[122.362386,10.7860832],[122.3621526,10.7860463],[122.361993,10.7862428],[122.3616712,10.7869386],[122.3614229,10.7873263],[122.3611652,10.7877471],[122.3609738,10.7879699],[122.3605002,10.7882506],[122.3600327,10.788543],[122.3599133,10.7887229],[122.3598008,10.789195],[122.3597875,10.7892925],[122.3595334,10.7893646],[122.3591856,10.7894938],[122.3588206,10.7896666],[122.3584148,10.7897212],[122.3582675,10.7898547],[122.3581351,10.7899748],[122.3580607,10.7903366],[122.3580473,10.7905986],[122.3580797,10.7906466],[122.3582299,10.7907099],[122.3583009,10.7909051],[122.3583358,10.7910761],[122.3583807,10.7913255],[122.3583129,10.7916716],[122.3582147,10.7920441],[122.3582768,10.7922275],[122.3585585,10.7926807],[122.3586684,10.7930588],[122.3588173,10.7937675],[122.3589221,10.7940262]]}},{"type":"Feature","id":274456387,"properties":{"osmWayId":274456387,"name":null,"nameNormalized":null,"highway":"residential","routingClass":"local","surface":null,"tracktype":null},"geometry":{"type":"LineString","coordinates":[[122.3709935,10.7598373],[122.3706129,10.7596042],[122.3703112,10.7593566],[122.3701744,10.7592075],[122.3700692,10.7592002],[122.3699337,10.7592213]]}},{"type":"Feature","id":274456405,"properties":{"osmWayId":274456405,"name":null,"nameNormalized":null,"highway":"residential","routingClass":"local","surface":"unpaved","tracktype":null},"geometry":{"type":"LineString","coordinates":[[122.3730361,10.7616249],[122.373088,10.7615625],[122.3730826,10.7612726],[122.3731409,10.7611154],[122.373106,10.7608862],[122.3731489,10.7607122],[122.373224,10.7605278],[122.373401,10.7604145],[122.3737095,10.760288],[122.3738409,10.7602933],[122.3739589,10.7603644],[122.3740743,10.7604303],[122.3741816,10.7604329],[122.3743264,10.7603829],[122.3744605,10.760367],[122.3746188,10.7603987],[122.3747422,10.7604303],[122.3748333,10.7605489],[122.3749514,10.7610706]]}},{"type":"Feature","id":275567058,"properties":{"osmWayId":275567058,"name":null,"nameNormalized":null,"highway":"unclassified","routingClass":"local","surface":null,"tracktype":null},"geometry":{"type":"LineString","coordinates":[[122.3369009,10.7650267],[122.3367387,10.7652186],[122.3367307,10.765382],[122.3368058,10.7657548],[122.3367964,10.7662216],[122.336736,10.7668431],[122.336798,10.7670968],[122.3369384,10.7673638],[122.336964,10.7674557],[122.3366954,10.7676029],[122.3364592,10.7677251],[122.3362782,10.7679072],[122.3360145,10.7682633],[122.3358173,10.7687062],[122.3356862,10.76876],[122.3353829,10.7688064],[122.3347729,10.768935],[122.3343224,10.7690654],[122.3338649,10.7690125],[122.3333474,10.769058],[122.3329733,10.7690937],[122.3328173,10.7691072]]}},{"type":"Feature","id":302137244,"properties":{"osmWayId":302137244,"name":null,"nameNormalized":null,"highway":"unclassified","routingClass":"local","surface":"unpaved","tracktype":null},"geometry":{"type":"LineString","coordinates":[[122.3287867,10.7549504],[122.3285129,10.7550364],[122.3281814,10.7550279],[122.3281245,10.7551087],[122.3284196,10.7553756],[122.3284984,10.7555521],[122.3284736,10.7558197],[122.3283871,10.7559229],[122.3282267,10.7559656],[122.3280201,10.7560504],[122.3278773,10.7563093],[122.32777,10.756484],[122.3274862,10.7564952],[122.3269096,10.7567381],[122.3266822,10.7566661],[122.3263251,10.756349],[122.3260333,10.7562285],[122.3259189,10.7559161],[122.3258657,10.7556116],[122.3257628,10.7554975],[122.3253897,10.7553956],[122.3252083,10.7551616],[122.3249038,10.755077],[122.3244549,10.7548597],[122.3241842,10.7546676],[122.3237306,10.7544241],[122.3232639,10.7542736],[122.3227134,10.7541817],[122.3224264,10.754237],[122.3222321,10.7543009],[122.3220211,10.754452],[122.3217919,10.7545173],[122.3216386,10.7543966],[122.3213948,10.754203]]}},{"type":"Feature","id":480141060,"properties":{"osmWayId":480141060,"name":"Binulbog Road","nameNormalized":"binulbog","highway":"unclassified","routingClass":"local","surface":null,"tracktype":null},"geometry":{"type":"LineString","coordinates":[[122.3326349,10.7870027],[122.3325538,10.7869347],[122.3324891,10.7868798],[122.3324391,10.7867998],[122.3322996,10.7867511],[122.3320261,10.7867037],[122.3315473,10.7867155],[122.3313048,10.7867691],[122.331244,10.786734],[122.3312046,10.7866726],[122.3311804,10.786585],[122.3311409,10.7863809],[122.3311624,10.7862412],[122.3313367,10.7860911],[122.3314548,10.7859119],[122.331621,10.7850767],[122.3317096,10.7848053],[122.3318012,10.7846331],[122.3318398,10.7845572],[122.3321035,10.7841709],[122.332133,10.7841218],[122.3321989,10.7839566],[122.3322285,10.7838919],[122.3323035,10.7838293],[122.3323717,10.7837378],[122.3325103,10.7835078],[122.3327171,10.7833783],[122.3327666,10.7833566],[122.3330581,10.7832287],[122.3332854,10.7831483],[122.333399,10.7831283],[122.3335036,10.7831506],[122.333674,10.7831573],[122.3339013,10.7831305],[122.3341491,10.7830211],[122.3344173,10.782809],[122.3345514,10.7826192],[122.3347173,10.7824182],[122.3349605,10.7822307],[122.3350174,10.7821719],[122.3350623,10.7821092],[122.3350902,10.7820076],[122.33509,10.7818824],[122.3350923,10.7817908],[122.3351809,10.7814983],[122.335215,10.7813599],[122.3352423,10.7812326],[122.3352628,10.7810084],[122.3352326,10.7807806],[122.3352074,10.7806271],[122.3352578,10.7804538],[122.3353133,10.7803696],[122.3353939,10.7803052],[122.3355149,10.7802854]]}},{"type":"Feature","id":480152241,"properties":{"osmWayId":480152241,"name":null,"nameNormalized":null,"highway":"service","routingClass":"local","surface":null,"tracktype":null},"geometry":{"type":"LineString","coordinates":[[122.3353885,10.7724851],[122.3354248,10.7726082],[122.3354472,10.7726827],[122.3354522,10.77275],[122.3354537,10.7727893],[122.3354439,10.7728272],[122.3354236,10.7728373],[122.3354069,10.772869]]}},{"type":"Feature","id":480359259,"properties":{"osmWayId":480359259,"name":null,"nameNormalized":null,"highway":"unclassified","routingClass":"local","surface":null,"tracktype":null},"geometry":{"type":"LineString","coordinates":[[122.3397548,10.7730128],[122.3397774,10.7729091],[122.3398267,10.7728244],[122.3399006,10.7728062],[122.3400362,10.7728122],[122.3401101,10.7728607],[122.3402524,10.7728679],[122.3403664,10.7728086],[122.3404059,10.7727033],[122.3403852,10.7726176],[122.3403195,10.7725254],[122.3403168,10.7724187],[122.3403798,10.7723317],[122.3405166,10.772337],[122.3406955,10.7723582],[122.3408921,10.7723422],[122.3412008,10.7722129],[122.3412994,10.7721585],[122.3413302,10.7720737],[122.3413364,10.7719466],[122.3412994,10.7718437],[122.3411646,10.7716215],[122.341112,10.7715531],[122.3410919,10.7714477],[122.3411716,10.7710067],[122.3411856,10.7708828],[122.3411623,10.7707911],[122.3411132,10.7707039],[122.3410198,10.7706511],[122.3409311,10.7706076],[122.3408611,10.7705456],[122.3407256,10.7703048],[122.3406276,10.7702073],[122.3405272,10.7701201],[122.3404746,10.7700352],[122.3403894,10.7698403],[122.3402586,10.769713],[122.3401104,10.7695077],[122.340017,10.7693563],[122.3398523,10.769136],[122.3397122,10.7688745],[122.3396118,10.7686887],[122.3395698,10.768628],[122.3395313,10.7685855],[122.3394706,10.7685362],[122.339404,10.7684926],[122.3393258,10.768472],[122.339268,10.7684498],[122.3392097,10.768401],[122.3391641,10.7683483],[122.3391218,10.768266],[122.3390964,10.7682014],[122.3390588,10.7681448],[122.3389891,10.7680011],[122.3389341,10.7679616],[122.3388724,10.7679326],[122.3386942,10.7678687],[122.3385984,10.7678748],[122.3385125,10.7679144],[122.3384379,10.7680341],[122.3383333,10.7681579],[122.3382354,10.7682436],[122.3380968,10.7682754],[122.3379975,10.7682517],[122.3379144,10.768141],[122.3378178,10.7680224],[122.3377016,10.7678654],[122.3376775,10.76776],[122.3376493,10.7676151],[122.3375756,10.7675084],[122.3375045,10.7674399],[122.3373972,10.7673477],[122.33731,10.7673121],[122.3371907,10.7673319],[122.3370512,10.7673898],[122.336964,10.7674557]]}},{"type":"Feature","id":480545094,"properties":{"osmWayId":480545094,"name":null,"nameNormalized":null,"highway":"unclassified","routingClass":"local","surface":null,"tracktype":null},"geometry":{"type":"LineString","coordinates":[[122.324917,10.7927118],[122.3251699,10.7929191],[122.3253903,10.7930634],[122.3255177,10.7932551],[122.3256622,10.7933016],[122.3263161,10.7932664],[122.3264117,10.7932587],[122.3265006,10.7932429],[122.3266851,10.7932015],[122.3267403,10.7932063],[122.326802,10.7932502],[122.3270028,10.7933811],[122.3271,10.7934319],[122.3271739,10.7935023],[122.3272247,10.7936351],[122.3271838,10.7938476],[122.327179,10.793987],[122.3272391,10.7940625],[122.3275059,10.7942963],[122.3275757,10.7943907],[122.3276454,10.794556],[122.3277086,10.7946482],[122.3279021,10.7947852],[122.3279722,10.7948421],[122.3280444,10.794948],[122.3281357,10.7950519],[122.3282546,10.7951526],[122.3283705,10.7952426],[122.3284661,10.7953468],[122.3286626,10.7956732],[122.3288227,10.7958227],[122.3290853,10.7959232],[122.3293136,10.7959492],[122.3295252,10.7959232],[122.3297175,10.7958571],[122.3298715,10.7958223],[122.330158,10.7958316],[122.3305179,10.7958099],[122.3308088,10.7958949],[122.3310492,10.7958878],[122.3314602,10.7957957],[122.3316694,10.7958146],[122.3317319,10.7958359],[122.3320251,10.7957343],[122.3322583,10.7957863],[122.3324242,10.7957579],[122.3326872,10.7957673],[122.33293,10.7957541],[122.3330855,10.7957449],[122.3332054,10.7957107],[122.3333256,10.7956163],[122.3334242,10.7953707],[122.3334747,10.7951865],[122.3336021,10.7949102],[122.3337054,10.7944332],[122.333744,10.7942655],[122.3337655,10.7941829],[122.3337944,10.7940767],[122.3338521,10.7939256],[122.3339602,10.7938783],[122.3342271,10.7938028],[122.3345447,10.7937214]]}},{"type":"Feature","id":480545095,"properties":{"osmWayId":480545095,"name":null,"nameNormalized":null,"highway":"residential","routingClass":"local","surface":null,"tracktype":null},"geometry":{"type":"LineString","coordinates":[[122.333744,10.7942655],[122.3335444,10.7942892],[122.3332439,10.7943978]]}},{"type":"Feature","id":480768516,"properties":{"osmWayId":480768516,"name":null,"nameNormalized":null,"highway":"unclassified","routingClass":"local","surface":null,"tracktype":null},"geometry":{"type":"LineString","coordinates":[[122.3327666,10.7833566],[122.3326125,10.783147],[122.3324938,10.782908],[122.3323395,10.7827623],[122.3320725,10.7826107],[122.3319716,10.7824591],[122.3319835,10.7822784],[122.3320606,10.7820977],[122.3321318,10.7815031],[122.3322802,10.7812233],[122.3328142,10.7809494],[122.3331347,10.7806987],[122.3332177,10.7804072],[122.3331999,10.7801274],[122.3331881,10.7800341],[122.3333839,10.779084],[122.3335263,10.7789149],[122.3338408,10.7788333],[122.3344126,10.7784532],[122.3345648,10.7781979],[122.3346597,10.7781221],[122.3354015,10.7779822],[122.3356363,10.7778466],[122.3358348,10.7777781],[122.3359448,10.7776938],[122.335993,10.777562],[122.3360091,10.7774013],[122.3361057,10.777267],[122.3363925,10.7769796],[122.3366234,10.776624],[122.3369318,10.7762472],[122.3372242,10.7761497],[122.337656,10.7758203],[122.337774,10.775657],[122.3379135,10.775628],[122.3387557,10.7753777],[122.3390615,10.7753724],[122.3393887,10.775267],[122.339732,10.7753013],[122.3401827,10.7751748],[122.3406091,10.7750272],[122.3410168,10.7750246],[122.3412314,10.7750009],[122.3415506,10.7749824],[122.3416901,10.7748639],[122.3417383,10.7747216],[122.3417062,10.7745398],[122.3416418,10.7743922],[122.3416136,10.7742341]]}},{"type":"Feature","id":480768517,"properties":{"osmWayId":480768517,"name":null,"nameNormalized":null,"highway":"unclassified","routingClass":"local","surface":null,"tracktype":null},"geometry":{"type":"LineString","coordinates":[[122.3448682,10.7875434],[122.344743,10.7874321],[122.3446271,10.7873435],[122.3444703,10.7873268],[122.3442559,10.7874512],[122.3440147,10.7874912],[122.3438282,10.7874158],[122.3438175,10.7872311],[122.343915,10.7871067],[122.3440325,10.7870377],[122.3441175,10.7869091],[122.3441488,10.7868196],[122.3442864,10.7866101],[122.344324,10.7864836],[122.3442852,10.7863507],[122.3438251,10.7860963],[122.343574,10.7859392],[122.3434279,10.7858148],[122.343272,10.7857478],[122.3430479,10.7857478],[122.3427849,10.7859392],[122.3419568,10.7865229],[122.341685,10.7867019],[122.341454,10.7867471],[122.3411452,10.7867292],[122.3408516,10.7868869],[122.3404663,10.7871163],[122.339636,10.7874734],[122.3393557,10.787566],[122.3387209,10.7876851]]}},{"type":"Feature","id":482963816,"properties":{"osmWayId":482963816,"name":"Jamog Road","nameNormalized":"jamog","highway":"residential","routingClass":"local","surface":null,"tracktype":null},"geometry":{"type":"LineString","coordinates":[[122.3579746,10.7604367],[122.3578852,10.7604393],[122.3577699,10.7604532],[122.3576425,10.7604861],[122.3574561,10.7605177],[122.3570994,10.7605072],[122.3567976,10.7605032],[122.3565152,10.760451],[122.3561684,10.7603526],[122.3560359,10.7603372]]}},{"type":"Feature","id":482963817,"properties":{"osmWayId":482963817,"name":"Jamog Road","nameNormalized":"jamog","highway":"residential","routingClass":"local","surface":null,"tracktype":null},"geometry":{"type":"LineString","coordinates":[[122.3579746,10.7604367],[122.3581434,10.7604878]]}},{"type":"Feature","id":483361921,"properties":{"osmWayId":483361921,"name":null,"nameNormalized":null,"highway":"service","routingClass":"local","surface":null,"tracktype":null},"geometry":{"type":"LineString","coordinates":[[122.3651795,10.7676981],[122.3653364,10.7675598],[122.3654866,10.7675018],[122.365618,10.7674438],[122.3657441,10.7673569],[122.365846,10.7672594],[122.3659426,10.767212],[122.3660442,10.7671384]]}},{"type":"Feature","id":485988241,"properties":{"osmWayId":485988241,"name":null,"nameNormalized":null,"highway":"service","routingClass":"local","surface":"concrete","tracktype":null},"geometry":{"type":"LineString","coordinates":[[122.3503533,10.7689945],[122.3504158,10.7689147],[122.3505233,10.7688092],[122.3506476,10.7687093],[122.3507178,10.7686551],[122.350739,10.7686324],[122.3506728,10.7684978],[122.3508042,10.7682844],[122.3509397,10.7681092],[122.3510389,10.7680288]]}},{"type":"Feature","id":553202343,"properties":{"osmWayId":553202343,"name":null,"nameNormalized":null,"highway":"service","routingClass":"local","surface":null,"tracktype":null},"geometry":{"type":"LineString","coordinates":[[122.3790959,10.7776317],[122.3792936,10.7775505],[122.3794237,10.7775106],[122.3795375,10.7774866],[122.3797083,10.7774906],[122.3798506,10.7774866],[122.3800132,10.7774626]]}},{"type":"Feature","id":554626696,"properties":{"osmWayId":554626696,"name":null,"nameNormalized":null,"highway":"residential","routingClass":"local","surface":null,"tracktype":null},"geometry":{"type":"LineString","coordinates":[[122.366129,10.7827251],[122.3656104,10.7822276],[122.3653391,10.7819465],[122.3653592,10.7817791],[122.3654193,10.7815496],[122.3654705,10.7812298],[122.3655054,10.7809716],[122.3655269,10.7806685],[122.3654786,10.7804736],[122.3654383,10.7802575],[122.365433,10.7799334],[122.3653766,10.7796989],[122.3652559,10.7795382],[122.3650816,10.7794328],[122.3647597,10.7793406],[122.3644325,10.7791245],[122.3639873,10.7790059],[122.3637512,10.7790771],[122.3635447,10.7791667]]}},{"type":"Feature","id":664985871,"properties":{"osmWayId":664985871,"name":null,"nameNormalized":null,"highway":"service","routingClass":"local","surface":null,"tracktype":null},"geometry":{"type":"LineString","coordinates":[[122.3574092,10.7369836],[122.3574815,10.7371048],[122.357574,10.737255],[122.3577712,10.7375554],[122.3579509,10.7378163]]}},{"type":"Feature","id":664985873,"properties":{"osmWayId":664985873,"name":null,"nameNormalized":null,"highway":"unclassified","routingClass":"local","surface":null,"tracktype":null},"geometry":{"type":"LineString","coordinates":[[122.3562433,10.7380139],[122.3563438,10.7383477],[122.3566514,10.7386843],[122.3567346,10.7388924],[122.3567292,10.7390479],[122.3567131,10.7391981],[122.3566139,10.7394195],[122.3565082,10.7395503],[122.3564675,10.7396253]]}},{"type":"Feature","id":664985874,"properties":{"osmWayId":664985874,"name":null,"nameNormalized":null,"highway":"unclassified","routingClass":"local","surface":null,"tracktype":null},"geometry":{"type":"LineString","coordinates":[[122.3565191,10.7397503],[122.3566219,10.7400696],[122.3567952,10.7402905],[122.3569828,10.7404365],[122.3572483,10.7405165],[122.3578889,10.7406938],[122.3584049,10.7408011],[122.358441,10.7408086],[122.358894,10.7408816],[122.3591807,10.740892],[122.3597118,10.7409489],[122.3602952,10.7409848],[122.3607042,10.7409848],[122.3609483,10.7409874],[122.3613426,10.7409611],[122.3615974,10.740969],[122.3619327,10.7410533],[122.3622607,10.7411146],[122.3624458,10.7411857],[122.3625665,10.7412621],[122.3626872,10.7413965]]}},{"type":"Feature","id":664985875,"properties":{"osmWayId":664985875,"name":null,"nameNormalized":null,"highway":"residential","routingClass":"local","surface":null,"tracktype":null},"geometry":{"type":"LineString","coordinates":[[122.3584049,10.7408011],[122.3585168,10.7406772],[122.3586094,10.740552],[122.3586268,10.7404729],[122.3586027,10.7404005],[122.3584645,10.7402305],[122.3581681,10.7398141],[122.3580193,10.7395967]]}},{"type":"Feature","id":664985890,"properties":{"osmWayId":664985890,"name":null,"nameNormalized":null,"highway":"unclassified","routingClass":"local","surface":null,"tracktype":null},"geometry":{"type":"LineString","coordinates":[[122.3565191,10.7397503],[122.3564675,10.7396253]]}},{"type":"Feature","id":666055575,"properties":{"osmWayId":666055575,"name":null,"nameNormalized":null,"highway":"unclassified","routingClass":"local","surface":null,"tracktype":null},"geometry":{"type":"LineString","coordinates":[[122.3621526,10.7860463],[122.3616403,10.7858961],[122.3613587,10.7852163],[122.3612326,10.78436],[122.3614016,10.783638],[122.3620665,10.7823993],[122.3619055,10.7818618],[122.3618519,10.7815719],[122.361816,10.7815078],[122.3617597,10.7814379],[122.361639,10.7814985],[122.3614874,10.7815881],[122.3613051,10.7818516],[122.3609912,10.7819438],[122.3608142,10.7819096],[122.3600927,10.7815934],[122.3597896,10.7814669],[122.3596475,10.781351],[122.3592341,10.7810028],[122.3591697,10.7809554],[122.3590171,10.7808688],[122.3588317,10.7807656],[122.3586202,10.7806685],[122.3583573,10.7806132],[122.3581508,10.7806685],[122.3579523,10.7806475],[122.3578182,10.7806211],[122.357609,10.7807502],[122.3575231,10.7807529],[122.3571905,10.7806738],[122.3570403,10.7807291],[122.3569545,10.780824],[122.3569005,10.7809554],[122.3569166,10.7812241],[122.3568791,10.7813559],[122.3565951,10.7817093],[122.3564583,10.7817752],[122.356292,10.7818727],[122.3562139,10.7819461],[122.3559725,10.7825205],[122.355994,10.7827313],[122.3562354,10.7830896],[122.3562622,10.783274],[122.3562571,10.7834747],[122.3561954,10.7836433],[122.356005,10.7838488],[122.3559085,10.78397],[122.3557851,10.7841097],[122.3557311,10.784212],[122.3557526,10.7843332],[122.3558116,10.7844281],[122.3560154,10.7846178],[122.3560637,10.784739],[122.3560637,10.7849287],[122.3561173,10.7851184],[122.3562461,10.7853819],[122.3564208,10.7854771],[122.3567342,10.7856454],[122.35698,10.7857011],[122.3571061,10.7857841],[122.3571745,10.7858908],[122.3572187,10.7861148],[122.3572616,10.7863256],[122.3572925,10.786456],[122.3572791,10.7866839],[122.3572385,10.78681],[122.3569545,10.7872293],[122.3568258,10.7873821],[122.3567587,10.787527],[122.3568043,10.7877167],[122.3569274,10.7879219],[122.357322,10.7883333],[122.3574145,10.788498],[122.3574963,10.7886837],[122.3575768,10.7887996],[122.357617,10.788934],[122.3576119,10.7891369],[122.3576546,10.7892318],[122.3577013,10.7893326],[122.3577806,10.7894346],[122.3578343,10.7895163],[122.3579872,10.7896243],[122.3580656,10.7896987],[122.358175,10.789779],[122.3582675,10.7898547]]}},{"type":"Feature","id":668390553,"properties":{"osmWayId":668390553,"name":null,"nameNormalized":null,"highway":"track","routingClass":"local","surface":null,"tracktype":null},"geometry":{"type":"LineString","coordinates":[[122.3582956,10.79604],[122.3580792,10.7960726],[122.3579288,10.7960127],[122.3577174,10.7959488],[122.3575344,10.7959608],[122.3573677,10.7959928],[122.3572254,10.7959608],[122.3570344,10.795873],[122.3568758,10.7957612],[122.3568108,10.7956613],[122.3567945,10.7955495],[122.3568514,10.7953977],[122.3569734,10.7951541],[122.3570018,10.7949744],[122.3568758,10.7947907],[122.3567823,10.7945831],[122.3567661,10.7943235],[122.3568148,10.7939401],[122.3567904,10.7935847],[122.3567661,10.7932372],[122.3567742,10.7930376],[122.356762,10.7929058],[122.3566847,10.7928059],[122.3565953,10.79275],[122.3564774,10.79275],[122.3560912,10.7927979],[122.3556033,10.7928539],[122.3552984,10.7928698],[122.3549488,10.79275],[122.3547521,10.7925677],[122.3546447,10.7922787]]}},{"type":"Feature","id":668426054,"properties":{"osmWayId":668426054,"name":null,"nameNormalized":null,"highway":"track","routingClass":"local","surface":null,"tracktype":null},"geometry":{"type":"LineString","coordinates":[[122.3780998,10.7580342],[122.3778841,10.7578163],[122.3774343,10.7577679],[122.3770337,10.7576528],[122.3766886,10.7574894],[122.3760909,10.7574349],[122.3759122,10.7574652],[122.3758383,10.7575197],[122.3757582,10.7575257],[122.3756226,10.7574652],[122.3751666,10.756993],[122.37484,10.7569143],[122.3744271,10.756878],[122.3739527,10.7567084],[122.3735152,10.7566297],[122.3733611,10.7566842],[122.3732687,10.7568598],[122.3732748,10.7570111],[122.3733673,10.7573683],[122.3732933,10.7575863],[122.3730468,10.7580221],[122.3729583,10.7581651],[122.3727981,10.7582317],[122.3725393,10.7584194]]}},{"type":"Feature","id":677802000,"properties":{"osmWayId":677802000,"name":null,"nameNormalized":null,"highway":"track","routingClass":"local","surface":null,"tracktype":null},"geometry":{"type":"LineString","coordinates":[[122.3549254,10.7610829],[122.354842,10.7613029],[122.3547126,10.761505],[122.3545631,10.7617078],[122.3544568,10.7618879],[122.354438,10.7620323],[122.3544746,10.7622001],[122.3544827,10.7622979],[122.3544482,10.7623878],[122.3543831,10.7624357],[122.3542124,10.7625116],[122.3539298,10.7625456]]}},{"type":"Feature","id":750614630,"properties":{"osmWayId":750614630,"name":null,"nameNormalized":null,"highway":"track","routingClass":"local","surface":null,"tracktype":null},"geometry":{"type":"LineString","coordinates":[[122.3336447,10.7499293],[122.3338439,10.7496351],[122.3338493,10.7491872],[122.33397,10.7488947],[122.3342704,10.748589],[122.3342999,10.7484072],[122.3343053,10.7481463],[122.3344313,10.7478248],[122.3346566,10.7476535],[122.3348229,10.7474585],[122.3350965,10.7471555],[122.335692,10.7468551],[122.3359575,10.7467154],[122.3361909,10.7464519],[122.3363518,10.7463017]]}},{"type":"Feature","id":878543145,"properties":{"osmWayId":878543145,"name":null,"nameNormalized":null,"highway":"service","routingClass":"local","surface":null,"tracktype":null},"geometry":{"type":"LineString","coordinates":[[122.3520702,10.7570566],[122.351939,10.756839],[122.3518835,10.756727],[122.3518588,10.7565908],[122.3519143,10.7564849],[122.3520067,10.7563789],[122.3520807,10.7562791],[122.3520838,10.7561459],[122.3520191,10.7558311],[122.3520437,10.75571],[122.3521053,10.7554678]]}},{"type":"Feature","id":904068368,"properties":{"osmWayId":904068368,"name":null,"nameNormalized":null,"highway":"unclassified","routingClass":"local","surface":null,"tracktype":null},"geometry":{"type":"LineString","coordinates":[[122.3833161,10.7920141],[122.3828781,10.7923382],[122.3824006,10.7925753],[122.3819607,10.7927465],[122.3814404,10.7928388],[122.3810381,10.7928256],[122.3805392,10.7927518],[122.380169,10.7926728],[122.3795924,10.7926227],[122.3790398,10.7925542]]}},{"type":"Feature","id":906506345,"properties":{"osmWayId":906506345,"name":null,"nameNormalized":null,"highway":"residential","routingClass":"local","surface":null,"tracktype":null},"geometry":{"type":"LineString","coordinates":[[122.3722243,10.7586771],[122.372404,10.7588062],[122.3727192,10.7589485]]}},{"type":"Feature","id":906506346,"properties":{"osmWayId":906506346,"name":null,"nameNormalized":null,"highway":"track","routingClass":"local","surface":null,"tracktype":null},"geometry":{"type":"LineString","coordinates":[[122.3722243,10.7586771],[122.3724616,10.758483],[122.3725393,10.7584194]]}},{"type":"Feature","id":915021905,"properties":{"osmWayId":915021905,"name":"Jamog Road","nameNormalized":"jamog","highway":"residential","routingClass":"local","surface":null,"tracktype":null},"geometry":{"type":"LineString","coordinates":[[122.3555009,10.7605392],[122.3556809,10.7604658],[122.3560359,10.7603372]]}},{"type":"Feature","id":915021906,"properties":{"osmWayId":915021906,"name":"Jamog Road","nameNormalized":"jamog","highway":"service","routingClass":"local","surface":null,"tracktype":null},"geometry":{"type":"LineString","coordinates":[[122.3560359,10.7603372],[122.3556448,10.7598111],[122.3555861,10.7597514],[122.3555401,10.7597803],[122.3552765,10.7600136],[122.3551632,10.7601205],[122.3551573,10.7601834],[122.3554746,10.7605047],[122.3555009,10.7605392]]}},{"type":"Feature","id":915021907,"properties":{"osmWayId":915021907,"name":"Jamog Road","nameNormalized":"jamog","highway":"residential","routingClass":"local","surface":null,"tracktype":null},"geometry":{"type":"LineString","coordinates":[[122.3587381,10.7606929],[122.3586081,10.7606561],[122.3582755,10.7605309],[122.3582312,10.7605157],[122.3581937,10.7605026],[122.3581434,10.7604878]]}},{"type":"Feature","id":915027375,"properties":{"osmWayId":915027375,"name":null,"nameNormalized":null,"highway":"residential","routingClass":"local","surface":null,"tracktype":null},"geometry":{"type":"LineString","coordinates":[[122.3435032,10.7791759],[122.3435247,10.7790679],[122.3435877,10.7787477],[122.3436601,10.7785765],[122.343801,10.7785488],[122.3439391,10.7786252],[122.3441929,10.7786573],[122.3444842,10.778644],[122.3446406,10.7786281],[122.345181,10.7784829],[122.3453794,10.7785356],[122.3454948,10.7785448],[122.3456369,10.7785382],[122.3457965,10.7785422],[122.3459829,10.7786002],[122.3460983,10.7787148],[122.3461477,10.7788429],[122.3462008,10.7790063],[122.3462539,10.7791698],[122.3463182,10.7793472],[122.3464215,10.7794855],[122.3464604,10.7797108],[122.3464604,10.77994],[122.346518,10.7801679],[122.3466119,10.7803985],[122.3466656,10.7805974],[122.3466334,10.7807937],[122.3465623,10.7810282],[122.3465811,10.7813115],[122.346573,10.7815288],[122.3465811,10.7816948],[122.346624,10.7818832]]}},{"type":"Feature","id":915031488,"properties":{"osmWayId":915031488,"name":null,"nameNormalized":null,"highway":"residential","routingClass":"local","surface":null,"tracktype":null},"geometry":{"type":"LineString","coordinates":[[122.3555009,10.7605392],[122.3553435,10.7606072],[122.3551182,10.7607759],[122.3549254,10.7610829],[122.3547699,10.7610882]]}},{"type":"Feature","id":915036755,"properties":{"osmWayId":915036755,"name":null,"nameNormalized":null,"highway":"residential","routingClass":"local","surface":null,"tracktype":null},"geometry":{"type":"LineString","coordinates":[[122.3581253,10.7638523],[122.3580395,10.7637983],[122.3573595,10.7637733],[122.356571,10.7637654],[122.3563886,10.7638181]]}},{"type":"Feature","id":915036756,"properties":{"osmWayId":915036756,"name":null,"nameNormalized":null,"highway":"residential","routingClass":"local","surface":null,"tracktype":null},"geometry":{"type":"LineString","coordinates":[[122.3467353,10.7521474],[122.3469311,10.7521526],[122.3472744,10.7521869],[122.3475721,10.7518443],[122.3477223,10.7517732],[122.347953,10.7516783],[122.3482588,10.7516493],[122.3484948,10.751175],[122.3483822,10.7509985],[122.3486172,10.7504644]]}},{"type":"Feature","id":915036757,"properties":{"osmWayId":915036757,"name":null,"nameNormalized":null,"highway":"residential","routingClass":"local","surface":null,"tracktype":null},"geometry":{"type":"LineString","coordinates":[[122.3369077,10.7634373],[122.3374414,10.7634834],[122.337589,10.7634571],[122.3380396,10.763465]]}},{"type":"Feature","id":915036758,"properties":{"osmWayId":915036758,"name":null,"nameNormalized":null,"highway":"residential","routingClass":"local","surface":null,"tracktype":null},"geometry":{"type":"LineString","coordinates":[[122.3721358,10.7749904],[122.3718381,10.7750957],[122.3716718,10.7753645]]}},{"type":"Feature","id":915380886,"properties":{"osmWayId":915380886,"name":null,"nameNormalized":null,"highway":"unclassified","routingClass":"local","surface":null,"tracktype":null},"geometry":{"type":"LineString","coordinates":[[122.3218502,10.7979018],[122.3217433,10.7977966],[122.3215088,10.7976431],[122.3213916,10.7975535],[122.3212418,10.7973807],[122.3211506,10.7972463],[122.3210659,10.7970544],[122.3210203,10.7968368],[122.3210007,10.7966512],[122.3210138,10.7964849],[122.3212157,10.7961905],[122.321372,10.795909],[122.3215154,10.7957042],[122.3216912,10.7955763],[122.3221016,10.7954163],[122.322297,10.7953075],[122.3226293,10.7951027],[122.322968,10.794994],[122.3232872,10.794962],[122.3235868,10.7948788],[122.323893,10.7947956],[122.324362,10.794546],[122.3245444,10.7943797],[122.3247463,10.7941685],[122.3247659,10.7940661],[122.3247138,10.7938422],[122.3246291,10.793471],[122.3246035,10.7933163],[122.3246082,10.793168],[122.3246825,10.7930083],[122.3248149,10.7928669],[122.324917,10.7927118]]}},{"type":"Feature","id":915684553,"properties":{"osmWayId":915684553,"name":null,"nameNormalized":null,"highway":"unclassified","routingClass":"local","surface":null,"tracktype":null},"geometry":{"type":"LineString","coordinates":[[122.3648876,10.7860706],[122.3648361,10.785958]]}},{"type":"Feature","id":916106104,"properties":{"osmWayId":916106104,"name":null,"nameNormalized":null,"highway":"residential","routingClass":"local","surface":null,"tracktype":null},"geometry":{"type":"LineString","coordinates":[[122.3256156,10.7937649],[122.325346,10.7935396],[122.3252669,10.7934816],[122.3251113,10.7932748],[122.3249236,10.7931161],[122.3248149,10.7928669]]}},{"type":"Feature","id":917697874,"properties":{"osmWayId":917697874,"name":null,"nameNormalized":null,"highway":"residential","routingClass":"local","surface":null,"tracktype":null},"geometry":{"type":"LineString","coordinates":[[122.3425911,10.7399032],[122.3425972,10.739504],[122.3425542,10.7389687],[122.3425603,10.7386572]]}},{"type":"Feature","id":1474072687,"properties":{"osmWayId":1474072687,"name":null,"nameNormalized":null,"highway":"residential","routingClass":"local","surface":null,"tracktype":null},"geometry":{"type":"LineString","coordinates":[[122.3299935,10.7584345],[122.330116,10.7584208],[122.3305519,10.7583894],[122.331098,10.7582845],[122.331385,10.7582687],[122.3317347,10.7582413],[122.3322193,10.758135],[122.3326126,10.7580346],[122.3328532,10.7578824],[122.3330822,10.7576568],[122.3333025,10.7574031],[122.3334965,10.7570829],[122.3335784,10.7568833],[122.3337784,10.7568143],[122.3339963,10.75691]]}},{"type":"Feature","id":1474291420,"properties":{"osmWayId":1474291420,"name":null,"nameNormalized":null,"highway":"service","routingClass":"local","surface":null,"tracktype":null},"geometry":{"type":"LineString","coordinates":[[122.3636641,10.7671441],[122.3634271,10.7672951]]}},{"type":"Feature","id":1474292052,"properties":{"osmWayId":1474292052,"name":null,"nameNormalized":null,"highway":"residential","routingClass":"local","surface":"unpaved","tracktype":null},"geometry":{"type":"LineString","coordinates":[[122.3706979,10.7627136],[122.3710053,10.7625958],[122.3713271,10.7624531],[122.3715819,10.7621554],[122.3718032,10.761934],[122.3719279,10.7617614],[122.3720849,10.7616073],[122.3723477,10.7615677],[122.3726293,10.7615388],[122.3727769,10.761631],[122.3730361,10.7616249]]}},{"type":"Feature","id":1474292055,"properties":{"osmWayId":1474292055,"name":null,"nameNormalized":null,"highway":"service","routingClass":"local","surface":null,"tracktype":null},"geometry":{"type":"LineString","coordinates":[[122.3708497,10.762353],[122.3707475,10.7625945]]}},{"type":"Feature","id":1474292056,"properties":{"osmWayId":1474292056,"name":null,"nameNormalized":null,"highway":"service","routingClass":"local","surface":null,"tracktype":null},"geometry":{"type":"LineString","coordinates":[[122.371083,10.7610592],[122.3710468,10.761187],[122.3710442,10.7615586],[122.3710375,10.7617865],[122.370957,10.7621027],[122.3708497,10.762353]]}},{"type":"Feature","id":1474292057,"properties":{"osmWayId":1474292057,"name":null,"nameNormalized":null,"highway":"service","routingClass":"local","surface":null,"tracktype":null},"geometry":{"type":"LineString","coordinates":[[122.3689855,10.7647233],[122.3691961,10.7646692],[122.3695984,10.7644716],[122.3698989,10.764519],[122.3703495,10.7642423],[122.3705909,10.7639156]]}},{"type":"Feature","id":1474299168,"properties":{"osmWayId":1474299168,"name":null,"nameNormalized":null,"highway":"track","routingClass":"local","surface":null,"tracktype":null},"geometry":{"type":"LineString","coordinates":[[122.3482695,10.784389],[122.347945,10.7841123],[122.3479208,10.7839252],[122.3477787,10.7838067],[122.3475426,10.7838172],[122.3472637,10.7834562],[122.3472208,10.7831084],[122.3473817,10.7827712],[122.3475909,10.7826104],[122.3475078,10.7823101],[122.3471537,10.7817567],[122.3468345,10.7816039],[122.346573,10.7815288]]}},{"type":"Feature","id":1477325099,"properties":{"osmWayId":1477325099,"name":null,"nameNormalized":null,"highway":"track","routingClass":"local","surface":null,"tracktype":null},"geometry":{"type":"LineString","coordinates":[[122.3612863,10.7775673],[122.3613667,10.7773881],[122.3616806,10.7771905],[122.3620453,10.7768585],[122.362209,10.7766266],[122.3624986,10.7762946],[122.3626596,10.7762235],[122.362732,10.7760311],[122.3626944,10.7757202],[122.3626327,10.7754804],[122.3626636,10.7753092]]}},{"type":"Feature","id":1477325100,"properties":{"osmWayId":1477325100,"name":null,"nameNormalized":null,"highway":"residential","routingClass":"local","surface":null,"tracktype":null},"geometry":{"type":"LineString","coordinates":[[122.3626636,10.7753092],[122.3629117,10.7751801],[122.363086,10.7748191],[122.3632631,10.7746597],[122.3634374,10.7743725],[122.3634951,10.7741156],[122.3635299,10.7739522],[122.3637553,10.7736544],[122.3639202,10.7735161],[122.3640865,10.7734107],[122.3643172,10.7733224],[122.3643681,10.7731841],[122.3642997,10.7730431],[122.363888,10.772748],[122.3638733,10.7726347],[122.3638786,10.7725017],[122.3638491,10.7724081]]}},{"type":"Feature","id":1477325516,"properties":{"osmWayId":1477325516,"name":null,"nameNormalized":null,"highway":"unclassified","routingClass":"local","surface":null,"tracktype":null},"geometry":{"type":"LineString","coordinates":[[122.3783934,10.7484766],[122.3780868,10.7485361],[122.3777953,10.7487691],[122.3775646,10.7490801],[122.3772905,10.7491792],[122.3769638,10.7491354],[122.3765749,10.7490116],[122.3761141,10.7489331],[122.3758822,10.7490256],[122.3754823,10.7493853],[122.3750838,10.7495861],[122.3744287,10.74973],[122.3740751,10.7497547],[122.3737398,10.7496519],[122.3734173,10.7493125],[122.373096,10.7488745],[122.3729405,10.7484687],[122.3727822,10.7483449],[122.3725864,10.7483133],[122.3722646,10.7484529],[122.3719054,10.7488333],[122.3716698,10.7488921],[122.3710257,10.7489073],[122.3707073,10.7484878],[122.3700869,10.7477412],[122.3697811,10.7474345],[122.369421,10.7471804],[122.3692076,10.7471039],[122.3689149,10.7469481],[122.3687726,10.7468563],[122.3686018,10.7468483],[122.3684108,10.7469761]]}},{"type":"Feature","id":1527774348,"properties":{"osmWayId":1527774348,"name":null,"nameNormalized":null,"highway":"service","routingClass":"local","surface":null,"tracktype":null},"geometry":{"type":"LineString","coordinates":[[122.3518788,10.742516],[122.3522769,10.7425177],[122.3525737,10.7423433]]}},{"type":"Feature","id":170211684,"properties":{"osmWayId":170211684,"name":null,"nameNormalized":null,"highway":"unclassified","routingClass":"local","surface":null,"tracktype":null},"geometry":{"type":"LineString","coordinates":[[122.4328151,10.7558834],[122.4317664,10.7563002],[122.4308018,10.7567616],[122.4301644,10.7571093],[122.4295382,10.7574266],[122.4294719,10.7574848],[122.4293972,10.7575887],[122.4293126,10.7577467],[122.4292533,10.7578159],[122.4291589,10.7578755],[122.4288467,10.75803],[122.4284964,10.7581973],[122.4281618,10.7583372],[122.4279043,10.7584558],[122.4275637,10.7586323],[122.4273519,10.7587425],[122.4272391,10.7587865],[122.4271014,10.7588207],[122.4268327,10.7588874],[122.4267335,10.7589288],[122.4266553,10.7589768],[122.4266014,10.7590468],[122.4265766,10.7591369],[122.4265755,10.7591963],[122.4266517,10.7595032],[122.4266681,10.7595799],[122.4266678,10.7596495],[122.4266544,10.7596817],[122.4266311,10.7596955],[122.4265595,10.7597138],[122.4260668,10.7598793],[122.4258653,10.7599849],[122.4256718,10.7600708],[122.4254971,10.7601811],[122.4253723,10.7602731],[122.4252724,10.7603589],[122.4252275,10.7604189],[122.42521,10.7604754],[122.4252127,10.7605401],[122.4252412,10.7606042],[122.4253286,10.7608065],[122.4254887,10.7611396]]}},{"type":"Feature","id":170211685,"properties":{"osmWayId":170211685,"name":null,"nameNormalized":null,"highway":"unclassified","routingClass":"local","surface":null,"tracktype":null},"geometry":{"type":"LineString","coordinates":[[122.4296911,10.7735782],[122.4297273,10.7736772],[122.429755,10.7737283],[122.4297896,10.7739035],[122.4298167,10.7744818],[122.4299491,10.7748847],[122.430021,10.775044],[122.4302003,10.7752749],[122.4303792,10.7754721],[122.430903,10.7758309],[122.4313107,10.7761616],[122.431473,10.7762261],[122.4316245,10.7762604],[122.4317683,10.776331],[122.4318882,10.7764225],[122.4322083,10.7767328],[122.4324509,10.7770279],[122.4325651,10.7774781],[122.4326129,10.7775067],[122.4326813,10.7775278],[122.4328127,10.7775304],[122.4337032,10.7773776],[122.4347761,10.7771694],[122.4354963,10.7769929],[122.436427,10.7768098],[122.4368133,10.7766872],[122.4371928,10.7766056],[122.4373537,10.7765897],[122.4375651,10.7766176]]}},{"type":"Feature","id":170211687,"properties":{"osmWayId":170211687,"name":null,"nameNormalized":null,"highway":"unclassified","routingClass":"local","surface":null,"tracktype":null},"geometry":{"type":"LineString","coordinates":[[122.4385902,10.7690169],[122.438523,10.76888],[122.4384257,10.7681887],[122.4383567,10.7676923],[122.4382833,10.7671649],[122.4382335,10.7668984],[122.4381937,10.7667341],[122.4381874,10.7666824],[122.4381289,10.7665111],[122.4380957,10.7664112],[122.4376205,10.7653818],[122.4372284,10.7644841],[122.4367235,10.7633646],[122.4362144,10.7621995],[122.4357152,10.7610911],[122.435177,10.7598828],[122.4350348,10.7596187],[122.434619,10.7589208],[122.434365,10.7584937],[122.4338319,10.7575876],[122.433375,10.7568394],[122.4328151,10.7558834]]}},{"type":"Feature","id":170211691,"properties":{"osmWayId":170211691,"name":null,"nameNormalized":null,"highway":"unclassified","routingClass":"local","surface":null,"tracktype":null},"geometry":{"type":"LineString","coordinates":[[122.4296911,10.7735782],[122.429672,10.773083],[122.4297937,10.7727238],[122.4299432,10.7723664],[122.42997,10.7722694],[122.4299742,10.7721073],[122.429836,10.7715643],[122.4294937,10.7705032],[122.42944,10.7703345],[122.4294507,10.7701158],[122.4295553,10.769884],[122.4296009,10.7697021],[122.4296975,10.7695124],[122.429782,10.7693754],[122.4298718,10.7691989],[122.4300006,10.768992],[122.4300811,10.7688128],[122.4300998,10.768577],[122.4300609,10.7684202],[122.4300703,10.7682924],[122.4301347,10.7680408],[122.4302675,10.7679077],[122.4303935,10.767859],[122.430537,10.7677536],[122.4306765,10.7676482],[122.4307355,10.7674888],[122.4307261,10.7673188],[122.4306618,10.7670382],[122.4306323,10.7666851],[122.4305947,10.7665402],[122.4304819,10.7664109],[122.430384,10.7663134],[122.430289,10.7661647],[122.4302123,10.7659261],[122.4301508,10.7654849],[122.4301361,10.7651765],[122.4300971,10.764971],[122.4300368,10.7647537],[122.4299978,10.76466],[122.429955,10.7645981],[122.4298088,10.7644309],[122.4296036,10.7642504],[122.4295351,10.7642094],[122.4294695,10.7641923],[122.4293636,10.7642069],[122.4292107,10.7642372],[122.4289826,10.7642858],[122.4288674,10.7642833],[122.4287721,10.7642636],[122.4286875,10.7642423],[122.4285386,10.7642397],[122.4284181,10.7642332],[122.4283496,10.7642054],[122.4282827,10.7641463],[122.4282263,10.7640699],[122.4281485,10.7639829],[122.4280211,10.7638538],[122.4279554,10.7637761],[122.4279258,10.7637008],[122.4278911,10.7635547],[122.4278441,10.763394],[122.4278145,10.763328],[122.4277811,10.7632728],[122.4276677,10.7631423],[122.4275999,10.7630632],[122.427537,10.7629664],[122.4274499,10.7628123],[122.4273868,10.7627041],[122.4273486,10.7626386],[122.427204,10.7623827],[122.4271567,10.762279],[122.4270432,10.7619449]]}},{"type":"Feature","id":221048168,"properties":{"osmWayId":221048168,"name":null,"nameNormalized":null,"highway":"service","routingClass":"local","surface":null,"tracktype":null},"geometry":{"type":"LineString","coordinates":[[122.3889632,10.7895026],[122.3891107,10.7895566],[122.389277,10.789608],[122.3894213,10.7895782],[122.3896257,10.7895276],[122.3898416,10.7895079],[122.3900026,10.7895026],[122.3900792,10.7894518],[122.3902286,10.7893681],[122.3903754,10.7892279],[122.3905078,10.7891161]]}},{"type":"Feature","id":246006208,"properties":{"osmWayId":246006208,"name":null,"nameNormalized":null,"highway":"unclassified","routingClass":"local","surface":null,"tracktype":null},"geometry":{"type":"LineString","coordinates":[[122.3797173,10.7832224],[122.3815079,10.7827264],[122.3820213,10.7823916],[122.382401,10.7818109],[122.382552,10.7815397],[122.3827634,10.7812345],[122.3831958,10.7804507]]}},{"type":"Feature","id":248416752,"properties":{"osmWayId":248416752,"name":null,"nameNormalized":null,"highway":"service","routingClass":"local","surface":null,"tracktype":null},"geometry":{"type":"LineString","coordinates":[[122.4338427,10.7401172],[122.4337091,10.7398928],[122.4337068,10.7398731],[122.4337126,10.7398536],[122.4338078,10.7397667],[122.4338749,10.7396863]]}},{"type":"Feature","id":248954013,"properties":{"osmWayId":248954013,"name":"Calaor Street","nameNormalized":"calaor street","highway":"residential","routingClass":"local","surface":"paved","tracktype":null},"geometry":{"type":"LineString","coordinates":[[122.3865033,10.7800015],[122.3863977,10.779501],[122.386322,10.7791021],[122.3863198,10.7790668],[122.3863475,10.7790481],[122.3874681,10.7788663],[122.3875592,10.7788491],[122.3877262,10.7788175],[122.3885317,10.7786528]]}},{"type":"Feature","id":248954015,"properties":{"osmWayId":248954015,"name":null,"nameNormalized":null,"highway":"service","routingClass":"local","surface":"paved","tracktype":null},"geometry":{"type":"LineString","coordinates":[[122.3875603,10.7807786],[122.3874782,10.780795],[122.3870405,10.7808823]]}},{"type":"Feature","id":248954016,"properties":{"osmWayId":248954016,"name":null,"nameNormalized":null,"highway":"residential","routingClass":"local","surface":"paved","tracktype":null},"geometry":{"type":"LineString","coordinates":[[122.3870405,10.7808823],[122.3866878,10.7809408],[122.3861863,10.781056]]}},{"type":"Feature","id":248954017,"properties":{"osmWayId":248954017,"name":"Calaor Street","nameNormalized":"calaor street","highway":"residential","routingClass":"local","surface":"paved","tracktype":null},"geometry":{"type":"LineString","coordinates":[[122.3865033,10.7800015],[122.3866878,10.7809408],[122.386814,10.7815929],[122.3869914,10.782509],[122.3870704,10.783038],[122.3872023,10.7836728]]}},{"type":"Feature","id":248954020,"properties":{"osmWayId":248954020,"name":"Calle Street","nameNormalized":"calle street","highway":"unclassified","routingClass":"local","surface":"paved","tracktype":null},"geometry":{"type":"LineString","coordinates":[[122.3861713,10.7800601],[122.3861342,10.7803011],[122.3861668,10.7809152],[122.3861863,10.781056],[122.3862449,10.7812927],[122.3863231,10.7817085],[122.3864794,10.782585],[122.3865771,10.7830776],[122.3866096,10.7832759],[122.3866813,10.7834294],[122.3867334,10.7836789],[122.386805,10.7838837],[122.3869613,10.7841779],[122.3869678,10.7844402],[122.3869418,10.7847217],[122.3869027,10.7848753],[122.3869157,10.7850224],[122.3869418,10.7851567],[122.3869092,10.7852783],[122.386792,10.7854318],[122.3867269,10.7854958]]}},{"type":"Feature","id":248954021,"properties":{"osmWayId":248954021,"name":"Canillas Street","nameNormalized":"canillas street","highway":"residential","routingClass":"local","surface":"paved","tracktype":null},"geometry":{"type":"LineString","coordinates":[[122.3865771,10.7830776],[122.3870704,10.783038],[122.3875409,10.7829816],[122.3881856,10.7829049],[122.3892823,10.7827541],[122.3898083,10.7826624]]}},{"type":"Feature","id":248954022,"properties":{"osmWayId":248954022,"name":null,"nameNormalized":null,"highway":"residential","routingClass":"local","surface":"paved","tracktype":null},"geometry":{"type":"LineString","coordinates":[[122.3880865,10.7823941],[122.3881856,10.7829049]]}},{"type":"Feature","id":248954023,"properties":{"osmWayId":248954023,"name":null,"nameNormalized":null,"highway":"residential","routingClass":"local","surface":"paved","tracktype":null},"geometry":{"type":"LineString","coordinates":[[122.3881856,10.7829049],[122.3883092,10.783554],[122.3883275,10.783647],[122.3884521,10.7842805]]}},{"type":"Feature","id":248954024,"properties":{"osmWayId":248954024,"name":"Cajayon Street","nameNormalized":"cajayon street","highway":"residential","routingClass":"local","surface":"paved","tracktype":null},"geometry":{"type":"LineString","coordinates":[[122.3883275,10.783647],[122.3893486,10.7834346],[122.3898521,10.7833386]]}},{"type":"Feature","id":248954025,"properties":{"osmWayId":248954025,"name":"Cajilig Street","nameNormalized":"cajilig street","highway":"residential","routingClass":"local","surface":"paved","tracktype":null},"geometry":{"type":"LineString","coordinates":[[122.3864794,10.782585],[122.3869914,10.782509],[122.3874788,10.7824471],[122.3880865,10.7823941],[122.3885802,10.7823089],[122.3892562,10.7822022],[122.3897665,10.7821345]]}},{"type":"Feature","id":248954026,"properties":{"osmWayId":248954026,"name":"Cabanilla Street","nameNormalized":"cabanilla street","highway":"residential","routingClass":"local","surface":"paved","tracktype":null},"geometry":{"type":"LineString","coordinates":[[122.3863231,10.7817085],[122.386814,10.7815929],[122.3871176,10.7815294],[122.3873969,10.7814723],[122.3876448,10.7814496]]}},{"type":"Feature","id":248954028,"properties":{"osmWayId":248954028,"name":"Canillas Street","nameNormalized":"canillas street","highway":"residential","routingClass":"local","surface":"paved","tracktype":null},"geometry":{"type":"LineString","coordinates":[[122.3898083,10.7826624],[122.3901667,10.7826112],[122.3906062,10.782549],[122.3914006,10.7824493],[122.3919964,10.7823705],[122.392588,10.7823705]]}},{"type":"Feature","id":248954029,"properties":{"osmWayId":248954029,"name":"Capacillo Street","nameNormalized":"capacillo street","highway":"residential","routingClass":"local","surface":null,"tracktype":null},"geometry":{"type":"LineString","coordinates":[[122.3906062,10.782549],[122.3905471,10.7819992],[122.390461,10.7812015],[122.3903823,10.7803572],[122.3902494,10.7793327]]}},{"type":"Feature","id":248954030,"properties":{"osmWayId":248954030,"name":null,"nameNormalized":null,"highway":"residential","routingClass":"local","surface":null,"tracktype":null},"geometry":{"type":"LineString","coordinates":[[122.3891018,10.7805108],[122.389627,10.7804651],[122.3903823,10.7803572],[122.3914091,10.7802576],[122.3923345,10.7801663],[122.3926504,10.7801613],[122.3931331,10.7801165],[122.3934754,10.7800667],[122.3937501,10.7800708],[122.394236,10.7800418],[122.3946501,10.7799753],[122.3949882,10.7799131],[122.395267,10.7798342],[122.3954826,10.779801],[122.3956093,10.7798259],[122.3957065,10.7798217],[122.3957657,10.7798093]]}},{"type":"Feature","id":248954031,"properties":{"osmWayId":248954031,"name":null,"nameNormalized":null,"highway":"residential","routingClass":"local","surface":null,"tracktype":null},"geometry":{"type":"LineString","coordinates":[[122.395636,10.7831875],[122.3957548,10.783006],[122.3957525,10.7829018],[122.3957368,10.7827052],[122.395715,10.7826029],[122.3956516,10.7822958],[122.3955417,10.7819844],[122.3955459,10.7819056],[122.395584,10.7816399],[122.3956009,10.7815071],[122.3955502,10.7810505],[122.3955067,10.780893]]}},{"type":"Feature","id":248954032,"properties":{"osmWayId":248954032,"name":null,"nameNormalized":null,"highway":"residential","routingClass":"local","surface":null,"tracktype":null},"geometry":{"type":"LineString","coordinates":[[122.3955067,10.780893],[122.3954149,10.7809301],[122.395229,10.7809923],[122.3949248,10.7810172],[122.3944726,10.7809923],[122.3941008,10.7809342],[122.3938552,10.780867],[122.3923906,10.7810223]]}},{"type":"Feature","id":248954033,"properties":{"osmWayId":248954033,"name":"Cabanilla Street","nameNormalized":"cabanilla street","highway":"residential","routingClass":"local","surface":"concrete","tracktype":null},"geometry":{"type":"LineString","coordinates":[[122.3923906,10.7810223],[122.391857,10.7810671],[122.390461,10.7812015],[122.389708,10.7812714]]}},{"type":"Feature","id":248954034,"properties":{"osmWayId":248954034,"name":"Calaor Street","nameNormalized":"calaor street","highway":"residential","routingClass":"local","surface":null,"tracktype":null},"geometry":{"type":"LineString","coordinates":[[122.3894334,10.7784915],[122.3903154,10.7783303],[122.3925205,10.77789]]}},{"type":"Feature","id":248954035,"properties":{"osmWayId":248954035,"name":"Javellana Street","nameNormalized":"javellana street","highway":"residential","routingClass":"local","surface":null,"tracktype":null},"geometry":{"type":"LineString","coordinates":[[122.3877262,10.7788175],[122.3874249,10.7781364],[122.3871566,10.7775279],[122.3869582,10.7770814]]}},{"type":"Feature","id":248954036,"properties":{"osmWayId":248954036,"name":null,"nameNormalized":null,"highway":"residential","routingClass":"local","surface":"paved","tracktype":null},"geometry":{"type":"LineString","coordinates":[[122.3878002,10.7797605],[122.3876604,10.7792186],[122.3875592,10.7788491]]}},{"type":"Feature","id":248954037,"properties":{"osmWayId":248954037,"name":"F. Cabarles Street","nameNormalized":"f cabarles street","highway":"residential","routingClass":"local","surface":"paved","tracktype":null},"geometry":{"type":"LineString","coordinates":[[122.38954,10.7794617],[122.3902494,10.7793327],[122.3905935,10.7792471],[122.3907438,10.7791818],[122.3909685,10.779089],[122.3918138,10.7787431],[122.3919091,10.7787339],[122.3919868,10.7787714],[122.3920378,10.7788531],[122.3920754,10.7789849],[122.3921746,10.7790323],[122.3935345,10.7789111],[122.3943552,10.7785],[122.3944907,10.77845],[122.3945604,10.7784842],[122.3947535,10.7787701],[122.3949319,10.7790481],[122.3950285,10.7791034],[122.3955989,10.7788546]]}},{"type":"Feature","id":248954038,"properties":{"osmWayId":248954038,"name":null,"nameNormalized":null,"highway":"residential","routingClass":"local","surface":null,"tracktype":null},"geometry":{"type":"LineString","coordinates":[[122.3863864,10.7773868],[122.3860002,10.777595],[122.3859908,10.7776147],[122.3859975,10.7776397],[122.3861289,10.7778953],[122.3861624,10.7779151],[122.3862053,10.7779164],[122.3862562,10.7779079],[122.3866425,10.7777474],[122.386724,10.7777105],[122.3871566,10.7775279]]}},{"type":"Feature","id":248954039,"properties":{"osmWayId":248954039,"name":null,"nameNormalized":null,"highway":"residential","routingClass":"local","surface":"paved","tracktype":null},"geometry":{"type":"LineString","coordinates":[[122.388655,10.7796011],[122.3885882,10.7791066],[122.3885317,10.7786528]]}},{"type":"Feature","id":248954040,"properties":{"osmWayId":248954040,"name":"Javellana Street","nameNormalized":"javellana street","highway":"residential","routingClass":"local","surface":"paved","tracktype":null},"geometry":{"type":"LineString","coordinates":[[122.3892751,10.7756234],[122.3887017,10.7758086],[122.3882154,10.7760094],[122.3880399,10.7760903],[122.3878084,10.7761985],[122.3875515,10.7763184],[122.3873182,10.776438],[122.3871844,10.7765215],[122.3870744,10.7766454],[122.3870154,10.7767587],[122.3869698,10.7768588],[122.3869497,10.7769405],[122.3869457,10.7770195],[122.3869582,10.7770814]]}},{"type":"Feature","id":248954041,"properties":{"osmWayId":248954041,"name":null,"nameNormalized":null,"highway":"unclassified","routingClass":"local","surface":"paved","tracktype":null},"geometry":{"type":"LineString","coordinates":[[122.3866096,10.7832759],[122.3863853,10.7833239],[122.3861347,10.7833923],[122.3858006,10.7835838],[122.3855291,10.7838162],[122.3852368,10.7840077],[122.3850558,10.7840692],[122.38484,10.7841513],[122.3845546,10.7843222],[122.3843876,10.7845752],[122.3842414,10.7847872],[122.3841579,10.7849786],[122.3840744,10.7850128],[122.3838655,10.7849171],[122.3836846,10.7848487],[122.3836076,10.7848342],[122.3834896,10.7848659],[122.3833099,10.785074],[122.3832267,10.7851373],[122.3829558,10.7851768],[122.3824435,10.7852479],[122.3821646,10.7852901],[122.3820654,10.7853401],[122.3820171,10.7854798],[122.3820385,10.785817]]}},{"type":"Feature","id":248954042,"properties":{"osmWayId":248954042,"name":null,"nameNormalized":null,"highway":"unclassified","routingClass":"local","surface":null,"tracktype":null},"geometry":{"type":"LineString","coordinates":[[122.3867269,10.7854958],[122.3866881,10.7856994],[122.3866544,10.7858765],[122.3865733,10.7864459],[122.3864921,10.7868046],[122.3864921,10.7869413],[122.3865211,10.7871519],[122.3865964,10.7873455],[122.386637,10.7874196],[122.3866486,10.7875676],[122.3866183,10.7880025],[122.3865791,10.7883021],[122.3864689,10.7885755],[122.3862871,10.7888766],[122.3862288,10.7890293],[122.3860248,10.7892679],[122.3858334,10.7894836],[122.3857547,10.7896164],[122.3857427,10.7898075],[122.3857467,10.7899721],[122.385748,10.7901315],[122.3856784,10.7902826],[122.3856816,10.7903748],[122.3856201,10.7905052],[122.385538,10.7906093],[122.3854485,10.7906993],[122.3853805,10.7907692],[122.3852412,10.7908233],[122.3851667,10.7908742]]}},{"type":"Feature","id":248954043,"properties":{"osmWayId":248954043,"name":null,"nameNormalized":null,"highway":"unclassified","routingClass":"local","surface":null,"tracktype":null},"geometry":{"type":"LineString","coordinates":[[122.3851667,10.7908742],[122.3850826,10.7908678],[122.3849142,10.7908678],[122.3845386,10.7909633],[122.3843346,10.7910332],[122.384218,10.7910778],[122.3840955,10.7911576],[122.3839832,10.7912267],[122.3838586,10.7913697],[122.3838031,10.791463],[122.3836743,10.7915886],[122.383618,10.7916533],[122.3835168,10.7917417],[122.3834551,10.7918387]]}},{"type":"Feature","id":248954068,"properties":{"osmWayId":248954068,"name":null,"nameNormalized":null,"highway":"unclassified","routingClass":"local","surface":null,"tracktype":null},"geometry":{"type":"LineString","coordinates":[[122.3851667,10.7908742],[122.385093,10.7909431],[122.3849983,10.7911235],[122.3849287,10.7912451],[122.3848069,10.7914521],[122.3847276,10.7915812],[122.3846329,10.7918243],[122.3845923,10.7920009],[122.384544,10.7920731],[122.3844608,10.7921301],[122.3843912,10.7921642],[122.3842772,10.7921775],[122.3841921,10.792168],[122.3840568,10.7921851],[122.3839369,10.7922269],[122.3838554,10.7922659],[122.3836836,10.7924396],[122.3836237,10.7925213],[122.3835232,10.7927017],[122.3834652,10.7927929],[122.3833762,10.792941],[122.3833298,10.7929923],[122.3832428,10.7930189],[122.3831036,10.7930416],[122.382918,10.7931062],[122.3828059,10.7931879],[122.3826087,10.7933151],[122.3824927,10.7934424],[122.3824482,10.7935487],[122.3824502,10.7936456],[122.3824231,10.7938317],[122.3823941,10.7939095],[122.3823844,10.7939798],[122.3824115,10.7940691],[122.3824908,10.7941868],[122.3825623,10.7942913],[122.3825836,10.7943331]]}},{"type":"Feature","id":274456323,"properties":{"osmWayId":274456323,"name":null,"nameNormalized":null,"highway":"residential","routingClass":"local","surface":null,"tracktype":null},"geometry":{"type":"LineString","coordinates":[[122.3875191,10.7741035],[122.3876984,10.7745721],[122.3879409,10.7750513],[122.3880008,10.7752348],[122.3881076,10.7756568],[122.3882154,10.7760094]]}},{"type":"Feature","id":274456329,"properties":{"osmWayId":274456329,"name":null,"nameNormalized":null,"highway":"residential","routingClass":"local","surface":null,"tracktype":null},"geometry":{"type":"LineString","coordinates":[[122.393273,10.7734176],[122.3931754,10.7735488],[122.3930619,10.7736631],[122.3927091,10.7737818],[122.3927806,10.7740374],[122.3929765,10.7739973],[122.3931504,10.7742888],[122.3931964,10.775254],[122.3931185,10.7754303],[122.3929694,10.7754799],[122.3926278,10.7753187],[122.3924126,10.7752748],[122.3915858,10.7755697]]}},{"type":"Feature","id":274456337,"properties":{"osmWayId":274456337,"name":null,"nameNormalized":null,"highway":"residential","routingClass":"local","surface":null,"tracktype":null},"geometry":{"type":"LineString","coordinates":[[122.3899718,10.7844047],[122.3892509,10.7845157]]}},{"type":"Feature","id":274456343,"properties":{"osmWayId":274456343,"name":null,"nameNormalized":null,"highway":"residential","routingClass":"local","surface":null,"tracktype":null},"geometry":{"type":"LineString","coordinates":[[122.3930499,10.7728964],[122.3922675,10.7731038]]}},{"type":"Feature","id":274456351,"properties":{"osmWayId":274456351,"name":null,"nameNormalized":null,"highway":"service","routingClass":"local","surface":null,"tracktype":null},"geometry":{"type":"LineString","coordinates":[[122.3931964,10.775254],[122.3934355,10.7752397]]}},{"type":"Feature","id":274456354,"properties":{"osmWayId":274456354,"name":null,"nameNormalized":null,"highway":"unclassified","routingClass":"local","surface":null,"tracktype":null},"geometry":{"type":"LineString","coordinates":[[122.3894913,10.7715583],[122.3892311,10.771575],[122.3890418,10.7716374],[122.3888514,10.7717553],[122.3886797,10.7717784],[122.3885235,10.7717695],[122.3884289,10.7718627],[122.3883042,10.7718927],[122.3880861,10.7718506],[122.38788,10.7716809],[122.387767,10.7714242],[122.3876454,10.7713272],[122.3872755,10.771332],[122.3866706,10.7712943],[122.3861174,10.771227],[122.3860126,10.7712052],[122.3858321,10.7711676],[122.3856485,10.7712444],[122.3853804,10.7716194],[122.3851916,10.7717163],[122.3848857,10.7716986],[122.3847094,10.7716466],[122.3845591,10.7717148],[122.3844042,10.771945]]}},{"type":"Feature","id":274456357,"properties":{"osmWayId":274456357,"name":null,"nameNormalized":null,"highway":"residential","routingClass":"local","surface":null,"tracktype":null},"geometry":{"type":"LineString","coordinates":[[122.3887017,10.7758086],[122.3884353,10.7748265],[122.3881944,10.7740135]]}},{"type":"Feature","id":274456359,"properties":{"osmWayId":274456359,"name":"Buncag Street","nameNormalized":"buncag street","highway":"residential","routingClass":"local","surface":null,"tracktype":null},"geometry":{"type":"LineString","coordinates":[[122.3899327,10.7840672],[122.3894083,10.7841402],[122.3886726,10.7842481],[122.3885895,10.7842603],[122.3884521,10.7842805]]}},{"type":"Feature","id":274456360,"properties":{"osmWayId":274456360,"name":null,"nameNormalized":null,"highway":"residential","routingClass":"local","surface":null,"tracktype":null},"geometry":{"type":"LineString","coordinates":[[122.3915148,10.7735767],[122.3915523,10.7737335],[122.3915161,10.7738007],[122.3911817,10.7738975]]}},{"type":"Feature","id":274456364,"properties":{"osmWayId":274456364,"name":null,"nameNormalized":null,"highway":"residential","routingClass":"local","surface":null,"tracktype":null},"geometry":{"type":"LineString","coordinates":[[122.3936487,10.7751241],[122.3935706,10.7738213],[122.3935808,10.7734599]]}},{"type":"Feature","id":274456372,"properties":{"osmWayId":274456372,"name":"Buncag Street","nameNormalized":"buncag street","highway":"residential","routingClass":"local","surface":null,"tracktype":null},"geometry":{"type":"LineString","coordinates":[[122.3873969,10.7814723],[122.3874788,10.7824471],[122.3875409,10.7829816],[122.3876114,10.7835142],[122.3877037,10.7839475],[122.3877532,10.7841978],[122.3878382,10.7843577],[122.3880576,10.7843716],[122.3883266,10.7843299],[122.3884521,10.7842805]]}},{"type":"Feature","id":274456381,"properties":{"osmWayId":274456381,"name":"Cabaluna Street","nameNormalized":"cabaluna street","highway":"residential","routingClass":"local","surface":"paved","tracktype":null},"geometry":{"type":"LineString","coordinates":[[122.3891628,10.7812808],[122.3892562,10.7822022],[122.3892823,10.7827541],[122.3893486,10.7834346],[122.3894083,10.7841402]]}},{"type":"Feature","id":274456388,"properties":{"osmWayId":274456388,"name":null,"nameNormalized":null,"highway":"residential","routingClass":"local","surface":null,"tracktype":null},"geometry":{"type":"LineString","coordinates":[[122.3904976,10.7890568],[122.3908795,10.78896],[122.3910446,10.7889027],[122.3913829,10.7888394],[122.39171,10.7888194],[122.3921065,10.7886778],[122.3923566,10.7885918],[122.3925432,10.7885277],[122.3931,10.7884044],[122.3933816,10.7882885],[122.3938456,10.7891553],[122.3942587,10.788855],[122.394323,10.7887575]]}},{"type":"Feature","id":274456403,"properties":{"osmWayId":274456403,"name":null,"nameNormalized":null,"highway":"residential","routingClass":"local","surface":null,"tracktype":null},"geometry":{"type":"LineString","coordinates":[[122.3879409,10.7750513],[122.3884353,10.7748265],[122.3887306,10.7746969],[122.3887513,10.7743339],[122.3887586,10.773981],[122.3887756,10.7737242],[122.388704,10.7735476],[122.3886206,10.7734706],[122.3884938,10.7735052]]}},{"type":"Feature","id":275567055,"properties":{"osmWayId":275567055,"name":null,"nameNormalized":null,"highway":"unclassified","routingClass":"local","surface":null,"tracktype":null},"geometry":{"type":"LineString","coordinates":[[122.3896698,10.7661126],[122.3894128,10.7660526],[122.3890777,10.7658956],[122.3887783,10.7657529],[122.3886362,10.7657172],[122.3884805,10.7657504],[122.3883023,10.7658839],[122.388145,10.7661587],[122.3880566,10.766226],[122.3877383,10.7661454],[122.3873012,10.7661004],[122.3868586,10.7660498],[122.386453,10.76602],[122.3861504,10.7659526],[122.3858537,10.7659947],[122.385564,10.7660345],[122.3853728,10.7661457],[122.3851538,10.7664251],[122.3848728,10.7666119],[122.3847439,10.7666939]]}},{"type":"Feature","id":275567072,"properties":{"osmWayId":275567072,"name":null,"nameNormalized":null,"highway":"unclassified","routingClass":"local","surface":null,"tracktype":null},"geometry":{"type":"LineString","coordinates":[[122.3867027,10.762136],[122.3864445,10.7623577],[122.3862076,10.7625654],[122.3856452,10.7628574],[122.3853733,10.7629285],[122.3852491,10.7625638],[122.3850313,10.7623717],[122.3848321,10.7622803],[122.3845643,10.7622767],[122.3844109,10.7622166],[122.3842112,10.7619732],[122.3840034,10.7617004],[122.3837916,10.7615509],[122.3835349,10.761569],[122.3830416,10.7616788],[122.3826864,10.7620552],[122.3821369,10.7621113],[122.3818499,10.7621493],[122.3817282,10.7621168],[122.3815819,10.7619032],[122.3812716,10.7618436],[122.3809698,10.7617119]]}},{"type":"Feature","id":301841063,"properties":{"osmWayId":301841063,"name":null,"nameNormalized":null,"highway":"residential","routingClass":"local","surface":null,"tracktype":null},"geometry":{"type":"LineString","coordinates":[[122.4133674,10.7871779],[122.413244,10.7870502],[122.4130938,10.786919],[122.4129014,10.7868604],[122.4125601,10.7868631],[122.4121456,10.7867655],[122.4118379,10.7865258],[122.411453,10.786124],[122.4113953,10.7859988],[122.4114141,10.7858144],[122.4114963,10.7856204],[122.4116409,10.7854664]]}},{"type":"Feature","id":301841066,"properties":{"osmWayId":301841066,"name":null,"nameNormalized":null,"highway":"unclassified","routingClass":"local","surface":null,"tracktype":null},"geometry":{"type":"LineString","coordinates":[[122.4194285,10.7735003],[122.4191359,10.7738887],[122.4190825,10.7739733],[122.419045,10.7740905],[122.4190262,10.7741801],[122.4190208,10.7742578],[122.4190369,10.7743777],[122.4190825,10.7746188],[122.4190906,10.774744],[122.4190879,10.7748955],[122.4190729,10.7752092],[122.4190232,10.7755737],[122.4190047,10.775686],[122.4189531,10.775818],[122.4188733,10.7759521],[122.4188356,10.7760415],[122.4186937,10.7764443],[122.4185263,10.7769097],[122.4184656,10.7770956],[122.4183942,10.777216],[122.4182966,10.7773222],[122.4182465,10.7773663],[122.4181759,10.7774619],[122.4181223,10.7775699],[122.418066,10.7777175],[122.4180079,10.777833],[122.4178326,10.7780627],[122.4177025,10.7781865],[122.4176486,10.7782403],[122.4175402,10.7783393],[122.4174375,10.778392],[122.4172747,10.7784236],[122.4169172,10.7784496],[122.41621,10.7784921],[122.4161542,10.7784994],[122.4161026,10.7785185],[122.4159926,10.7786002],[122.4159194,10.7786595],[122.4157378,10.7788162],[122.4156466,10.77889],[122.4155605,10.7789338],[122.4152648,10.779034],[122.415027,10.7790876],[122.4148224,10.7791197],[122.4147212,10.7791377],[122.4146113,10.7791403],[122.414512,10.7791456],[122.4143672,10.7791798],[122.4139537,10.7793057],[122.413579,10.7795389],[122.4132913,10.7795258],[122.4128989,10.779462],[122.4126031,10.7795026],[122.4123863,10.7797085],[122.4120696,10.7799862],[122.4117757,10.780111],[122.4113425,10.780116],[122.4108248,10.7800294],[122.4102755,10.7798445]]}},{"type":"Feature","id":301841067,"properties":{"osmWayId":301841067,"name":null,"nameNormalized":null,"highway":"residential","routingClass":"local","surface":null,"tracktype":null},"geometry":{"type":"LineString","coordinates":[[122.3998716,10.7850186],[122.3996819,10.7850351],[122.3994058,10.7851142],[122.3982136,10.7853523]]}},{"type":"Feature","id":301841070,"properties":{"osmWayId":301841070,"name":null,"nameNormalized":null,"highway":"unclassified","routingClass":"local","surface":null,"tracktype":null},"geometry":{"type":"LineString","coordinates":[[122.4165854,10.7866022],[122.4164736,10.7864308],[122.4163721,10.7862847],[122.4163279,10.7862004],[122.4162912,10.7861584],[122.4162394,10.7861214],[122.4161211,10.7860901],[122.4160087,10.7860067],[122.4159281,10.7859084],[122.4157795,10.785865],[122.4155809,10.785817],[122.4153904,10.785793],[122.4152905,10.7858184],[122.4152141,10.7858658],[122.4151591,10.7859125],[122.4150914,10.7860338],[122.4148795,10.7864916],[122.4147816,10.7867419],[122.4145757,10.7868847],[122.4143234,10.7870196],[122.4140024,10.7871318],[122.4137598,10.7872309],[122.413592,10.7872161],[122.4133674,10.7871779],[122.4130973,10.7873177],[122.4126766,10.7875395],[122.4123357,10.7877454],[122.4121702,10.7879579],[122.4119351,10.7884397],[122.4116837,10.7886235],[122.4115401,10.7888392],[122.4114302,10.7890078],[122.4113967,10.7891501],[122.4113631,10.7895585],[122.4113846,10.7898549],[122.4114943,10.7902716],[122.4114551,10.7905413],[122.4112903,10.7908544],[122.4110158,10.7913324],[122.4108015,10.7915385],[122.4104163,10.7918639],[122.4101588,10.7921076],[122.4099343,10.7924095],[122.4097992,10.792562],[122.409609,10.7926896],[122.4093858,10.7926965],[122.4090382,10.7926201],[122.4088142,10.7926203],[122.4083763,10.7927608],[122.4080935,10.7928071],[122.4077958,10.7928651],[122.4075866,10.7930048],[122.4072674,10.7933341],[122.4068677,10.7935818],[122.4066505,10.7938163],[122.4064205,10.7940203],[122.4061606,10.7941557],[122.4054652,10.7941888],[122.4049049,10.7941966],[122.4045992,10.7943441],[122.4042026,10.7945443],[122.403939,10.7946778],[122.4037199,10.7947093],[122.4034302,10.7948447],[122.4031502,10.7950124]]}},{"type":"Feature","id":480562194,"properties":{"osmWayId":480562194,"name":null,"nameNormalized":null,"highway":"unclassified","routingClass":"local","surface":"unpaved","tracktype":null},"geometry":{"type":"LineString","coordinates":[[122.4222301,10.7750575],[122.4222395,10.7750286],[122.4222415,10.7750035],[122.4222359,10.7749697],[122.4222182,10.7749193],[122.4221979,10.7748496],[122.4221063,10.7745013],[122.4220987,10.7743988],[122.4221054,10.7743606],[122.4221227,10.7743272],[122.4221537,10.774296],[122.4221916,10.7742691],[122.422395,10.7741406],[122.4226905,10.7739693],[122.4234848,10.7735501],[122.4235699,10.7734977],[122.4236356,10.7734278],[122.4236718,10.7733554],[122.4236981,10.773218],[122.4236892,10.7728719],[122.4237026,10.7727375],[122.4237388,10.7725715],[122.4239896,10.7723278],[122.4241506,10.7721868],[122.4242806,10.772055],[122.4244536,10.771839],[122.4244845,10.7716914],[122.4244825,10.7715995],[122.4242331,10.7711481],[122.4242036,10.7710707],[122.4242561,10.7707031],[122.4242791,10.7705935],[122.424325,10.7705451],[122.4246467,10.7703097],[122.4246893,10.770155],[122.4247582,10.7698358],[122.424883,10.7696423],[122.4249781,10.769436],[122.4249617,10.7689523],[122.4248833,10.7686042],[122.4248421,10.7683798],[122.424792,10.7682643],[122.4246547,10.7679918],[122.4246326,10.767804],[122.4246514,10.7676312],[122.4246694,10.7674687],[122.4246755,10.7673347],[122.4246713,10.7672101],[122.4246602,10.7670657],[122.4245843,10.7669468],[122.424371,10.766821],[122.4240305,10.7666744]]}},{"type":"Feature","id":480562195,"properties":{"osmWayId":480562195,"name":null,"nameNormalized":null,"highway":"unclassified","routingClass":"local","surface":null,"tracktype":null},"geometry":{"type":"LineString","coordinates":[[122.4227796,10.7625994],[122.4226497,10.762771],[122.4225401,10.7628482],[122.4221191,10.7630406],[122.4219727,10.7631065],[122.4218509,10.7631302],[122.4217385,10.7631144],[122.4214482,10.7630286],[122.4212469,10.7629867],[122.4209237,10.7629088],[122.4207895,10.7628429],[122.4201849,10.7622792],[122.4195202,10.7615921],[122.4194785,10.76156],[122.4194311,10.7615386],[122.4193736,10.7615404],[122.4193205,10.7615595],[122.4187057,10.7621238],[122.4186811,10.7621645],[122.418446,10.7626851],[122.4183556,10.762822],[122.4183152,10.7628621],[122.4182577,10.7628945],[122.4181991,10.762907],[122.418061,10.762927],[122.4179514,10.7629398],[122.4178889,10.7629327],[122.4177872,10.7629026],[122.4177475,10.7629044],[122.417708,10.7629137],[122.4176809,10.7629382],[122.417321,10.7634739],[122.4169475,10.7639156],[122.4169137,10.7639742],[122.4167214,10.7645366],[122.4166752,10.7646139],[122.4166354,10.7646678],[122.4165044,10.7647918],[122.4164875,10.7648444],[122.4164815,10.764899],[122.4164771,10.7652614],[122.4164606,10.7654004],[122.4163774,10.7658216],[122.4163706,10.7659616],[122.4163829,10.766046],[122.4164258,10.7662028],[122.4164352,10.7662897],[122.4164385,10.7664463],[122.4164084,10.7667627],[122.416399,10.7669577],[122.4163983,10.7669979],[122.4164063,10.7670209],[122.4164258,10.767042],[122.4164667,10.7670657],[122.4165505,10.7671138],[122.4170699,10.7674223]]}},{"type":"Feature","id":482967444,"properties":{"osmWayId":482967444,"name":null,"nameNormalized":null,"highway":"service","routingClass":"local","surface":null,"tracktype":null},"geometry":{"type":"LineString","coordinates":[[122.4296851,10.7862071],[122.4298399,10.7861682],[122.4300252,10.7861547],[122.4302988,10.7861391],[122.4303773,10.7861569],[122.4304182,10.7861958],[122.4304544,10.7862518],[122.4304806,10.786315],[122.4305054,10.7864698],[122.430503,10.786533],[122.4305107,10.7866417],[122.4305637,10.7866793],[122.4306536,10.7867083],[122.4306948,10.786732],[122.4307756,10.786757],[122.4308557,10.7867722],[122.4309265,10.7867807],[122.4310083,10.7867878],[122.4311381,10.7868006],[122.4312869,10.7868244],[122.4313887,10.7868513],[122.4314883,10.786892],[122.4315474,10.786915],[122.4316164,10.7869945],[122.431685,10.7871512]]}},{"type":"Feature","id":482967445,"properties":{"osmWayId":482967445,"name":null,"nameNormalized":null,"highway":"service","routingClass":"local","surface":null,"tracktype":null},"geometry":{"type":"LineString","coordinates":[[122.4315474,10.786915],[122.4316745,10.7869192],[122.4318014,10.7869084]]}},{"type":"Feature","id":485989393,"properties":{"osmWayId":485989393,"name":null,"nameNormalized":null,"highway":"service","routingClass":"local","surface":null,"tracktype":null},"geometry":{"type":"LineString","coordinates":[[122.4234145,10.7683139],[122.4232292,10.7685901],[122.4232279,10.7685927],[122.4231997,10.7686217],[122.4231622,10.7686349],[122.4229462,10.7686612],[122.4228269,10.7686941],[122.4226152,10.7687882],[122.4225164,10.7686974],[122.4224601,10.7686507],[122.4223899,10.7686142],[122.4222784,10.7685677],[122.4222589,10.7685624],[122.4222388,10.7685499],[122.4222182,10.7685247],[122.4221979,10.7684333],[122.4222033,10.7683977],[122.4222194,10.7683714],[122.4222542,10.7683529],[122.4224608,10.7683266],[122.4226527,10.7682822],[122.4229127,10.7682409],[122.4229677,10.7682357],[122.4230549,10.7682357],[122.4231756,10.768262],[122.4232185,10.7682633],[122.4232882,10.7682436],[122.4233808,10.768208]]}},{"type":"Feature","id":485989394,"properties":{"osmWayId":485989394,"name":null,"nameNormalized":null,"highway":"service","routingClass":"local","surface":null,"tracktype":null},"geometry":{"type":"LineString","coordinates":[[122.4226152,10.7687882],[122.4225573,10.7689748],[122.4225065,10.7691188],[122.4223335,10.7694284],[122.4221968,10.7696538],[122.4221644,10.7697053],[122.4221215,10.7697455],[122.4220759,10.7697718],[122.4219994,10.7697929]]}},{"type":"Feature","id":557160062,"properties":{"osmWayId":557160062,"name":null,"nameNormalized":null,"highway":"residential","routingClass":"local","surface":null,"tracktype":null},"geometry":{"type":"LineString","coordinates":[[122.3923385,10.7594161],[122.3921439,10.759343],[122.3919122,10.7592791],[122.3917211,10.7592472],[122.391408,10.7592991],[122.3911682,10.7593391],[122.3910896,10.7593701],[122.3910145,10.7593991],[122.390908,10.7594669],[122.3904608,10.7596785],[122.3903063,10.7596745],[122.3901112,10.7596745],[122.3897818,10.7596706],[122.3896152,10.7597105],[122.3894038,10.7596905],[122.3892536,10.7596757],[122.3890419,10.7595028],[122.3889728,10.7594908],[122.3887004,10.7594349]]}},{"type":"Feature","id":557190796,"properties":{"osmWayId":557190796,"name":null,"nameNormalized":null,"highway":"residential","routingClass":"local","surface":null,"tracktype":null},"geometry":{"type":"LineString","coordinates":[[122.4091423,10.7728574],[122.4090167,10.7729889],[122.4089148,10.7731311],[122.4088397,10.7733788],[122.4086841,10.7736107],[122.4084374,10.7738162],[122.4081691,10.7740112],[122.4079217,10.7740943]]}},{"type":"Feature","id":557208792,"properties":{"osmWayId":557208792,"name":null,"nameNormalized":null,"highway":"service","routingClass":"local","surface":null,"tracktype":null},"geometry":{"type":"LineString","coordinates":[[122.4230577,10.779857],[122.4231449,10.7799308],[122.4232346,10.7800151],[122.4233687,10.7801376],[122.4234438,10.7802088],[122.423488,10.780247],[122.4235229,10.7802694],[122.4235457,10.7802681],[122.4235725,10.7802509],[122.4237214,10.7800797]]}},{"type":"Feature","id":557208793,"properties":{"osmWayId":557208793,"name":null,"nameNormalized":null,"highway":"residential","routingClass":"local","surface":null,"tracktype":null},"geometry":{"type":"LineString","coordinates":[[122.4230577,10.779857],[122.4245127,10.7776279]]}},{"type":"Feature","id":557209551,"properties":{"osmWayId":557209551,"name":null,"nameNormalized":null,"highway":"service","routingClass":"local","surface":null,"tracktype":null},"geometry":{"type":"LineString","coordinates":[[122.4242806,10.772055],[122.4247488,10.7723449],[122.4249904,10.7725308],[122.4252252,10.7727394],[122.425977,10.7734551]]}},{"type":"Feature","id":557222205,"properties":{"osmWayId":557222205,"name":null,"nameNormalized":null,"highway":"residential","routingClass":"local","surface":null,"tracktype":null},"geometry":{"type":"LineString","coordinates":[[122.4107784,10.7519576],[122.4107771,10.7517547],[122.4107972,10.751507],[122.4109045,10.7512804],[122.4110569,10.7511162],[122.4112048,10.7509346],[122.4115133,10.7505373],[122.4116689,10.7503515],[122.4118486,10.7500762],[122.4119536,10.7499209],[122.4122173,10.7497796],[122.4124084,10.7497746],[122.4127029,10.7497481],[122.4130918,10.7496677],[122.413875,10.7492698],[122.4143659,10.7491789],[122.4146306,10.7492072],[122.4148158,10.7492697],[122.4151917,10.7491971],[122.4157244,10.749001],[122.4160597,10.7490089],[122.4164241,10.7491729],[122.4169663,10.7494358],[122.4173444,10.7496466],[122.4176209,10.7497263],[122.4179319,10.7496545],[122.4181815,10.749505],[122.418364,10.7493874],[122.4185034,10.7490728],[122.4186107,10.7484614],[122.4186683,10.7479818],[122.4189218,10.7475128],[122.4190761,10.7473033],[122.4193295,10.7471122],[122.419587,10.7470385],[122.4196994,10.7470062],[122.4197479,10.7468988],[122.4197412,10.7466827],[122.4197694,10.7464798],[122.4200591,10.7463217],[122.4203058,10.7461214],[122.4204668,10.7458895],[122.4206277,10.7456471],[122.4210729,10.7453229],[122.4212928,10.7451438],[122.4213835,10.7449013],[122.4215027,10.7446456],[122.4215947,10.744449],[122.4216405,10.7442066],[122.4216625,10.7439005],[122.4216982,10.7435918],[122.4216626,10.7433175],[122.4215193,10.7431285],[122.4212754,10.7428329],[122.4211209,10.7424974],[122.4210558,10.7422178],[122.4210152,10.742098],[122.4210609,10.7419036],[122.4212266,10.7416426],[122.4213892,10.7413471],[122.4214184,10.7409107],[122.4212022,10.7405242],[122.4210314,10.7401008],[122.4209013,10.7397973],[122.42082,10.7396455],[122.4209176,10.7394058],[122.4209501,10.7392541],[122.4210233,10.7390304],[122.4211209,10.7387668],[122.4213079,10.7385511],[122.4214461,10.7383913],[122.4215518,10.7382635],[122.4215193,10.7380718],[122.4214145,10.737729]]}},{"type":"Feature","id":557222215,"properties":{"osmWayId":557222215,"name":null,"nameNormalized":null,"highway":"residential","routingClass":"local","surface":"unpaved","tracktype":null},"geometry":{"type":"LineString","coordinates":[[122.4011989,10.7633293],[122.4009957,10.763185],[122.4008515,10.7630309],[122.4007846,10.7628727],[122.4008271,10.7625111],[122.4007917,10.7623025],[122.4006218,10.7619617],[122.4003246,10.761614],[122.4001929,10.7614691],[122.3999362,10.7612535],[122.3995824,10.7608914],[122.3990889,10.7604487],[122.3988207,10.7602879],[122.3985773,10.7601723]]}},{"type":"Feature","id":557948292,"properties":{"osmWayId":557948292,"name":null,"nameNormalized":null,"highway":"residential","routingClass":"local","surface":null,"tracktype":null},"geometry":{"type":"LineString","coordinates":[[122.4289637,10.7464987],[122.4288432,10.7465806],[122.4287103,10.7466913],[122.4286502,10.7467289],[122.4282034,10.7469499],[122.4276991,10.7472425],[122.4273222,10.7474766],[122.4270232,10.7476452],[122.4268477,10.7477398],[122.4267249,10.7478417],[122.4266544,10.7479061],[122.4265945,10.7479928],[122.4265015,10.7482605],[122.4264858,10.7483519],[122.4264774,10.7484714],[122.4264988,10.7486374],[122.4265181,10.7487752],[122.4265015,10.7490063],[122.4264616,10.7491222],[122.4263856,10.7492565],[122.4261111,10.7496471],[122.4258895,10.74988],[122.4257909,10.7500162],[122.425729,10.7501789],[122.425681,10.7503144],[122.4255708,10.7504609],[122.4255044,10.750546],[122.4253401,10.7506849],[122.4251717,10.7507609],[122.4250268,10.7508305],[122.4245837,10.7510485],[122.4241573,10.7512857],[122.4239454,10.7513871],[122.4238354,10.7514135],[122.4237214,10.7514333],[122.4236476,10.751453],[122.4235511,10.7515084],[122.4233915,10.7516032],[122.4233245,10.7516401],[122.4232631,10.7516809],[122.4232373,10.751623],[122.4232171,10.7515835],[122.4231487,10.7514425],[122.422957,10.7511012]]}},{"type":"Feature","id":558646762,"properties":{"osmWayId":558646762,"name":null,"nameNormalized":null,"highway":"unclassified","routingClass":"local","surface":null,"tracktype":null},"geometry":{"type":"LineString","coordinates":[[122.413386,10.7392131],[122.4133887,10.7393342],[122.4134727,10.7395108],[122.4136222,10.7396691],[122.4138253,10.7398664],[122.4140044,10.7400178],[122.414043,10.7401876],[122.4140051,10.740433],[122.4139397,10.7406395],[122.4138113,10.7408299],[122.4137553,10.7409217],[122.4135101,10.7411947],[122.413398,10.7413897],[122.4133303,10.7416306],[122.4132439,10.7418691],[122.4131412,10.7420481],[122.4130828,10.7421192],[122.41284,10.7423325],[122.4126728,10.7425667],[122.4124672,10.7428032],[122.4123499,10.7429684],[122.4122694,10.7431362],[122.412213,10.7433169],[122.4121863,10.7434565],[122.4120885,10.7438539],[122.4120437,10.7441059],[122.4120017,10.7442297],[122.4117838,10.7447946],[122.4116315,10.7453056],[122.4113285,10.7461367],[122.4110272,10.746605],[122.4108969,10.7468445],[122.4107519,10.7471921],[122.4106414,10.7473908],[122.410548,10.747491],[122.410486,10.7475227],[122.4101047,10.7475785],[122.4100419,10.7476688],[122.4099742,10.7478218],[122.4098821,10.748235],[122.4097851,10.7483364],[122.409686,10.7484133],[122.4094014,10.7485531],[122.4092632,10.748633],[122.4090762,10.7487089],[122.4088893,10.7487764],[122.4083993,10.7490524]]}},{"type":"Feature","id":619959531,"properties":{"osmWayId":619959531,"name":null,"nameNormalized":null,"highway":"residential","routingClass":"local","surface":null,"tracktype":null},"geometry":{"type":"LineString","coordinates":[[122.4290829,10.7924935],[122.4294283,10.7922103],[122.4296274,10.7921225],[122.4299495,10.7920193],[122.4302325,10.7919469],[122.4304578,10.7918889],[122.4305785,10.7919034],[122.4306535,10.791978],[122.4307058,10.7922284],[122.4307254,10.7923825],[122.4307352,10.7924242]]}},{"type":"Feature","id":620519225,"properties":{"osmWayId":620519225,"name":null,"nameNormalized":null,"highway":"service","routingClass":"local","surface":null,"tracktype":null},"geometry":{"type":"LineString","coordinates":[[122.4133152,10.7684452],[122.4129807,10.7689291],[122.412755,10.7689071],[122.4126676,10.7687474],[122.4129842,10.7682084]]}},{"type":"Feature","id":640441839,"properties":{"osmWayId":640441839,"name":null,"nameNormalized":null,"highway":"residential","routingClass":"local","surface":"unpaved","tracktype":null},"geometry":{"type":"LineString","coordinates":[[122.3958391,10.7709351],[122.3958076,10.7707547],[122.3957688,10.7706216],[122.3956937,10.7704872],[122.3956051,10.7703594],[122.3955877,10.7702883],[122.3955978,10.7702218],[122.3956373,10.77015],[122.3957393,10.7700867],[122.3958936,10.7700261],[122.3961603,10.7699563],[122.3964125,10.7698944],[122.3965642,10.7698011],[122.3966418,10.7695136],[122.3967142,10.7692844],[122.3967767,10.7690186],[122.3969739,10.7687462],[122.3975873,10.7676441],[122.3977565,10.7675234],[122.3982002,10.7673902],[122.3986991,10.7669995],[122.3988839,10.7668464],[122.3990162,10.7664544],[122.3993525,10.7656286],[122.3995374,10.7653198],[122.3996524,10.7650062],[122.3997469,10.7647932],[122.4000057,10.76466],[122.4002583,10.7645208],[122.4005324,10.7642963],[122.4006034,10.7640157],[122.4006155,10.7637865],[122.4005766,10.7635994],[122.4003631,10.7633161],[122.4001228,10.7629407],[122.3998108,10.7624979],[122.399615,10.7621607],[122.3994997,10.7619235],[122.3994434,10.7617022],[122.3993549,10.7614782],[122.3991738,10.7610944],[122.3988719,10.7607432],[122.3986925,10.7604103],[122.3985773,10.7601723]]}},{"type":"Feature","id":640441840,"properties":{"osmWayId":640441840,"name":null,"nameNormalized":null,"highway":"service","routingClass":"local","surface":null,"tracktype":null},"geometry":{"type":"LineString","coordinates":[[122.3999362,10.7612535],[122.3998229,10.7610217],[122.3995189,10.7606524],[122.3994018,10.76038],[122.3993895,10.7601621]]}},{"type":"Feature","id":640441841,"properties":{"osmWayId":640441841,"name":null,"nameNormalized":null,"highway":"residential","routingClass":"local","surface":null,"tracktype":null},"geometry":{"type":"LineString","coordinates":[[122.3964575,10.7718766],[122.3968365,10.7720596],[122.3971637,10.7723548],[122.3975499,10.7726815],[122.3979576,10.7729555],[122.3982151,10.77314],[122.3984619,10.7732664]]}},{"type":"Feature","id":640452164,"properties":{"osmWayId":640452164,"name":null,"nameNormalized":null,"highway":"service","routingClass":"local","surface":null,"tracktype":null},"geometry":{"type":"LineString","coordinates":[[122.3877758,10.7696625],[122.3868209,10.7700011],[122.3866858,10.7696245]]}},{"type":"Feature","id":640452166,"properties":{"osmWayId":640452166,"name":null,"nameNormalized":null,"highway":"residential","routingClass":"local","surface":null,"tracktype":null},"geometry":{"type":"LineString","coordinates":[[122.3875337,10.7693211],[122.3866858,10.7696245],[122.3863289,10.7697534],[122.3862124,10.7698126],[122.3861332,10.7699406],[122.3858764,10.7703374],[122.3858599,10.7704317],[122.3859089,10.7705682],[122.3858931,10.7706746],[122.3859209,10.7707577],[122.3860048,10.7709833],[122.3860162,10.7710829],[122.3860126,10.7712052]]}},{"type":"Feature","id":647947312,"properties":{"osmWayId":647947312,"name":null,"nameNormalized":null,"highway":"service","routingClass":"local","surface":null,"tracktype":null},"geometry":{"type":"LineString","coordinates":[[122.3964566,10.7410282],[122.3956831,10.7409092]]}},{"type":"Feature","id":703356402,"properties":{"osmWayId":703356402,"name":null,"nameNormalized":null,"highway":"residential","routingClass":"local","surface":null,"tracktype":null},"geometry":{"type":"LineString","coordinates":[[122.4275448,10.7825688],[122.4277554,10.7825327],[122.4280049,10.7825643],[122.4282905,10.7825736],[122.428544,10.7825673],[122.42889,10.7825288],[122.429135,10.7824317],[122.4293651,10.782303],[122.4296276,10.7822297],[122.4298261,10.7821546],[122.4301091,10.7819544],[122.4302392,10.7817133],[122.4304587,10.7813817],[122.4307347,10.7811592],[122.4308622,10.7810653]]}},{"type":"Feature","id":775183220,"properties":{"osmWayId":775183220,"name":null,"nameNormalized":null,"highway":"residential","routingClass":"local","surface":null,"tracktype":null},"geometry":{"type":"LineString","coordinates":[[122.3962781,10.7391955],[122.3970671,10.7395171]]}},{"type":"Feature","id":776897623,"properties":{"osmWayId":776897623,"name":null,"nameNormalized":null,"highway":"residential","routingClass":"local","surface":null,"tracktype":null},"geometry":{"type":"LineString","coordinates":[[122.4166444,10.7576916],[122.4169193,10.7574821],[122.4171138,10.7573029],[122.4171285,10.7572647],[122.4171285,10.7572278],[122.417095,10.7571751],[122.4169339,10.7570214],[122.4168615,10.7569371],[122.4168053,10.75688],[122.4167611,10.7568023],[122.4167477,10.7567193],[122.4167557,10.7566652],[122.4167758,10.7565414],[122.4168214,10.7564413],[122.4168737,10.7563306],[122.416977,10.755963],[122.4171326,10.7554821]]}},{"type":"Feature","id":776897624,"properties":{"osmWayId":776897624,"name":null,"nameNormalized":null,"highway":"residential","routingClass":"local","surface":null,"tracktype":null},"geometry":{"type":"LineString","coordinates":[[122.4114409,10.7563135],[122.411578,10.7566765],[122.4117229,10.7568135],[122.4119536,10.7570349],[122.4120823,10.757193],[122.4121467,10.7573142],[122.4122111,10.757662],[122.4122969,10.7579729],[122.4124954,10.7585527],[122.4125544,10.7589216],[122.4125276,10.7590744]]}},{"type":"Feature","id":776897625,"properties":{"osmWayId":776897625,"name":null,"nameNormalized":null,"highway":"residential","routingClass":"local","surface":null,"tracktype":null},"geometry":{"type":"LineString","coordinates":[[122.4068302,10.7535619],[122.4072326,10.7536409],[122.4075544,10.7536304],[122.407651,10.7536409],[122.4077583,10.7536778],[122.4079944,10.7538201],[122.4085523,10.7543735],[122.4092819,10.7552378],[122.4098076,10.7557858],[122.4098988,10.7559229],[122.4101671,10.7561337],[122.4103653,10.7564162]]}},{"type":"Feature","id":776897904,"properties":{"osmWayId":776897904,"name":null,"nameNormalized":null,"highway":"residential","routingClass":"local","surface":null,"tracktype":null},"geometry":{"type":"LineString","coordinates":[[122.3873417,10.7792649],[122.38739,10.7794336],[122.3874563,10.7798243]]}},{"type":"Feature","id":812544685,"properties":{"osmWayId":812544685,"name":null,"nameNormalized":null,"highway":"residential","routingClass":"local","surface":null,"tracktype":null},"geometry":{"type":"LineString","coordinates":[[122.4252261,10.7785409],[122.4257736,10.7781767],[122.4259345,10.7780977],[122.4263663,10.7778448]]}},{"type":"Feature","id":812544687,"properties":{"osmWayId":812544687,"name":null,"nameNormalized":null,"highway":"residential","routingClass":"local","surface":null,"tracktype":null},"geometry":{"type":"LineString","coordinates":[[122.4085818,10.7809778],[122.4088982,10.7811929],[122.4091597,10.7813681],[122.4097458,10.7813642],[122.4103439,10.7810243],[122.4106497,10.7809953],[122.4111673,10.7811455],[122.4115536,10.7813615],[122.4121731,10.781704],[122.4127364,10.7818648],[122.4133319,10.7820729],[122.4136591,10.7821098],[122.4140856,10.7820519],[122.4143833,10.782036],[122.4145576,10.7821335],[122.4150994,10.7827738],[122.4156788,10.7832157],[122.4162501,10.7835853],[122.4168836,10.7838396],[122.4173042,10.7839358],[122.4179184,10.7839173],[122.4182753,10.7838855]]}},{"type":"Feature","id":812544688,"properties":{"osmWayId":812544688,"name":null,"nameNormalized":null,"highway":"residential","routingClass":"local","surface":null,"tracktype":null},"geometry":{"type":"LineString","coordinates":[[122.4140024,10.7871318],[122.4140453,10.7866365],[122.4140078,10.7862307],[122.4139568,10.7855377],[122.4137779,10.7852376],[122.4134463,10.7850679]]}},{"type":"Feature","id":812544689,"properties":{"osmWayId":812544689,"name":null,"nameNormalized":null,"highway":"track","routingClass":"local","surface":null,"tracktype":null},"geometry":{"type":"LineString","coordinates":[[122.4114302,10.7890078],[122.4104375,10.7884633],[122.4101541,10.7877733],[122.4100431,10.7873738],[122.4097597,10.7870832],[122.4096241,10.7869864],[122.4093776,10.7870953],[122.4093037,10.787168],[122.4091188,10.7871438],[122.40886,10.7870106],[122.4084533,10.7871316],[122.4082561,10.7870832],[122.4081452,10.7868532],[122.4080713,10.7865263],[122.4076769,10.7857394],[122.4071963,10.7854246],[122.4069128,10.785352],[122.4066663,10.785352],[122.4064198,10.7852067],[122.4061857,10.7849283],[122.405779,10.7848677],[122.4054585,10.7847467],[122.405249,10.7844561],[122.4050765,10.7843835],[122.4047068,10.7845045],[122.4044233,10.7845651],[122.4041892,10.7845288],[122.4039303,10.7845893],[122.4036715,10.7846014],[122.4034374,10.784214],[122.4033511,10.7835118],[122.4036469,10.7829791],[122.4041114,10.7824026]]}},{"type":"Feature","id":819301171,"properties":{"osmWayId":819301171,"name":null,"nameNormalized":null,"highway":"residential","routingClass":"local","surface":null,"tracktype":null},"geometry":{"type":"LineString","coordinates":[[122.4185702,10.7868657],[122.4187764,10.7869052]]}},{"type":"Feature","id":819301172,"properties":{"osmWayId":819301172,"name":null,"nameNormalized":null,"highway":"residential","routingClass":"local","surface":null,"tracktype":null},"geometry":{"type":"LineString","coordinates":[[122.4190423,10.7846841],[122.418986,10.7852769],[122.4189967,10.7854639],[122.4190235,10.7855904]]}},{"type":"Feature","id":819301173,"properties":{"osmWayId":819301173,"name":null,"nameNormalized":null,"highway":"residential","routingClass":"local","surface":null,"tracktype":null},"geometry":{"type":"LineString","coordinates":[[122.418701,10.785634],[122.4187244,10.7857973],[122.4187191,10.785983],[122.4187754,10.7860463],[122.4187969,10.7861134],[122.4187822,10.786286],[122.4187875,10.786481],[122.4187764,10.7869052],[122.4187714,10.7870975],[122.4187392,10.7871371],[122.4186427,10.7871502],[122.4184764,10.7871687]]}},{"type":"Feature","id":819301174,"properties":{"osmWayId":819301174,"name":null,"nameNormalized":null,"highway":"service","routingClass":"local","surface":null,"tracktype":null},"geometry":{"type":"LineString","coordinates":[[122.4175215,10.7867471],[122.4176797,10.7871819],[122.4178353,10.7875982],[122.4178353,10.7877036],[122.4177897,10.7877642],[122.4174088,10.7879117],[122.4172613,10.7879697]]}},{"type":"Feature","id":819301175,"properties":{"osmWayId":819301175,"name":null,"nameNormalized":null,"highway":"unclassified","routingClass":"local","surface":null,"tracktype":null},"geometry":{"type":"LineString","coordinates":[[122.4166457,10.7866694],[122.4165854,10.7866022]]}},{"type":"Feature","id":819301176,"properties":{"osmWayId":819301176,"name":null,"nameNormalized":null,"highway":"unclassified","routingClass":"local","surface":null,"tracktype":null},"geometry":{"type":"LineString","coordinates":[[122.423736,10.7766932],[122.4229298,10.7773183],[122.4225131,10.777699],[122.4224391,10.7777813],[122.4224068,10.7778744],[122.4224085,10.7779652],[122.4224406,10.7780758],[122.4225052,10.7782],[122.4225799,10.7783487],[122.4226069,10.7784447],[122.4226387,10.7788042],[122.4226628,10.779359],[122.4226515,10.779426],[122.4226163,10.779496],[122.4225653,10.7795514],[122.4224534,10.779627],[122.422336,10.7796805],[122.4221947,10.7796908],[122.4220625,10.7796673],[122.4219304,10.7796661],[122.4217432,10.7797033],[122.4215082,10.7798408],[122.4210425,10.7801674],[122.4209802,10.7802944],[122.4209695,10.7804051],[122.4209547,10.7805776],[122.4209614,10.7807397],[122.4209735,10.7809017],[122.421003,10.7810796],[122.421062,10.7813668],[122.4210827,10.7814976],[122.421062,10.7816566],[122.4210189,10.781758],[122.4208555,10.781986],[122.4207821,10.7821097],[122.4207187,10.7822574],[122.4206661,10.7823591],[122.4203163,10.7828502],[122.4202777,10.7829262],[122.4202198,10.783061],[122.4201554,10.7833277],[122.4200964,10.7835484],[122.4200393,10.7836657],[122.4199286,10.7837538],[122.4198201,10.7838198],[122.4197081,10.7838573],[122.4195167,10.7838795],[122.4194044,10.7839279],[122.4193239,10.7839895],[122.4192636,10.7841228],[122.4191952,10.784302],[122.4190423,10.7846841],[122.4189378,10.7849468],[122.4189126,10.7849846],[122.4188116,10.7851689],[122.4187794,10.7852611],[122.4187486,10.7853665],[122.4187137,10.7855114],[122.418701,10.785634],[122.4186132,10.7857907],[122.4184817,10.7859567],[122.4181464,10.7862887],[122.4176444,10.7867084],[122.4175215,10.7867471],[122.4174551,10.786768],[122.4173946,10.786787],[122.4171611,10.7868025],[122.4168925,10.7868059],[122.4167745,10.7867722],[122.4167022,10.7867215],[122.4166457,10.7866694]]}},{"type":"Feature","id":821682700,"properties":{"osmWayId":821682700,"name":null,"nameNormalized":null,"highway":"residential","routingClass":"local","surface":null,"tracktype":null},"geometry":{"type":"LineString","coordinates":[[122.4225653,10.7795514],[122.4226818,10.779654],[122.4227604,10.7797197],[122.4228369,10.7797876],[122.4228956,10.7798252],[122.4229556,10.7798412],[122.4230577,10.779857]]}},{"type":"Feature","id":821682820,"properties":{"osmWayId":821682820,"name":null,"nameNormalized":null,"highway":"residential","routingClass":"local","surface":null,"tracktype":null},"geometry":{"type":"LineString","coordinates":[[122.4177025,10.7781865],[122.4179989,10.7782445],[122.4181572,10.7782418],[122.4182564,10.7782234],[122.4184093,10.778176],[122.4184978,10.7781496],[122.418581,10.7781338],[122.4186614,10.7781575],[122.418817,10.7782392],[122.4189243,10.7782761],[122.4190369,10.7782813],[122.4191576,10.7782655],[122.4193776,10.778197],[122.4198067,10.7780468],[122.420319,10.7778571],[122.4205135,10.7777952],[122.4205873,10.7777636],[122.4206597,10.7777228],[122.4207348,10.7776832],[122.4208367,10.7776701],[122.4209306,10.777678],[122.4210513,10.7777175],[122.4211317,10.7777544],[122.4211934,10.7777675],[122.4212444,10.7777517],[122.4212793,10.7777201],[122.4213383,10.777649],[122.4213383,10.7776121],[122.4213249,10.7775726],[122.4212659,10.7774593],[122.4212203,10.7773776],[122.4211988,10.7773381],[122.42118,10.7772801],[122.4211881,10.7772274],[122.4211934,10.7771194],[122.4211693,10.7770245],[122.4211478,10.776927],[122.4211344,10.7768506],[122.4211344,10.7767795],[122.4211505,10.7767452],[122.4212149,10.7766741],[122.4213571,10.776516],[122.4214375,10.7763552],[122.4214697,10.7762288],[122.4215019,10.7760206],[122.4215636,10.7757756],[122.4216306,10.7755358],[122.4216628,10.7752907],[122.4216548,10.7751695],[122.4216306,10.7750694],[122.4215475,10.774881]]}},{"type":"Feature","id":821683131,"properties":{"osmWayId":821683131,"name":null,"nameNormalized":null,"highway":"service","routingClass":"local","surface":null,"tracktype":null},"geometry":{"type":"LineString","coordinates":[[122.4190729,10.7752092],[122.4188653,10.7755674],[122.4187875,10.7756622],[122.4187339,10.7757149],[122.4186749,10.7757544],[122.4186105,10.7757729],[122.4185166,10.7757729],[122.418235,10.7756359]]}},{"type":"Feature","id":821683462,"properties":{"osmWayId":821683462,"name":null,"nameNormalized":null,"highway":"service","routingClass":"local","surface":null,"tracktype":null},"geometry":{"type":"LineString","coordinates":[[122.4230307,10.7757848],[122.4230897,10.7757162],[122.4230978,10.7756873],[122.4231005,10.7756517],[122.4230844,10.775595],[122.4229918,10.775429]]}},{"type":"Feature","id":821694812,"properties":{"osmWayId":821694812,"name":null,"nameNormalized":null,"highway":"residential","routingClass":"local","surface":null,"tracktype":null},"geometry":{"type":"LineString","coordinates":[[122.4341807,10.7832797],[122.4341404,10.7831321],[122.4341029,10.7830636],[122.4340385,10.7829899],[122.4338262,10.7828437]]}},{"type":"Feature","id":821695485,"properties":{"osmWayId":821695485,"name":null,"nameNormalized":null,"highway":"service","routingClass":"local","surface":null,"tracktype":null},"geometry":{"type":"LineString","coordinates":[[122.4178648,10.7751379],[122.4178138,10.775022],[122.4177414,10.77474],[122.417728,10.7744818],[122.4177964,10.7741854],[122.417964,10.7738337],[122.4180753,10.7736229],[122.4181303,10.7735267],[122.4181706,10.7734885],[122.4182188,10.7734529],[122.4182832,10.7734318],[122.4184079,10.7734081],[122.4185045,10.7733818],[122.418542,10.7733594],[122.4185769,10.7733225],[122.4186386,10.7732224],[122.4187653,10.7730127]]}},{"type":"Feature","id":821695486,"properties":{"osmWayId":821695486,"name":null,"nameNormalized":null,"highway":"service","routingClass":"local","surface":null,"tracktype":null},"geometry":{"type":"LineString","coordinates":[[122.4233808,10.768208],[122.4234145,10.7683139]]}},{"type":"Feature","id":821695487,"properties":{"osmWayId":821695487,"name":null,"nameNormalized":null,"highway":"service","routingClass":"local","surface":null,"tracktype":null},"geometry":{"type":"LineString","coordinates":[[122.4239045,10.7666369],[122.4238516,10.7670544],[122.4238086,10.7673859],[122.4237791,10.7675334],[122.4236892,10.7677469],[122.4236369,10.7678299],[122.4233808,10.768208]]}},{"type":"Feature","id":821695492,"properties":{"osmWayId":821695492,"name":null,"nameNormalized":null,"highway":"service","routingClass":"local","surface":null,"tracktype":null},"geometry":{"type":"LineString","coordinates":[[122.4266693,10.7810616],[122.4268167,10.7809781],[122.4269186,10.7808885]]}},{"type":"Feature","id":821695493,"properties":{"osmWayId":821695493,"name":null,"nameNormalized":null,"highway":"residential","routingClass":"local","surface":null,"tracktype":null},"geometry":{"type":"LineString","coordinates":[[122.4266839,10.7828845],[122.4266731,10.7828068],[122.4267093,10.7827567],[122.4268274,10.7827356],[122.4273732,10.7827014],[122.4276292,10.7826851]]}},{"type":"Feature","id":821695494,"properties":{"osmWayId":821695494,"name":null,"nameNormalized":null,"highway":"service","routingClass":"local","surface":null,"tracktype":null},"geometry":{"type":"LineString","coordinates":[[122.4264439,10.7808135],[122.426621,10.7807871]]}},{"type":"Feature","id":821705587,"properties":{"osmWayId":821705587,"name":null,"nameNormalized":null,"highway":"residential","routingClass":"local","surface":null,"tracktype":null},"geometry":{"type":"LineString","coordinates":[[122.4273868,10.7627041],[122.4279258,10.7625006],[122.4280438,10.7624452],[122.428202,10.7623451],[122.428304,10.7623029],[122.4284327,10.7622529],[122.4285239,10.7622397],[122.4286741,10.7622608]]}},{"type":"Feature","id":821705588,"properties":{"osmWayId":821705588,"name":null,"nameNormalized":null,"highway":"residential","routingClass":"local","surface":null,"tracktype":null},"geometry":{"type":"LineString","coordinates":[[122.4267536,10.7584268],[122.4271014,10.7588207]]}},{"type":"Feature","id":821705589,"properties":{"osmWayId":821705589,"name":null,"nameNormalized":null,"highway":"residential","routingClass":"local","surface":null,"tracktype":null},"geometry":{"type":"LineString","coordinates":[[122.4265572,10.7604584],[122.4265216,10.760434],[122.4264801,10.7603978],[122.4264479,10.7603583],[122.4263942,10.7602687],[122.4263057,10.760129],[122.4262628,10.7600711],[122.426185,10.759992],[122.4260668,10.7598793]]}},{"type":"Feature","id":821723865,"properties":{"osmWayId":821723865,"name":null,"nameNormalized":null,"highway":"service","routingClass":"local","surface":null,"tracktype":null},"geometry":{"type":"LineString","coordinates":[[122.4309265,10.7867807],[122.4309546,10.7867577],[122.4309624,10.786747],[122.4309831,10.7867096],[122.4309976,10.7866549],[122.431007,10.7866101],[122.4310157,10.7865818],[122.4310284,10.7865627],[122.4310817,10.7865502],[122.431363,10.786564],[122.4313932,10.7865568],[122.4314116,10.7865347],[122.4314197,10.7864672]]}},{"type":"Feature","id":821723910,"properties":{"osmWayId":821723910,"name":null,"nameNormalized":null,"highway":"service","routingClass":"local","surface":null,"tracktype":null},"geometry":{"type":"LineString","coordinates":[[122.4338186,10.7591752],[122.4338481,10.7592542],[122.4338722,10.75927],[122.4339259,10.7592924],[122.4340077,10.759278],[122.434619,10.7589208]]}},{"type":"Feature","id":821724606,"properties":{"osmWayId":821724606,"name":null,"nameNormalized":null,"highway":"service","routingClass":"local","surface":null,"tracktype":null},"geometry":{"type":"LineString","coordinates":[[122.4305979,10.7881693],[122.4303934,10.7880191],[122.4302901,10.7879269],[122.4301828,10.7878478],[122.4300145,10.7877424],[122.4298556,10.787664]]}},{"type":"Feature","id":821724607,"properties":{"osmWayId":821724607,"name":null,"nameNormalized":null,"highway":"residential","routingClass":"local","surface":null,"tracktype":null},"geometry":{"type":"LineString","coordinates":[[122.4291745,10.7909692],[122.4290657,10.7908996],[122.4290268,10.7908706],[122.4289933,10.7908666],[122.4289624,10.7908772],[122.4286446,10.7910906]]}},{"type":"Feature","id":821724608,"properties":{"osmWayId":821724608,"name":null,"nameNormalized":null,"highway":"residential","routingClass":"local","surface":null,"tracktype":null},"geometry":{"type":"LineString","coordinates":[[122.4282852,10.791715],[122.4281886,10.7917558],[122.4280653,10.7918309],[122.4279177,10.7918915],[122.4278419,10.7919093],[122.4277649,10.7919416],[122.427683,10.7919706]]}},{"type":"Feature","id":821726666,"properties":{"osmWayId":821726666,"name":null,"nameNormalized":null,"highway":"residential","routingClass":"local","surface":null,"tracktype":null},"geometry":{"type":"LineString","coordinates":[[122.4319383,10.7865627],[122.432224,10.7866622],[122.4323514,10.7867287],[122.4324292,10.7868143],[122.4326089,10.7871305]]}},{"type":"Feature","id":821726667,"properties":{"osmWayId":821726667,"name":null,"nameNormalized":null,"highway":"service","routingClass":"local","surface":null,"tracktype":null},"geometry":{"type":"LineString","coordinates":[[122.4311912,10.7876285],[122.431069,10.7875069],[122.431066,10.7874974],[122.4310696,10.7874895],[122.4311836,10.7873884],[122.4311907,10.7873848],[122.4312004,10.7873854],[122.4312081,10.7873894],[122.4313208,10.7875191]]}},{"type":"Feature","id":821726668,"properties":{"osmWayId":821726668,"name":null,"nameNormalized":null,"highway":"service","routingClass":"local","surface":null,"tracktype":null},"geometry":{"type":"LineString","coordinates":[[122.4297383,10.7865317],[122.4297272,10.7865419],[122.4297114,10.7865495],[122.4296404,10.7865699],[122.4295448,10.786591]]}},{"type":"Feature","id":821726669,"properties":{"osmWayId":821726669,"name":null,"nameNormalized":null,"highway":"residential","routingClass":"local","surface":null,"tracktype":null},"geometry":{"type":"LineString","coordinates":[[122.429861,10.7865192],[122.4297383,10.7865317],[122.4295894,10.7865482],[122.4293105,10.7865785],[122.4290389,10.7866174],[122.4289718,10.7866286]]}},{"type":"Feature","id":826983085,"properties":{"osmWayId":826983085,"name":null,"nameNormalized":null,"highway":"service","routingClass":"local","surface":null,"tracktype":null},"geometry":{"type":"LineString","coordinates":[[122.424792,10.7682643],[122.4248654,10.7680393],[122.4249136,10.7679972],[122.4250102,10.7679708],[122.4251872,10.767955],[122.4252677,10.7679339],[122.4253428,10.7678549],[122.4254072,10.7676705],[122.4254876,10.7674333]]}},{"type":"Feature","id":826985534,"properties":{"osmWayId":826985534,"name":null,"nameNormalized":null,"highway":"residential","routingClass":"local","surface":null,"tracktype":null},"geometry":{"type":"LineString","coordinates":[[122.4164606,10.7654004],[122.4163976,10.7654439],[122.4163212,10.7654716],[122.4162018,10.7654953],[122.4161187,10.7655217],[122.4160302,10.7655427],[122.4158424,10.7655533]]}},{"type":"Feature","id":834383270,"properties":{"osmWayId":834383270,"name":null,"nameNormalized":null,"highway":"residential","routingClass":"local","surface":null,"tracktype":null},"geometry":{"type":"LineString","coordinates":[[122.4220665,10.770341],[122.4222194,10.7704504],[122.422387,10.7705953],[122.4225144,10.7707059],[122.4225922,10.7707942],[122.4226525,10.7709246],[122.4227464,10.7712329],[122.4228121,10.7714279],[122.4229301,10.771727],[122.4229731,10.7717836],[122.4230187,10.7718297],[122.4230844,10.7718811],[122.4231957,10.7719615],[122.4232842,10.7720484],[122.4233365,10.7721051],[122.4234022,10.7721894],[122.4235578,10.7723791],[122.4237388,10.7725715]]}},{"type":"Feature","id":834398252,"properties":{"osmWayId":834398252,"name":null,"nameNormalized":null,"highway":"residential","routingClass":"local","surface":null,"tracktype":null},"geometry":{"type":"LineString","coordinates":[[122.4232631,10.7516809],[122.4230307,10.7519629],[122.4229784,10.7520472],[122.4229583,10.7521039],[122.4229583,10.7521526],[122.422961,10.752208],[122.4229771,10.75232]]}},{"type":"Feature","id":901849152,"properties":{"osmWayId":901849152,"name":null,"nameNormalized":null,"highway":"service","routingClass":"local","surface":null,"tracktype":null},"geometry":{"type":"LineString","coordinates":[[122.4126568,10.7690554],[122.4127083,10.768984],[122.412755,10.7689071]]}},{"type":"Feature","id":903280681,"properties":{"osmWayId":903280681,"name":null,"nameNormalized":null,"highway":"residential","routingClass":"local","surface":null,"tracktype":null},"geometry":{"type":"LineString","coordinates":[[122.381791,10.7373497],[122.3822987,10.7374826],[122.3824891,10.7374905],[122.3827144,10.7375643],[122.3827735,10.7375695],[122.3828593,10.7375458],[122.3832509,10.7373218],[122.3833153,10.7373218],[122.3833877,10.7373719],[122.3839858,10.7378673],[122.384474,10.7383786]]}},{"type":"Feature","id":903327701,"properties":{"osmWayId":903327701,"name":null,"nameNormalized":null,"highway":"residential","routingClass":"local","surface":null,"tracktype":null},"geometry":{"type":"LineString","coordinates":[[122.4302123,10.7659261],[122.4301212,10.7663688],[122.429975,10.7668299]]}},{"type":"Feature","id":903733260,"properties":{"osmWayId":903733260,"name":null,"nameNormalized":null,"highway":"track","routingClass":"local","surface":null,"tracktype":null},"geometry":{"type":"LineString","coordinates":[[122.4027598,10.7561954],[122.4037381,10.7555797],[122.4037936,10.7554768],[122.4036334,10.7531884],[122.4039969,10.7508516],[122.404151,10.7495016]]}},{"type":"Feature","id":903733438,"properties":{"osmWayId":903733438,"name":null,"nameNormalized":null,"highway":"residential","routingClass":"local","surface":null,"tracktype":null},"geometry":{"type":"LineString","coordinates":[[122.3993768,10.7679699],[122.3994481,10.7680308],[122.3996171,10.7681395],[122.3997324,10.7682264],[122.4000616,10.7687271],[122.4002856,10.7690775],[122.4004868,10.7692725],[122.4014899,10.7695545],[122.4020049,10.7696757],[122.4032884,10.770482]]}},{"type":"Feature","id":903778672,"properties":{"osmWayId":903778672,"name":null,"nameNormalized":null,"highway":"service","routingClass":"local","surface":null,"tracktype":null},"geometry":{"type":"LineString","coordinates":[[122.4314207,10.7724766],[122.4309781,10.7722948],[122.4308386,10.7722527],[122.4306656,10.7722737],[122.4303183,10.7725675],[122.4298704,10.7729232],[122.4296911,10.7735782]]}},{"type":"Feature","id":904068369,"properties":{"osmWayId":904068369,"name":null,"nameNormalized":null,"highway":"unclassified","routingClass":"local","surface":"dirt","tracktype":null},"geometry":{"type":"LineString","coordinates":[[122.3834551,10.7918387],[122.3834284,10.7918724],[122.3833979,10.7919092],[122.3833591,10.7919528],[122.3833453,10.7919827],[122.3833161,10.7920141]]}},{"type":"Feature","id":904069044,"properties":{"osmWayId":904069044,"name":null,"nameNormalized":null,"highway":"residential","routingClass":"local","surface":null,"tracktype":null},"geometry":{"type":"LineString","coordinates":[[122.3866881,10.7856994],[122.3870087,10.7860805],[122.3873198,10.7862439],[122.3876497,10.7863308],[122.3880842,10.7865205],[122.3883082,10.7865495],[122.3885402,10.7863822],[122.3887239,10.7863018],[122.3888364,10.7863098],[122.3888916,10.7863137],[122.3891169,10.7864468],[122.389365,10.786651],[122.3895004,10.786726],[122.3896399,10.7867603],[122.3902414,10.7867458]]}},{"type":"Feature","id":905329806,"properties":{"osmWayId":905329806,"name":null,"nameNormalized":null,"highway":"service","routingClass":"local","surface":null,"tracktype":null},"geometry":{"type":"LineString","coordinates":[[122.4105583,10.737398],[122.4112129,10.737198],[122.4117708,10.7372138],[122.41198,10.7369555],[122.4123824,10.736808]]}},{"type":"Feature","id":905342918,"properties":{"osmWayId":905342918,"name":null,"nameNormalized":null,"highway":"residential","routingClass":"local","surface":null,"tracktype":null},"geometry":{"type":"LineString","coordinates":[[122.3886877,10.7707191],[122.3891973,10.7706295],[122.3892818,10.7706335],[122.3893328,10.770677],[122.3893516,10.7707415],[122.3893811,10.770785],[122.3894387,10.7707955],[122.3895453,10.7707824]]}},{"type":"Feature","id":905342919,"properties":{"osmWayId":905342919,"name":null,"nameNormalized":null,"highway":"residential","routingClass":"local","surface":null,"tracktype":null},"geometry":{"type":"LineString","coordinates":[[122.3895541,10.7857907],[122.3901395,10.7857024]]}},{"type":"Feature","id":905342920,"properties":{"osmWayId":905342920,"name":null,"nameNormalized":null,"highway":"residential","routingClass":"local","surface":null,"tracktype":null},"geometry":{"type":"LineString","coordinates":[[122.3905471,10.7819992],[122.3897665,10.7821345]]}},{"type":"Feature","id":905355064,"properties":{"osmWayId":905355064,"name":null,"nameNormalized":null,"highway":"residential","routingClass":"local","surface":null,"tracktype":null},"geometry":{"type":"LineString","coordinates":[[122.410486,10.7475227],[122.410592,10.7478218],[122.4107543,10.7485083],[122.4108776,10.7486506],[122.4111164,10.7487006],[122.4113202,10.74864],[122.4114704,10.7484108],[122.4116152,10.7480418],[122.4118003,10.7477388],[122.4120337,10.7475069],[122.4126881,10.7473409],[122.4130154,10.7471248]]}},{"type":"Feature","id":905784483,"properties":{"osmWayId":905784483,"name":null,"nameNormalized":null,"highway":"residential","routingClass":"local","surface":null,"tracktype":null},"geometry":{"type":"LineString","coordinates":[[122.3923566,10.7885918],[122.3925421,10.7893391]]}},{"type":"Feature","id":905784484,"properties":{"osmWayId":905784484,"name":null,"nameNormalized":null,"highway":"residential","routingClass":"local","surface":null,"tracktype":null},"geometry":{"type":"LineString","coordinates":[[122.3922953,10.7893437],[122.3925421,10.7893391],[122.3925783,10.7893385],[122.3929819,10.7895045],[122.3925201,10.7896904],[122.392188,10.7897007],[122.3919801,10.7897798],[122.3914799,10.7898694],[122.3912533,10.7898997],[122.3911782,10.7898996],[122.3910923,10.7898786],[122.3909971,10.7896019],[122.390928,10.7891599],[122.3909119,10.7890414],[122.3908795,10.78896]]}},{"type":"Feature","id":905784485,"properties":{"osmWayId":905784485,"name":null,"nameNormalized":null,"highway":"residential","routingClass":"local","surface":null,"tracktype":null},"geometry":{"type":"LineString","coordinates":[[122.3921065,10.7886778],[122.3922953,10.7893437],[122.3916905,10.7895005]]}},{"type":"Feature","id":906040180,"properties":{"osmWayId":906040180,"name":null,"nameNormalized":null,"highway":"residential","routingClass":"local","surface":null,"tracktype":null},"geometry":{"type":"LineString","coordinates":[[122.3964016,10.7412679],[122.3959257,10.7411917]]}},{"type":"Feature","id":906040181,"properties":{"osmWayId":906040181,"name":null,"nameNormalized":null,"highway":"residential","routingClass":"local","surface":null,"tracktype":null},"geometry":{"type":"LineString","coordinates":[[122.4032743,10.7493014],[122.4030724,10.7492329],[122.4028565,10.7491354],[122.4026312,10.7491209],[122.401789,10.7493963],[122.4016495,10.7493634],[122.4015154,10.7491552],[122.4014054,10.7491275],[122.401101,10.7493054],[122.4004814,10.7496545]]}},{"type":"Feature","id":906040182,"properties":{"osmWayId":906040182,"name":null,"nameNormalized":null,"highway":"residential","routingClass":"local","surface":null,"tracktype":null},"geometry":{"type":"LineString","coordinates":[[122.3946754,10.7500797],[122.3943512,10.7498166],[122.3942158,10.7497995],[122.3938335,10.7499694],[122.3937196,10.7499879],[122.3934835,10.7499194],[122.3932622,10.7499615],[122.3931187,10.7499576],[122.3929779,10.749951],[122.392754,10.7500366],[122.3926708,10.7500485],[122.3924401,10.7498153],[122.3923302,10.7496927],[122.3924187,10.7492909]]}},{"type":"Feature","id":906040183,"properties":{"osmWayId":906040183,"name":null,"nameNormalized":null,"highway":"residential","routingClass":"local","surface":null,"tracktype":null},"geometry":{"type":"LineString","coordinates":[[122.3952766,10.7465451],[122.3959485,10.74652],[122.3960678,10.7465503],[122.3964313,10.7470049],[122.396509,10.7470339],[122.396733,10.7469548]]}},{"type":"Feature","id":906040184,"properties":{"osmWayId":906040184,"name":null,"nameNormalized":null,"highway":"residential","routingClass":"local","surface":null,"tracktype":null},"geometry":{"type":"LineString","coordinates":[[122.3974156,10.7390295],[122.3968054,10.7384813]]}},{"type":"Feature","id":906456075,"properties":{"osmWayId":906456075,"name":null,"nameNormalized":null,"highway":"residential","routingClass":"local","surface":null,"tracktype":null},"geometry":{"type":"LineString","coordinates":[[122.3924898,10.781704],[122.3929793,10.7816909],[122.3931348,10.7817225],[122.3938242,10.7815802],[122.3938778,10.781488],[122.3938552,10.780867]]}},{"type":"Feature","id":906456076,"properties":{"osmWayId":906456076,"name":null,"nameNormalized":null,"highway":"residential","routingClass":"local","surface":null,"tracktype":null},"geometry":{"type":"LineString","coordinates":[[122.3923906,10.7810223],[122.3923345,10.7801663]]}},{"type":"Feature","id":906456077,"properties":{"osmWayId":906456077,"name":null,"nameNormalized":null,"highway":"residential","routingClass":"local","surface":null,"tracktype":null},"geometry":{"type":"LineString","coordinates":[[122.392588,10.7823705],[122.3926225,10.7823219],[122.3924898,10.781704],[122.3923906,10.7810223]]}},{"type":"Feature","id":906456078,"properties":{"osmWayId":906456078,"name":null,"nameNormalized":null,"highway":"residential","routingClass":"local","surface":null,"tracktype":null},"geometry":{"type":"LineString","coordinates":[[122.395636,10.7831875],[122.3942023,10.7833851],[122.3931013,10.7833337],[122.3929283,10.7833561],[122.3928586,10.783281],[122.3927674,10.7831624],[122.3927888,10.782671],[122.3927566,10.7826012],[122.3926507,10.7825577],[122.3925816,10.782505],[122.3925769,10.7824563],[122.392588,10.7823705]]}},{"type":"Feature","id":906456079,"properties":{"osmWayId":906456079,"name":null,"nameNormalized":null,"highway":"residential","routingClass":"local","surface":null,"tracktype":null},"geometry":{"type":"LineString","coordinates":[[122.3915845,10.7830755],[122.3919922,10.7830623],[122.3920123,10.7831058],[122.3921451,10.783472],[122.3920834,10.78353],[122.3917213,10.7837408]]}},{"type":"Feature","id":906456080,"properties":{"osmWayId":906456080,"name":null,"nameNormalized":null,"highway":"residential","routingClass":"local","surface":null,"tracktype":null},"geometry":{"type":"LineString","coordinates":[[122.391551,10.7827488],[122.3920217,10.7827619]]}},{"type":"Feature","id":906456081,"properties":{"osmWayId":906456081,"name":null,"nameNormalized":null,"highway":"residential","routingClass":"local","surface":null,"tracktype":null},"geometry":{"type":"LineString","coordinates":[[122.3914006,10.7824493],[122.391551,10.7827488],[122.3915845,10.7830755],[122.3917213,10.7837408],[122.3917642,10.7840543],[122.3917253,10.7841097],[122.3915791,10.7842783],[122.3915737,10.7843547]]}},{"type":"Feature","id":906461141,"properties":{"osmWayId":906461141,"name":null,"nameNormalized":null,"highway":"residential","routingClass":"local","surface":null,"tracktype":null},"geometry":{"type":"LineString","coordinates":[[122.3916461,10.7725114],[122.3918466,10.773372],[122.391787,10.7734621],[122.3915148,10.7735767],[122.3911366,10.7736716]]}},{"type":"Feature","id":906461142,"properties":{"osmWayId":906461142,"name":null,"nameNormalized":null,"highway":"residential","routingClass":"local","surface":null,"tracktype":null},"geometry":{"type":"LineString","coordinates":[[122.4075682,10.7807952],[122.4079728,10.780081],[122.4080291,10.7799835],[122.4081311,10.7799334],[122.4085066,10.7798544],[122.4086125,10.7797529],[122.4088968,10.7789216],[122.4088821,10.7787622],[122.4084717,10.7783235],[122.408237,10.7781009],[122.4078521,10.7778782]]}},{"type":"Feature","id":906470898,"properties":{"osmWayId":906470898,"name":null,"nameNormalized":null,"highway":"service","routingClass":"local","surface":null,"tracktype":null},"geometry":{"type":"LineString","coordinates":[[122.3984619,10.7732664],[122.398537,10.7734087],[122.3985424,10.7735668],[122.3984726,10.7736564],[122.3978986,10.7738672],[122.3974426,10.7739884]]}},{"type":"Feature","id":906470899,"properties":{"osmWayId":906470899,"name":null,"nameNormalized":null,"highway":"residential","routingClass":"local","surface":null,"tracktype":null},"geometry":{"type":"LineString","coordinates":[[122.3984619,10.7732664],[122.39921,10.7732012],[122.3994675,10.7731775],[122.3995721,10.7731275],[122.3996043,10.7730036],[122.399312,10.772279],[122.3993763,10.7721921],[122.3998645,10.7719602],[122.4001139,10.7718969],[122.400476,10.7719101],[122.4006021,10.7720656],[122.4007201,10.7723739],[122.4008971,10.7725715],[122.4010956,10.7726268],[122.4012995,10.7728719]]}},{"type":"Feature","id":906470900,"properties":{"osmWayId":906470900,"name":null,"nameNormalized":null,"highway":"residential","routingClass":"local","surface":null,"tracktype":null},"geometry":{"type":"LineString","coordinates":[[122.4057895,10.7719575],[122.4054569,10.7722158],[122.4050465,10.7722158],[122.404781,10.7721473],[122.4046013,10.7718627],[122.404384,10.7712751],[122.4041158,10.7707481],[122.4038717,10.7705742],[122.4035874,10.7704951],[122.4032884,10.770482]]}},{"type":"Feature","id":906470901,"properties":{"osmWayId":906470901,"name":null,"nameNormalized":null,"highway":"residential","routingClass":"local","surface":null,"tracktype":null},"geometry":{"type":"LineString","coordinates":[[122.3909517,10.7726689],[122.3911366,10.7736716],[122.3911817,10.7738975]]}},{"type":"Feature","id":906470902,"properties":{"osmWayId":906470902,"name":null,"nameNormalized":null,"highway":"residential","routingClass":"local","surface":null,"tracktype":null},"geometry":{"type":"LineString","coordinates":[[122.3911218,10.7864797],[122.3904982,10.786539],[122.3902029,10.7864746]]}},{"type":"Feature","id":906473975,"properties":{"osmWayId":906473975,"name":null,"nameNormalized":null,"highway":"service","routingClass":"local","surface":null,"tracktype":null},"geometry":{"type":"LineString","coordinates":[[122.3927674,10.7831624],[122.3923919,10.7835076],[122.3923489,10.7836196],[122.3923489,10.7837382],[122.3924254,10.7839371]]}},{"type":"Feature","id":906473976,"properties":{"osmWayId":906473976,"name":null,"nameNormalized":null,"highway":"service","routingClass":"local","surface":null,"tracktype":null},"geometry":{"type":"LineString","coordinates":[[122.4032884,10.770482],[122.4035203,10.7708957],[122.4035042,10.7713436],[122.4033809,10.771694],[122.4032186,10.7717863],[122.4031515,10.7719786],[122.4028257,10.7735701],[122.4026459,10.7739575],[122.402477,10.7742605],[122.4021122,10.7748586],[122.4018198,10.7751089],[122.4015892,10.7752591],[122.4015328,10.7755121]]}},{"type":"Feature","id":906473977,"properties":{"osmWayId":906473977,"name":null,"nameNormalized":null,"highway":"residential","routingClass":"local","surface":null,"tracktype":null},"geometry":{"type":"LineString","coordinates":[[122.3926504,10.7801613],[122.3926976,10.7794776]]}},{"type":"Feature","id":906499612,"properties":{"osmWayId":906499612,"name":null,"nameNormalized":null,"highway":"residential","routingClass":"local","surface":null,"tracktype":null},"geometry":{"type":"LineString","coordinates":[[122.3901112,10.7596745],[122.3899658,10.7592213],[122.3899269,10.7587759],[122.3901495,10.7581264],[122.3901616,10.7579011],[122.3900999,10.7577496],[122.3900275,10.7576903],[122.3899028,10.7576508],[122.3896359,10.7576916],[122.3891155,10.7575915],[122.3890136,10.7575632],[122.3889244,10.7574854],[122.3887762,10.7573425]]}},{"type":"Feature","id":921148538,"properties":{"osmWayId":921148538,"name":null,"nameNormalized":null,"highway":"unclassified","routingClass":"local","surface":null,"tracktype":null},"geometry":{"type":"LineString","coordinates":[[122.4328151,10.7558834],[122.4323666,10.7551436],[122.4320987,10.7546961],[122.4318336,10.7541765],[122.431646,10.7537595],[122.4313287,10.7530529],[122.4305502,10.7512711],[122.4300905,10.7501578],[122.4300284,10.749993],[122.4299889,10.7498184],[122.4299325,10.7493487],[122.4298338,10.7485825],[122.4297478,10.7480851],[122.4296928,10.7478136],[122.4296674,10.7477332],[122.4296223,10.7476362],[122.4294657,10.7474339],[122.4292499,10.7471056],[122.4291682,10.7469642],[122.4290257,10.7466705],[122.4289637,10.7464987],[122.4289651,10.7463297],[122.4290003,10.7460955],[122.4291273,10.7455607],[122.429563,10.7440352],[122.4299396,10.7427467],[122.4301779,10.7419292],[122.4304839,10.740854]]}},{"type":"Feature","id":924520557,"properties":{"osmWayId":924520557,"name":null,"nameNormalized":null,"highway":"unclassified","routingClass":"local","surface":null,"tracktype":null},"geometry":{"type":"LineString","coordinates":[[122.4254887,10.7611396],[122.4256934,10.7611686],[122.4258364,10.7612236],[122.4259758,10.7612937],[122.4260475,10.7613558],[122.4261394,10.7614321],[122.4262058,10.7614801],[122.426405,10.7615691],[122.4265791,10.761622],[122.4268365,10.7616882],[122.4269157,10.7617363],[122.4269856,10.7618076],[122.4270138,10.7618695],[122.4270432,10.7619449]]}},{"type":"Feature","id":942131208,"properties":{"osmWayId":942131208,"name":null,"nameNormalized":null,"highway":"residential","routingClass":"local","surface":null,"tracktype":null},"geometry":{"type":"LineString","coordinates":[[122.4161317,10.754052],[122.4161763,10.753901],[122.416175,10.7538075],[122.4161495,10.7537311],[122.4160825,10.7536375]]}},{"type":"Feature","id":987628459,"properties":{"osmWayId":987628459,"name":null,"nameNormalized":null,"highway":"service","routingClass":"local","surface":null,"tracktype":null},"geometry":{"type":"LineString","coordinates":[[122.4226076,10.7378254],[122.4226472,10.7375959],[122.4226499,10.7375366],[122.4226284,10.7374523],[122.4226244,10.7373903],[122.4226405,10.7372955],[122.4226941,10.7370781],[122.4226888,10.7370333],[122.4226485,10.7369358]]}},{"type":"Feature","id":987628463,"properties":{"osmWayId":987628463,"name":null,"nameNormalized":null,"highway":"unclassified","routingClass":"local","surface":null,"tracktype":null},"geometry":{"type":"LineString","coordinates":[[122.4144047,10.7388421],[122.4144153,10.7382739],[122.414462,10.7381318],[122.4145753,10.738061],[122.4152181,10.7377809],[122.4154898,10.7375901],[122.4156541,10.7374417],[122.4161428,10.737082],[122.4162169,10.7370232],[122.4165612,10.7368369],[122.41663,10.7367832],[122.4167999,10.7365642],[122.417047,10.7362112],[122.4171018,10.7360885],[122.4170491,10.7358304],[122.4171969,10.7355285],[122.4173524,10.7354175],[122.4179791,10.7352524],[122.4188933,10.734798],[122.4189873,10.7347498],[122.4190664,10.7346953],[122.4191509,10.7346246],[122.4191983,10.7345494],[122.4192046,10.7344652],[122.4191846,10.7343755],[122.419184,10.7342413],[122.4191891,10.7342011],[122.4192073,10.73417],[122.4192418,10.7341286],[122.4195429,10.7338058],[122.419579,10.7337524],[122.4195939,10.7336804],[122.4196672,10.7331845],[122.4197438,10.7327979],[122.4198128,10.7325243],[122.4199214,10.7322568],[122.4199965,10.7320658],[122.4200615,10.7318842],[122.4204894,10.7314489],[122.4206382,10.7312976],[122.4207659,10.7310737],[122.4210176,10.7306178],[122.4212079,10.7302816],[122.4212632,10.7301591],[122.4212914,10.7300406],[122.4212756,10.7298636],[122.4212248,10.7295674],[122.4211733,10.7293106],[122.4211773,10.7292328],[122.4212149,10.7291617],[122.4213275,10.7290839],[122.4215496,10.7289548],[122.4216132,10.7289179],[122.4217285,10.728802],[122.4218329,10.7285953]]}},{"type":"Feature","id":1011943780,"properties":{"osmWayId":1011943780,"name":null,"nameNormalized":null,"highway":"residential","routingClass":"local","surface":null,"tracktype":null},"geometry":{"type":"LineString","coordinates":[[122.3876604,10.7792186],[122.3885882,10.7791066]]}},{"type":"Feature","id":1011943784,"properties":{"osmWayId":1011943784,"name":null,"nameNormalized":null,"highway":"service","routingClass":"local","surface":null,"tracktype":null},"geometry":{"type":"LineString","coordinates":[[122.3846508,10.7819181],[122.3845361,10.7813269],[122.38437,10.7804385]]}},{"type":"Feature","id":1011943792,"properties":{"osmWayId":1011943792,"name":null,"nameNormalized":null,"highway":"residential","routingClass":"local","surface":null,"tracktype":null},"geometry":{"type":"LineString","coordinates":[[122.38935,10.7739786],[122.3887586,10.773981],[122.3881944,10.7740135],[122.3877839,10.7740387],[122.3875191,10.7741035]]}},{"type":"Feature","id":1011943800,"properties":{"osmWayId":1011943800,"name":null,"nameNormalized":null,"highway":"residential","routingClass":"local","surface":"paved","tracktype":null},"geometry":{"type":"LineString","coordinates":[[122.3871176,10.7815294],[122.3870405,10.7808823],[122.3869407,10.7799243]]}},{"type":"Feature","id":1011947300,"properties":{"osmWayId":1011947300,"name":null,"nameNormalized":null,"highway":"track","routingClass":"local","surface":null,"tracktype":null},"geometry":{"type":"LineString","coordinates":[[122.3964661,10.7831058],[122.3965359,10.7821204],[122.3961925,10.7812456],[122.3958345,10.780983],[122.3955067,10.780893]]}},{"type":"Feature","id":1011947301,"properties":{"osmWayId":1011947301,"name":null,"nameNormalized":null,"highway":"track","routingClass":"local","surface":null,"tracktype":null},"geometry":{"type":"LineString","coordinates":[[122.3964661,10.7831058],[122.3960563,10.7831461],[122.395636,10.7831875]]}},{"type":"Feature","id":1011949708,"properties":{"osmWayId":1011949708,"name":null,"nameNormalized":null,"highway":"service","routingClass":"local","surface":null,"tracktype":null},"geometry":{"type":"LineString","coordinates":[[122.4240879,10.7776219],[122.424347,10.7774285]]}},{"type":"Feature","id":1060083855,"properties":{"osmWayId":1060083855,"name":null,"nameNormalized":null,"highway":"service","routingClass":"local","surface":null,"tracktype":null},"geometry":{"type":"LineString","coordinates":[[122.3963334,10.7716522],[122.3965329,10.7716456],[122.3966318,10.7716429],[122.3967143,10.771624],[122.3968654,10.7716348]]}},{"type":"Feature","id":1084970417,"properties":{"osmWayId":1084970417,"name":null,"nameNormalized":null,"highway":"unclassified","routingClass":"local","surface":null,"tracktype":null},"geometry":{"type":"LineString","coordinates":[[122.4240305,10.7666744],[122.4239045,10.7666369],[122.4237516,10.7664939],[122.4236315,10.7663503],[122.4235055,10.7662647],[122.4234384,10.7662298],[122.4233922,10.7662041],[122.423358,10.7661797],[122.4233325,10.7661547],[122.4233204,10.7661336],[122.4233164,10.7661026],[122.4233218,10.7660328],[122.4233365,10.7658839],[122.4233322,10.7657772],[122.4233081,10.7655427],[122.4233335,10.7654123],[122.4233429,10.7653029],[122.4233,10.7651343],[122.4232531,10.7650473],[122.4231284,10.7648339],[122.4230533,10.7646969],[122.4230401,10.7646297],[122.4230425,10.7645546],[122.423071,10.7644795],[122.4231284,10.7643965],[122.4232678,10.7642726],[122.4234449,10.7640487],[122.4235012,10.7639512],[122.423543,10.7638471],[122.42352,10.763693],[122.4234851,10.7635586],[122.4233671,10.763353],[122.4231874,10.7630684],[122.4230962,10.7629472],[122.4229835,10.7628049],[122.4228762,10.7626837],[122.4227796,10.7625994],[122.4228762,10.7624887],[122.4229782,10.7624202],[122.4232169,10.7622489],[122.4233644,10.7621409],[122.4235092,10.7620302],[122.4237346,10.7619037],[122.4238606,10.7618721],[122.4239588,10.7618708],[122.4240875,10.7618761],[122.4241744,10.7618563],[122.4247162,10.7616139],[122.4251239,10.7613925],[122.4253224,10.7612766],[122.4254887,10.7611396]]}},{"type":"Feature","id":1190682687,"properties":{"osmWayId":1190682687,"name":null,"nameNormalized":null,"highway":"residential","routingClass":"local","surface":null,"tracktype":null},"geometry":{"type":"LineString","coordinates":[[122.4005454,10.7654579],[122.4003095,10.7652744]]}},{"type":"Feature","id":1323406259,"properties":{"osmWayId":1323406259,"name":null,"nameNormalized":null,"highway":"service","routingClass":"local","surface":null,"tracktype":null},"geometry":{"type":"LineString","coordinates":[[122.3905935,10.7792471],[122.3904526,10.7789137],[122.3905733,10.778865],[122.3906457,10.7789506],[122.3907438,10.7791818]]}},{"type":"Feature","id":1377944560,"properties":{"osmWayId":1377944560,"name":null,"nameNormalized":null,"highway":"residential","routingClass":"local","surface":"unpaved","tracktype":null},"geometry":{"type":"LineString","coordinates":[[122.3967692,10.7747963],[122.3968148,10.7749719],[122.396847,10.775101],[122.3968819,10.7752565]]}},{"type":"Feature","id":1377944561,"properties":{"osmWayId":1377944561,"name":null,"nameNormalized":null,"highway":"residential","routingClass":"local","surface":"unpaved","tracktype":null},"geometry":{"type":"LineString","coordinates":[[122.3965332,10.7751708],[122.3965895,10.7751129],[122.3966217,10.7750589],[122.3966297,10.7749864],[122.3966472,10.7749139],[122.3966955,10.7748494],[122.3967692,10.7747963]]}},{"type":"Feature","id":1377944562,"properties":{"osmWayId":1377944562,"name":null,"nameNormalized":null,"highway":"residential","routingClass":"local","surface":"unpaved","tracktype":null},"geometry":{"type":"LineString","coordinates":[[122.3965701,10.7705897],[122.3965037,10.7705979],[122.3964433,10.7706164],[122.3963079,10.7706809],[122.3961845,10.7707441],[122.3958391,10.7709351]]}},{"type":"Feature","id":1377944563,"properties":{"osmWayId":1377944563,"name":null,"nameNormalized":null,"highway":"residential","routingClass":"local","surface":"unpaved","tracktype":null},"geometry":{"type":"LineString","coordinates":[[122.3985773,10.7601723],[122.3982892,10.7593408],[122.3981879,10.7590966],[122.3981465,10.7588734],[122.3981707,10.7586574],[122.3983799,10.7584018],[122.398687,10.7581765],[122.3989646,10.758158],[122.3992717,10.7582239],[122.3996861,10.7583398],[122.4000321,10.7582318],[122.4003406,10.7579854],[122.4006303,10.7577825],[122.4010656,10.7573773],[122.4013798,10.7570625],[122.4017989,10.7567356],[122.4027598,10.7561954]]}},{"type":"Feature","id":1377944564,"properties":{"osmWayId":1377944564,"name":null,"nameNormalized":null,"highway":"service","routingClass":"local","surface":"unpaved","tracktype":null},"geometry":{"type":"LineString","coordinates":[[122.3958391,10.7709351],[122.395868,10.771175],[122.3959002,10.7713858],[122.3959297,10.7715966],[122.3959699,10.7717257],[122.3960236,10.7718337],[122.3960531,10.7719734],[122.3960651,10.7722052],[122.3960799,10.7724015],[122.396096,10.7725346],[122.3961054,10.7726071],[122.3960973,10.7726571],[122.3960705,10.7727006],[122.3960122,10.7727526],[122.3959719,10.7727796],[122.3959465,10.7728093],[122.3959391,10.7728482],[122.3959498,10.7729575],[122.3959766,10.773109],[122.3960397,10.7733277],[122.3961416,10.7735649],[122.3962516,10.7738152],[122.3964098,10.7741419],[122.3965681,10.7743659],[122.3966673,10.7745174],[122.3967276,10.7746518],[122.3967692,10.7747963]]}},{"type":"Feature","id":1390405909,"properties":{"osmWayId":1390405909,"name":null,"nameNormalized":null,"highway":"service","routingClass":"local","surface":null,"tracktype":null},"geometry":{"type":"LineString","coordinates":[[122.3898746,10.7721644],[122.3900939,10.772084],[122.3901207,10.7720886],[122.3901509,10.7721268],[122.3904359,10.772788]]}},{"type":"Feature","id":1390452560,"properties":{"osmWayId":1390452560,"name":"Calaor Street","nameNormalized":"calaor street","highway":"residential","routingClass":"local","surface":"concrete","tracktype":null},"geometry":{"type":"LineString","coordinates":[[122.3885317,10.7786528],[122.3894334,10.7784915]]}},{"type":"Feature","id":1390458260,"properties":{"osmWayId":1390458260,"name":null,"nameNormalized":null,"highway":"service","routingClass":"local","surface":null,"tracktype":null},"geometry":{"type":"LineString","coordinates":[[122.3874782,10.780795],[122.3874116,10.7807418],[122.3873859,10.7807049],[122.3873685,10.7806637],[122.38736,10.7806198],[122.3873606,10.7805781],[122.3873693,10.7805373],[122.3873859,10.7804989],[122.3874097,10.7804643],[122.3874983,10.780389]]}},{"type":"Feature","id":1390978756,"properties":{"osmWayId":1390978756,"name":null,"nameNormalized":null,"highway":"service","routingClass":"local","surface":null,"tracktype":null},"geometry":{"type":"LineString","coordinates":[[122.3904485,10.7886097],[122.3903695,10.7886205],[122.3903199,10.7886152],[122.3902689,10.7885849],[122.3902126,10.7881225],[122.3902555,10.7880803],[122.3903373,10.7880593],[122.3903875,10.7880545]]}},{"type":"Feature","id":1390978757,"properties":{"osmWayId":1390978757,"name":null,"nameNormalized":null,"highway":"residential","routingClass":"local","surface":null,"tracktype":null},"geometry":{"type":"LineString","coordinates":[[122.3896634,10.7872873],[122.3897874,10.787311],[122.3898505,10.787284],[122.3899591,10.7873103],[122.3902879,10.7872164]]}},{"type":"Feature","id":1390978758,"properties":{"osmWayId":1390978758,"name":null,"nameNormalized":null,"highway":"residential","routingClass":"local","surface":null,"tracktype":null},"geometry":{"type":"LineString","coordinates":[[122.3899122,10.7880138],[122.3901294,10.7879045],[122.3903667,10.7878656]]}},{"type":"Feature","id":1390978759,"properties":{"osmWayId":1390978759,"name":null,"nameNormalized":null,"highway":"residential","routingClass":"local","surface":null,"tracktype":null},"geometry":{"type":"LineString","coordinates":[[122.3896406,10.7882358],[122.3896848,10.788133],[122.3899122,10.7880138]]}},{"type":"Feature","id":1390978760,"properties":{"osmWayId":1390978760,"name":null,"nameNormalized":null,"highway":"service","routingClass":"local","surface":null,"tracktype":null},"geometry":{"type":"LineString","coordinates":[[122.3896493,10.7877134],[122.3897506,10.7878004],[122.3899122,10.7880138]]}},{"type":"Feature","id":1474363510,"properties":{"osmWayId":1474363510,"name":null,"nameNormalized":null,"highway":"service","routingClass":"local","surface":null,"tracktype":null},"geometry":{"type":"LineString","coordinates":[[122.4129842,10.7682084],[122.4133152,10.7684452]]}},{"type":"Feature","id":1476345148,"properties":{"osmWayId":1476345148,"name":null,"nameNormalized":null,"highway":"service","routingClass":"local","surface":null,"tracktype":null},"geometry":{"type":"LineString","coordinates":[[122.3807725,10.7879618],[122.3807511,10.7882621],[122.3808329,10.7885072],[122.3809227,10.7885454],[122.3810689,10.7885296],[122.3811789,10.7884663],[122.381203,10.7883214],[122.3813197,10.7881936],[122.3816392,10.788041]]}},{"type":"Feature","id":1476345149,"properties":{"osmWayId":1476345149,"name":null,"nameNormalized":null,"highway":"unclassified","routingClass":"local","surface":"paved","tracktype":null},"geometry":{"type":"LineString","coordinates":[[122.3819325,10.7866062],[122.3819125,10.7867181],[122.3819675,10.7868578],[122.3820325,10.7869413]]}},{"type":"Feature","id":1476345150,"properties":{"osmWayId":1476345150,"name":null,"nameNormalized":null,"highway":"unclassified","routingClass":"local","surface":"ground","tracktype":null},"geometry":{"type":"LineString","coordinates":[[122.3820325,10.7869413],[122.3825186,10.7869869],[122.3829505,10.7871819],[122.3832831,10.7877194]]}},{"type":"Feature","id":1476345151,"properties":{"osmWayId":1476345151,"name":null,"nameNormalized":null,"highway":"unclassified","routingClass":"local","surface":"paved","tracktype":null},"geometry":{"type":"LineString","coordinates":[[122.3820761,10.7863861],[122.3819325,10.7866062]]}},{"type":"Feature","id":1476345152,"properties":{"osmWayId":1476345152,"name":null,"nameNormalized":null,"highway":"unclassified","routingClass":"local","surface":"paved","tracktype":null},"geometry":{"type":"LineString","coordinates":[[122.3820385,10.785817],[122.38206,10.7859883],[122.3821243,10.7861543],[122.382127,10.786257],[122.3820761,10.7863861]]}},{"type":"Feature","id":1476345153,"properties":{"osmWayId":1476345153,"name":null,"nameNormalized":null,"highway":"service","routingClass":"local","surface":null,"tracktype":null},"geometry":{"type":"LineString","coordinates":[[122.3819675,10.7868578],[122.3816416,10.7875455],[122.3814431,10.7876983]]}},{"type":"Feature","id":1476345154,"properties":{"osmWayId":1476345154,"name":null,"nameNormalized":null,"highway":"unclassified","routingClass":"local","surface":null,"tracktype":null},"geometry":{"type":"LineString","coordinates":[[122.3820325,10.7869413],[122.3821029,10.7870317],[122.3821566,10.7871055],[122.382178,10.7871898],[122.3821485,10.7872847],[122.3819581,10.7876351],[122.3816791,10.7879302],[122.3816392,10.788041],[122.3815852,10.788191],[122.3814189,10.7883333]]}},{"type":"Feature","id":1476345490,"properties":{"osmWayId":1476345490,"name":null,"nameNormalized":null,"highway":"service","routingClass":"local","surface":"ground","tracktype":null},"geometry":{"type":"LineString","coordinates":[[122.3944351,10.7907219],[122.3945484,10.7904899],[122.3953852,10.7898088],[122.395758,10.789345],[122.3961081,10.788739]]}},{"type":"Feature","id":1476345491,"properties":{"osmWayId":1476345491,"name":null,"nameNormalized":null,"highway":"service","routingClass":"local","surface":"ground","tracktype":null},"geometry":{"type":"LineString","coordinates":[[122.3946738,10.7915223],[122.3946087,10.7909931],[122.3944351,10.7907219],[122.3943928,10.7906559],[122.3942332,10.7905847],[122.3935398,10.7907375],[122.393104,10.7907705],[122.3927727,10.7907823],[122.3921558,10.7907375],[122.3917589,10.7908153],[122.3913605,10.7909549]]}},{"type":"Feature","id":1476345495,"properties":{"osmWayId":1476345495,"name":null,"nameNormalized":null,"highway":"service","routingClass":"local","surface":"ground","tracktype":null},"geometry":{"type":"LineString","coordinates":[[122.395066,10.7887733],[122.3943713,10.7892924],[122.3937088,10.7897034],[122.3932193,10.7898022],[122.3919801,10.7897798]]}},{"type":"Feature","id":1476359181,"properties":{"osmWayId":1476359181,"name":null,"nameNormalized":null,"highway":"service","routingClass":"local","surface":null,"tracktype":null},"geometry":{"type":"LineString","coordinates":[[122.3879381,10.7857801],[122.388512,10.7861279],[122.3888364,10.7863098]]}},{"type":"Feature","id":1476360423,"properties":{"osmWayId":1476360423,"name":null,"nameNormalized":null,"highway":"service","routingClass":"local","surface":null,"tracktype":null},"geometry":{"type":"LineString","coordinates":[[122.3850748,10.7790889],[122.3851398,10.7793794],[122.3851338,10.7794091]]}},{"type":"Feature","id":1476360424,"properties":{"osmWayId":1476360424,"name":null,"nameNormalized":null,"highway":"service","routingClass":"local","surface":null,"tracktype":null},"geometry":{"type":"LineString","coordinates":[[122.3845088,10.7801034],[122.3844217,10.7796001],[122.3844458,10.7795527],[122.3851338,10.7794091]]}},{"type":"Feature","id":1476360425,"properties":{"osmWayId":1476360425,"name":null,"nameNormalized":null,"highway":"service","routingClass":"local","surface":null,"tracktype":null},"geometry":{"type":"LineString","coordinates":[[122.3851338,10.7794091],[122.3853081,10.7802341]]}},{"type":"Feature","id":1476361347,"properties":{"osmWayId":1476361347,"name":null,"nameNormalized":null,"highway":"unclassified","routingClass":"local","surface":null,"tracktype":null},"geometry":{"type":"LineString","coordinates":[[122.40484,10.7899695],[122.4052638,10.7896876],[122.4057063,10.7896533],[122.406342,10.7894399],[122.4066478,10.7894794]]}},{"type":"Feature","id":1476361348,"properties":{"osmWayId":1476361348,"name":null,"nameNormalized":null,"highway":"unclassified","routingClass":"local","surface":null,"tracktype":null},"geometry":{"type":"LineString","coordinates":[[122.40484,10.7899695],[122.4047555,10.790146],[122.4045235,10.7909325],[122.404329,10.7912658],[122.4042392,10.7915108],[122.4042378,10.7917295],[122.4043773,10.7919877],[122.4044135,10.792238],[122.4043652,10.7925516],[122.4041373,10.7927992],[122.4036113,10.7930328]]}},{"type":"Feature","id":1476361349,"properties":{"osmWayId":1476361349,"name":null,"nameNormalized":null,"highway":"unclassified","routingClass":"local","surface":null,"tracktype":null},"geometry":{"type":"LineString","coordinates":[[122.4020961,10.7874104],[122.4025333,10.7874743],[122.4029732,10.7876509],[122.4030443,10.7878314],[122.403401,10.7882674],[122.403684,10.7885968],[122.4037524,10.7886389],[122.403928,10.7886863],[122.4042432,10.7888537],[122.4044712,10.7890842],[122.404726,10.7895519],[122.40484,10.7899695]]}},{"type":"Feature","id":1476361350,"properties":{"osmWayId":1476361350,"name":null,"nameNormalized":null,"highway":"residential","routingClass":"local","surface":null,"tracktype":null},"geometry":{"type":"LineString","coordinates":[[122.4020961,10.7874104],[122.4023013,10.7874085],[122.4024568,10.787361]]}},{"type":"Feature","id":1476361351,"properties":{"osmWayId":1476361351,"name":null,"nameNormalized":null,"highway":"residential","routingClass":"local","surface":null,"tracktype":null},"geometry":{"type":"LineString","coordinates":[[122.4001593,10.7870366],[122.4004573,10.7870646],[122.4006732,10.7871977],[122.4014913,10.7873189],[122.4020961,10.7874104]]}},{"type":"Feature","id":1476367775,"properties":{"osmWayId":1476367775,"name":null,"nameNormalized":null,"highway":"service","routingClass":"local","surface":null,"tracktype":null},"geometry":{"type":"LineString","coordinates":[[122.3872755,10.771332],[122.387403,10.7709576],[122.387352,10.7707573],[122.3872004,10.770283]]}},{"type":"Feature","id":1476367785,"properties":{"osmWayId":1476367785,"name":null,"nameNormalized":null,"highway":"residential","routingClass":"local","surface":null,"tracktype":null},"geometry":{"type":"LineString","coordinates":[[122.389883,10.7685601],[122.3908094,10.7683556]]}},{"type":"Feature","id":1476367786,"properties":{"osmWayId":1476367786,"name":null,"nameNormalized":null,"highway":"service","routingClass":"local","surface":null,"tracktype":null},"geometry":{"type":"LineString","coordinates":[[122.3908094,10.7683556],[122.3908764,10.7682923],[122.390914,10.7680894],[122.3914638,10.7677864],[122.3915537,10.7678272],[122.3916033,10.7679234],[122.3918313,10.7684083],[122.3911902,10.7686507]]}},{"type":"Feature","id":1476368674,"properties":{"osmWayId":1476368674,"name":null,"nameNormalized":null,"highway":"unclassified","routingClass":"local","surface":null,"tracktype":null},"geometry":{"type":"LineString","coordinates":[[122.3852599,10.7729615],[122.3849568,10.772835],[122.3847556,10.7726558],[122.3847529,10.7723844],[122.3846135,10.772142],[122.3844042,10.771945]]}},{"type":"Feature","id":1476368675,"properties":{"osmWayId":1476368675,"name":null,"nameNormalized":null,"highway":"unclassified","routingClass":"local","surface":null,"tracktype":null},"geometry":{"type":"LineString","coordinates":[[122.3816603,10.771283],[122.3818856,10.7714147],[122.3821539,10.7714437],[122.3823524,10.7714306],[122.3825937,10.7714095],[122.3826984,10.7714055],[122.3827708,10.7714332],[122.3828338,10.7715083],[122.3829371,10.7716717],[122.3830511,10.7717046],[122.3831382,10.7717204],[122.3831744,10.7717757],[122.3832013,10.771835],[122.3833475,10.7719048],[122.3835942,10.771889],[122.3839751,10.7718074],[122.3840683,10.7718311],[122.3841903,10.771922],[122.3842721,10.7719977],[122.3843513,10.7720056],[122.3844042,10.771945]]}},{"type":"Feature","id":1476369763,"properties":{"osmWayId":1476369763,"name":null,"nameNormalized":null,"highway":"residential","routingClass":"local","surface":null,"tracktype":null},"geometry":{"type":"LineString","coordinates":[[122.386726,10.7621336],[122.3871589,10.7615546],[122.3873627,10.7610276],[122.3875585,10.7606692],[122.3878911,10.7599288],[122.3882022,10.7596416],[122.3885509,10.7594597],[122.3887004,10.7594349]]}},{"type":"Feature","id":1476369764,"properties":{"osmWayId":1476369764,"name":null,"nameNormalized":null,"highway":"unclassified","routingClass":"local","surface":null,"tracktype":null},"geometry":{"type":"LineString","coordinates":[[122.3893994,10.7629528],[122.3890698,10.7628114],[122.3884449,10.7624689],[122.3879887,10.7623307],[122.3874821,10.7621536],[122.3869598,10.7621092],[122.386726,10.7621336],[122.3867027,10.762136]]}},{"type":"Feature","id":1476370342,"properties":{"osmWayId":1476370342,"name":null,"nameNormalized":null,"highway":"residential","routingClass":"local","surface":null,"tracktype":null},"geometry":{"type":"LineString","coordinates":[[122.4079217,10.7740943],[122.4078138,10.7740981]]}},{"type":"Feature","id":1476370343,"properties":{"osmWayId":1476370343,"name":null,"nameNormalized":null,"highway":"residential","routingClass":"local","surface":null,"tracktype":null},"geometry":{"type":"LineString","coordinates":[[122.4078138,10.7740981],[122.4076456,10.7741103],[122.4074825,10.7742062],[122.4073055,10.7743379],[122.4071177,10.7745013],[122.4069514,10.7746805],[122.4068549,10.7748597],[122.4068216,10.7750032]]}},{"type":"Feature","id":1476375462,"properties":{"osmWayId":1476375462,"name":null,"nameNormalized":null,"highway":"residential","routingClass":"local","surface":"ground","tracktype":null},"geometry":{"type":"LineString","coordinates":[[122.4254943,10.7917466],[122.4256754,10.791914],[122.4258591,10.792022],[122.4260107,10.7920022],[122.4263607,10.7918441],[122.4268489,10.7916452],[122.4269964,10.791719],[122.4270514,10.7917849]]}},{"type":"Feature","id":1476375463,"properties":{"osmWayId":1476375463,"name":null,"nameNormalized":null,"highway":"track","routingClass":"local","surface":null,"tracktype":null},"geometry":{"type":"LineString","coordinates":[[122.4210003,10.7916057],[122.421526,10.7918692],[122.4218532,10.7919219],[122.4225238,10.7921616],[122.4228671,10.7920062],[122.4232051,10.7918244],[122.4237227,10.7918929],[122.4246615,10.791748],[122.4252006,10.7916558],[122.4254943,10.7917466]]}},{"type":"Feature","id":1476375464,"properties":{"osmWayId":1476375464,"name":null,"nameNormalized":null,"highway":"residential","routingClass":"local","surface":null,"tracktype":null},"geometry":{"type":"LineString","coordinates":[[122.4291247,10.791582],[122.4287358,10.7916004],[122.4284729,10.791636],[122.4282852,10.791715]]}},{"type":"Feature","id":1476375465,"properties":{"osmWayId":1476375465,"name":null,"nameNormalized":null,"highway":"residential","routingClass":"local","surface":null,"tracktype":null},"geometry":{"type":"LineString","coordinates":[[122.427683,10.7919706],[122.4276132,10.7920272],[122.4273424,10.7921867],[122.4272887,10.7922078],[122.4272405,10.792211],[122.427213,10.7922051],[122.4271895,10.7921867],[122.4271654,10.7921498],[122.4271479,10.7920846],[122.4270514,10.7917849]]}},{"type":"Feature","id":1488485253,"properties":{"osmWayId":1488485253,"name":null,"nameNormalized":null,"highway":"residential","routingClass":"local","surface":null,"tracktype":null},"geometry":{"type":"LineString","coordinates":[[122.3860686,10.7795421],[122.3863977,10.779501]]}},{"type":"Feature","id":1488485254,"properties":{"osmWayId":1488485254,"name":null,"nameNormalized":null,"highway":"residential","routingClass":"local","surface":null,"tracktype":null},"geometry":{"type":"LineString","coordinates":[[122.3869751,10.7777465],[122.3870757,10.7780403],[122.3872997,10.7784895],[122.3874681,10.7788663]]}},{"type":"Feature","id":1488485255,"properties":{"osmWayId":1488485255,"name":null,"nameNormalized":null,"highway":"residential","routingClass":"local","surface":null,"tracktype":null},"geometry":{"type":"LineString","coordinates":[[122.3870757,10.7780403],[122.3868206,10.7781368],[122.3864441,10.7782181],[122.3864266,10.778226],[122.3864159,10.7782445],[122.3864655,10.7785857],[122.3864762,10.7786061],[122.386497,10.778618],[122.386947,10.7785699]]}},{"type":"Feature","id":1488485256,"properties":{"osmWayId":1488485256,"name":null,"nameNormalized":null,"highway":"residential","routingClass":"local","surface":null,"tracktype":null},"geometry":{"type":"LineString","coordinates":[[122.3866425,10.7777474],[122.3868206,10.7781368],[122.3869577,10.7784276]]}},{"type":"Feature","id":1488485257,"properties":{"osmWayId":1488485257,"name":null,"nameNormalized":null,"highway":"residential","routingClass":"local","surface":null,"tracktype":null},"geometry":{"type":"LineString","coordinates":[[122.3865634,10.7774066],[122.386724,10.7777105]]}},{"type":"Feature","id":1529532488,"properties":{"osmWayId":1529532488,"name":null,"nameNormalized":null,"highway":"service","routingClass":"local","surface":null,"tracktype":null},"geometry":{"type":"LineString","coordinates":[[122.4253911,10.781999],[122.4254805,10.7817694],[122.425509,10.7817195],[122.4255862,10.7816995],[122.4258892,10.7815714],[122.4260604,10.781499],[122.4261129,10.7814414],[122.4261272,10.7812902],[122.4261486,10.7812533],[122.4266693,10.7810616]]}},{"type":"Feature","id":1529532489,"properties":{"osmWayId":1529532489,"name":null,"nameNormalized":null,"highway":"service","routingClass":"local","surface":null,"tracktype":null},"geometry":{"type":"LineString","coordinates":[[122.4258892,10.7815714],[122.4259432,10.7817231],[122.4259595,10.7818109],[122.4259066,10.7818748],[122.4258253,10.7819148],[122.4257034,10.7819667],[122.425618,10.7819946]]}},{"type":"Feature","id":1529532490,"properties":{"osmWayId":1529532490,"name":null,"nameNormalized":null,"highway":"service","routingClass":"local","surface":null,"tracktype":null},"geometry":{"type":"LineString","coordinates":[[122.4261486,10.7812533],[122.4260855,10.7812039],[122.4260083,10.7811799],[122.4258945,10.7812119],[122.4255042,10.7813796],[122.4252074,10.7815274]]}},{"type":"Feature","id":274635374,"properties":{"osmWayId":274635374,"name":null,"nameNormalized":null,"highway":"unclassified","routingClass":"local","surface":null,"tracktype":null},"geometry":{"type":"LineString","coordinates":[[122.3160859,10.7988463],[122.3163897,10.798838],[122.3166543,10.7989369],[122.3169691,10.7990438],[122.3171452,10.7991529],[122.3174562,10.7991164],[122.3177917,10.7990762],[122.3180949,10.7990948],[122.3183196,10.7991038],[122.3185536,10.7989574],[122.3187109,10.7987095],[122.3188051,10.7982772],[122.3189389,10.7979207],[122.3191568,10.7977209],[122.3192279,10.7974983],[122.3192131,10.7972179],[122.3190729,10.7967653],[122.3190106,10.7961783],[122.3189163,10.7960624],[122.318546,10.7957977],[122.3183546,10.7953458],[122.3180942,10.79499],[122.3178142,10.794688],[122.3176789,10.7944565],[122.3177594,10.7942984],[122.3181993,10.7940955],[122.3182449,10.7938097],[122.3181233,10.7935448],[122.3178639,10.793255],[122.3176605,10.7927959],[122.3176023,10.7923649],[122.3173792,10.7919522],[122.3173887,10.7915849],[122.3174852,10.791223],[122.3176758,10.7910458],[122.3179695,10.7908799],[122.318244,10.7908084],[122.3185046,10.7908192],[122.3187357,10.790957],[122.3190194,10.7911591],[122.3191781,10.7911645],[122.3194296,10.7909949],[122.3196938,10.790839],[122.3199851,10.7906005],[122.3203084,10.7903183],[122.320561,10.7897442]]}},{"type":"Feature","id":480535706,"properties":{"osmWayId":480535706,"name":null,"nameNormalized":null,"highway":"unclassified","routingClass":"local","surface":null,"tracktype":null},"geometry":{"type":"LineString","coordinates":[[122.2845618,10.795588],[122.2845329,10.7955427],[122.2845161,10.7954933],[122.2845047,10.795434],[122.2845054,10.7953859],[122.2845188,10.795326],[122.2845362,10.7952509],[122.2845577,10.7951297],[122.2845607,10.7950629],[122.2845586,10.79497],[122.2845364,10.7949166],[122.2845039,10.7948758],[122.2844415,10.7947917],[122.2843552,10.7945615],[122.2842686,10.7942998],[122.2842341,10.7940764],[122.2842291,10.7939375],[122.2842145,10.7937964],[122.2841586,10.7936563],[122.2841818,10.7935323],[122.2842646,10.7934652],[122.2843538,10.7934026],[122.2844101,10.7933077],[122.2844678,10.7931879],[122.2845161,10.7930706],[122.2845003,10.7929308],[122.2843906,10.7928628],[122.2842341,10.7928189],[122.2841586,10.7927695],[122.2841195,10.7926569],[122.2840831,10.7925443],[122.284103,10.7924172],[122.284205,10.7922723],[122.284323,10.7921722],[122.2844061,10.7920352],[122.2843873,10.7918534]]}},{"type":"Feature","id":245878945,"properties":{"osmWayId":245878945,"name":null,"nameNormalized":null,"highway":"residential","routingClass":"local","surface":null,"tracktype":null},"geometry":{"type":"LineString","coordinates":[[122.2782689,10.8105619],[122.2783257,10.8106202],[122.27841,10.8107256],[122.2784169,10.8108332],[122.2784932,10.8110444],[122.2785737,10.8111248],[122.2786474,10.8111235],[122.2787359,10.8110721],[122.2788674,10.8110471],[122.2789626,10.8110892],[122.2790216,10.8111841],[122.2791128,10.8113052],[122.279259,10.8114739]]}},{"type":"Feature","id":249832058,"properties":{"osmWayId":249832058,"name":null,"nameNormalized":null,"highway":"track","routingClass":"local","surface":"unpaved","tracktype":null},"geometry":{"type":"LineString","coordinates":[[122.2926539,10.833983],[122.2927537,10.8339473],[122.2929378,10.8338297],[122.2932409,10.8337271],[122.2935977,10.8336538],[122.293844,10.8336607],[122.2941129,10.8337367],[122.2944983,10.8337867],[122.2947999,10.8338448],[122.29512,10.8339639],[122.2953506,10.8340322],[122.2954957,10.8340244],[122.2956567,10.8339678],[122.2958992,10.8339385],[122.2960741,10.8339385],[122.2961715,10.8338995],[122.2963365,10.8337608],[122.2965178,10.8336032],[122.2965453,10.8335793],[122.2966784,10.8334758],[122.296913,10.8332747],[122.2970084,10.8331985],[122.2970939,10.8331478],[122.2971714,10.8331204],[122.2972887,10.8331029],[122.2974398,10.8331165],[122.2976147,10.8331341],[122.2977916,10.8331595],[122.2980024,10.8332239],[122.2981793,10.8332805],[122.2983641,10.8332825],[122.298555,10.8332805],[122.2988074,10.8332962],[122.2990599,10.8332688],[122.2992746,10.8332727],[122.2993601,10.8332766],[122.2995151,10.8332903],[122.2997054,10.8333468],[122.2998087,10.8334535],[122.2999477,10.8336231],[122.3001761,10.8337642],[122.3003167,10.8338405],[122.300437,10.833891],[122.3008596,10.8340336]]}},{"type":"Feature","id":249832059,"properties":{"osmWayId":249832059,"name":null,"nameNormalized":null,"highway":"track","routingClass":"local","surface":"unpaved","tracktype":null},"geometry":{"type":"LineString","coordinates":[[122.3008596,10.8340336],[122.3010716,10.8341143],[122.3012202,10.8341889],[122.3013151,10.8342332],[122.3014405,10.834319],[122.3015059,10.834379],[122.3017518,10.8345687],[122.3019149,10.834687],[122.3019877,10.834756],[122.3021282,10.8348282],[122.3022648,10.8348408],[122.3025372,10.8347413],[122.302605,10.8347068],[122.3027957,10.8346377],[122.302886,10.8345638],[122.3030993,10.8344973],[122.3033395,10.8345295],[122.3034752,10.8345376],[122.3037358,10.8345662],[122.3039803,10.8345784],[122.3041319,10.8345925],[122.3042714,10.8345952],[122.3043655,10.8345668],[122.3044313,10.834515],[122.3044787,10.8344417],[122.3045215,10.8343484],[122.304538,10.8342567],[122.3045521,10.834103],[122.3045672,10.8340389],[122.3046449,10.8338812],[122.304732,10.8337982],[122.3047972,10.8337024],[122.3048461,10.8336216],[122.304884,10.8335033],[122.3049409,10.833411],[122.3050349,10.8332816],[122.305086,10.8331742],[122.305148,10.8330894],[122.305207,10.8329723],[122.3052329,10.8328899],[122.3052808,10.8328089],[122.3053741,10.8326794],[122.305438,10.8325736],[122.3055761,10.8324121],[122.3056317,10.832288],[122.3056822,10.8321486],[122.3057038,10.8318085],[122.3057866,10.8315818],[122.3059522,10.8313945],[122.3062533,10.8312515]]}},{"type":"Feature","id":249832060,"properties":{"osmWayId":249832060,"name":null,"nameNormalized":null,"highway":"track","routingClass":"local","surface":"grass","tracktype":null},"geometry":{"type":"LineString","coordinates":[[122.3062533,10.8312515],[122.306404,10.8311538],[122.3066917,10.8310208],[122.3067899,10.830951],[122.307274,10.8307615],[122.3075482,10.8306119],[122.3077581,10.8304689],[122.3077953,10.8304456],[122.3079172,10.8303791]]}},{"type":"Feature","id":249832061,"properties":{"osmWayId":249832061,"name":null,"nameNormalized":null,"highway":"track","routingClass":"local","surface":"unpaved","tracktype":null},"geometry":{"type":"LineString","coordinates":[[122.3079172,10.8303791],[122.3081237,10.8301364],[122.3083133,10.8299169],[122.3084554,10.8296642],[122.3086158,10.829495],[122.3086409,10.8292732],[122.3085857,10.8290464],[122.3085706,10.8288863],[122.3086409,10.8286201],[122.3087212,10.8284303],[122.308809,10.8283342],[122.3088767,10.8282603],[122.3090122,10.8281543],[122.3090172,10.8281568],[122.3091628,10.8280138],[122.3092538,10.8279333],[122.3093006,10.8278761],[122.3093648,10.8278199],[122.3093999,10.8277547],[122.3094474,10.8276539],[122.3094714,10.8275825],[122.3095643,10.8274223],[122.3096144,10.8273385],[122.3096772,10.8272079],[122.3098659,10.8270637],[122.3100087,10.8270076],[122.3101366,10.8270201],[122.3103008,10.8270326],[122.3103935,10.827034],[122.3104488,10.8269766],[122.3105091,10.8269127],[122.3105684,10.8267752]]}},{"type":"Feature","id":251849038,"properties":{"osmWayId":251849038,"name":null,"nameNormalized":null,"highway":"unclassified","routingClass":"local","surface":"unpaved","tracktype":null},"geometry":{"type":"LineString","coordinates":[[122.3178613,10.8396482],[122.3177339,10.8394336],[122.3176221,10.839164],[122.3175019,10.8387921],[122.3172497,10.8385505],[122.3170634,10.8381559],[122.3169106,10.8380129],[122.3166893,10.8379312],[122.3164558,10.8375609],[122.3164005,10.837498],[122.3163507,10.8374832],[122.3163038,10.837495],[122.316188,10.8375589],[122.3160574,10.8376276],[122.3158664,10.8377326]]}},{"type":"Feature","id":251849050,"properties":{"osmWayId":251849050,"name":null,"nameNormalized":null,"highway":"residential","routingClass":"local","surface":null,"tracktype":null},"geometry":{"type":"LineString","coordinates":[[122.2930147,10.8008464],[122.2929322,10.8008859],[122.2927632,10.8010565],[122.2927064,10.8011515],[122.2926049,10.801237],[122.2925261,10.8013003]]}},{"type":"Feature","id":251849052,"properties":{"osmWayId":251849052,"name":null,"nameNormalized":null,"highway":"track","routingClass":"local","surface":null,"tracktype":null},"geometry":{"type":"LineString","coordinates":[[122.2922425,10.7964519],[122.2922783,10.7963257],[122.292293,10.7961831],[122.2922886,10.7960938],[122.2922857,10.7960118],[122.2923003,10.7959686]]}},{"type":"Feature","id":252535516,"properties":{"osmWayId":252535516,"name":null,"nameNormalized":null,"highway":"residential","routingClass":"local","surface":"unpaved","tracktype":null},"geometry":{"type":"LineString","coordinates":[[122.3223637,10.8215223],[122.3223067,10.8216456],[122.3222823,10.8219371],[122.3222783,10.8222245],[122.3221929,10.822492],[122.3221563,10.8226797],[122.3221766,10.8229033],[122.3223352,10.8231708],[122.3224246,10.8232387],[122.3225181,10.8233185],[122.3226075,10.8234703],[122.3226929,10.8235501],[122.3228311,10.8236739],[122.3229409,10.8238096],[122.3229856,10.8239095],[122.3229734,10.8240732],[122.3229531,10.8242409],[122.3229571,10.8243606],[122.3229897,10.8244325],[122.3230506,10.8244685],[122.3231075,10.8244764],[122.3231888,10.8244724],[122.3233108,10.8244285],[122.3234287,10.8243646],[122.323514,10.8243606],[122.3235791,10.8243846],[122.3236644,10.8245643],[122.3237295,10.8246521],[122.3237864,10.824736],[122.3237823,10.8248198],[122.3237376,10.8248877],[122.3236157,10.8249516],[122.323514,10.8249875],[122.323388,10.8249875],[122.3232823,10.8250035],[122.3231604,10.8250354],[122.3230407,10.8250602],[122.3229454,10.8251682],[122.3229387,10.8252131],[122.3228516,10.8252907],[122.322747,10.8253434],[122.3225994,10.8254158],[122.3224506,10.825512],[122.322327,10.8256663],[122.3222661,10.825822],[122.3220898,10.8260613],[122.3219524,10.826328],[122.3218865,10.8264737],[122.3218077,10.8265583],[122.3217818,10.8266542],[122.3217728,10.8268462]]}},{"type":"Feature","id":252535518,"properties":{"osmWayId":252535518,"name":null,"nameNormalized":null,"highway":"residential","routingClass":"local","surface":null,"tracktype":null},"geometry":{"type":"LineString","coordinates":[[122.3209224,10.8271894],[122.3211236,10.8270861],[122.321314,10.826986],[122.3214756,10.8269583],[122.3217728,10.8268462],[122.3218283,10.8268253],[122.3222776,10.8266883],[122.3223393,10.8266619]]}},{"type":"Feature","id":252535519,"properties":{"osmWayId":252535519,"name":null,"nameNormalized":null,"highway":"residential","routingClass":"local","surface":null,"tracktype":null},"geometry":{"type":"LineString","coordinates":[[122.3218283,10.8268253],[122.3218636,10.8269406],[122.3219041,10.8271025]]}},{"type":"Feature","id":252535520,"properties":{"osmWayId":252535520,"name":null,"nameNormalized":null,"highway":"residential","routingClass":"local","surface":null,"tracktype":null},"geometry":{"type":"LineString","coordinates":[[122.3214796,10.8271089],[122.3215621,10.8271144],[122.3219041,10.8271025],[122.3221428,10.8270901],[122.3222635,10.8270644],[122.3223627,10.827063],[122.3225317,10.827067],[122.3226779,10.8270591]]}},{"type":"Feature","id":252538235,"properties":{"osmWayId":252538235,"name":null,"nameNormalized":null,"highway":"residential","routingClass":"local","surface":null,"tracktype":null},"geometry":{"type":"LineString","coordinates":[[122.3232631,10.8215252],[122.3233215,10.8213668],[122.323355,10.821249],[122.3234079,10.821123],[122.3235836,10.8209066],[122.3237286,10.8207697],[122.3238569,10.8206683],[122.3240521,10.8205533],[122.3242212,10.8203367],[122.32433,10.8201454],[122.3244927,10.8199179],[122.3245233,10.8197535],[122.3245707,10.819529],[122.3246516,10.8194139],[122.3247659,10.8193263],[122.3249249,10.8193235],[122.325,10.8192867],[122.3250253,10.8192414],[122.3248775,10.8189812],[122.3248106,10.8187867],[122.3247966,10.8186635],[122.324805,10.8185484],[122.3248301,10.8182362],[122.3248858,10.8179678],[122.3248886,10.8179404],[122.3248747,10.8178829],[122.3248412,10.8178308],[122.3248161,10.817776],[122.3248022,10.8177267],[122.3248363,10.8176447],[122.32489,10.8176006],[122.325,10.8175834],[122.3250698,10.8175676],[122.3251234,10.8175452],[122.3251619,10.8175131],[122.3251759,10.8174747],[122.3252304,10.8173248],[122.3252293,10.8171204],[122.3251549,10.8170084]]}},{"type":"Feature","id":252542319,"properties":{"osmWayId":252542319,"name":null,"nameNormalized":null,"highway":"unclassified","routingClass":"local","surface":null,"tracktype":null},"geometry":{"type":"LineString","coordinates":[[122.3242758,10.8078631],[122.3241296,10.8079883],[122.3238888,10.8081824],[122.323736,10.8083806],[122.3235948,10.8086326],[122.3234391,10.8087345],[122.3232978,10.8088733],[122.3231912,10.8091055],[122.3231681,10.8091904],[122.3230643,10.8093773],[122.3229115,10.8096633],[122.3228885,10.8097454],[122.3227703,10.8098247],[122.3226002,10.8098899],[122.3224387,10.8099946],[122.3223523,10.8101334],[122.3222687,10.8103146],[122.3222254,10.8104817],[122.3221706,10.8106714],[122.3221101,10.8108073],[122.3220697,10.8109716],[122.322015,10.8111953],[122.3220467,10.8113],[122.3221418,10.8115124],[122.3222283,10.8116823],[122.3223523,10.8117927],[122.3224733,10.8118777],[122.3224733,10.8119683],[122.3224301,10.8120391],[122.3223378,10.8121325],[122.3222197,10.812226],[122.3220986,10.8123251],[122.3219861,10.8123846],[122.3218564,10.8124072],[122.3216517,10.812478],[122.3214298,10.8126083],[122.3211444,10.812798],[122.3209512,10.8130217],[122.3208417,10.813118],[122.3207609,10.8132624],[122.320709,10.8135087],[122.3206226,10.8137862],[122.3205736,10.8139193],[122.3204871,10.8140439],[122.3203977,10.814143],[122.3202305,10.8142903],[122.3201065,10.814378],[122.3199739,10.8144573],[122.3197577,10.8146414],[122.3196222,10.8147858],[122.3195271,10.8148934],[122.3194291,10.8149755],[122.3191581,10.8151652],[122.3188381,10.8153493],[122.3184893,10.8155843],[122.3181866,10.8157372],[122.3178781,10.8159666],[122.3177801,10.8160374],[122.3176878,10.8160629],[122.3176648,10.816094],[122.3175985,10.8162073],[122.3175235,10.8162894],[122.3174457,10.8163404],[122.3174024,10.816448],[122.3174197,10.8165442],[122.3175322,10.8167283],[122.3175841,10.8169265],[122.3175552,10.8171191],[122.3174774,10.8172493],[122.3173765,10.8173796],[122.317339,10.8175013],[122.3173477,10.8176259],[122.3174659,10.8178213],[122.3174947,10.8179572],[122.3175073,10.8180234],[122.3174465,10.818151],[122.3173261,10.8183132],[122.3172224,10.8184542],[122.3171805,10.8185858],[122.3172554,10.818784],[122.3173765,10.8189822],[122.3175264,10.819172],[122.3176446,10.8193617],[122.3178089,10.8195061],[122.3179646,10.8196052],[122.3180424,10.819693],[122.3181087,10.819843],[122.3181116,10.819979],[122.3180885,10.8201036],[122.3181087,10.8202536],[122.3181837,10.8203612],[122.318501,10.8205723],[122.3187438,10.8206988],[122.3188926,10.8207462],[122.3190998,10.8208542],[122.3191749,10.8209187],[122.3191693,10.8210004],[122.319203,10.8210483],[122.319233,10.8211144],[122.3193151,10.8211941],[122.3194908,10.8212876],[122.3196571,10.8213258],[122.3198462,10.8213785],[122.3200661,10.8214167],[122.3202337,10.821468],[122.3203437,10.8215141],[122.320506,10.8215379]]}},{"type":"Feature","id":274635315,"properties":{"osmWayId":274635315,"name":null,"nameNormalized":null,"highway":"unclassified","routingClass":"local","surface":null,"tracktype":null},"geometry":{"type":"LineString","coordinates":[[122.3128737,10.8199545],[122.3126753,10.8200704],[122.3125827,10.8201034],[122.3124889,10.8201165]]}},{"type":"Feature","id":274635340,"properties":{"osmWayId":274635340,"name":null,"nameNormalized":null,"highway":"residential","routingClass":"local","surface":null,"tracktype":null},"geometry":{"type":"LineString","coordinates":[[122.2943498,10.8176745],[122.2944342,10.817752],[122.2945192,10.8179178],[122.2945694,10.8180013],[122.294634,10.8180863],[122.2947335,10.8181261],[122.2948177,10.8181577],[122.2949158,10.8181878],[122.2949906,10.8181958],[122.2950505,10.8181917],[122.2950993,10.8181506],[122.2951934,10.8181275],[122.2952608,10.8181149],[122.2954608,10.8181024],[122.295544,10.8181064],[122.2955815,10.8181051],[122.2956097,10.8180998],[122.2956526,10.8180807],[122.2958353,10.8179014],[122.2959043,10.8178485],[122.295961,10.8177911],[122.2960537,10.8177074],[122.2961361,10.8176159],[122.2962094,10.8175082],[122.2962721,10.8174151],[122.2963076,10.8173447],[122.2963157,10.8172749],[122.2963411,10.8171866],[122.29638,10.8171115]]}},{"type":"Feature","id":480198777,"properties":{"osmWayId":480198777,"name":null,"nameNormalized":null,"highway":"service","routingClass":"local","surface":null,"tracktype":null},"geometry":{"type":"LineString","coordinates":[[122.2814436,10.7994394],[122.2814049,10.7994103],[122.2813764,10.7993905],[122.2813476,10.7993698],[122.2812911,10.7993406],[122.2812282,10.7993242],[122.281088,10.7993071],[122.2809592,10.7992996],[122.2808076,10.7993128],[122.2807305,10.7993038],[122.2806502,10.7992852],[122.2804705,10.7992156],[122.2802907,10.7991299],[122.2799292,10.7989366]]}},{"type":"Feature","id":480198778,"properties":{"osmWayId":480198778,"name":null,"nameNormalized":null,"highway":"residential","routingClass":"local","surface":null,"tracktype":null},"geometry":{"type":"LineString","coordinates":[[122.2815811,10.7997483],[122.2818084,10.7994796],[122.2819626,10.7992636],[122.2824347,10.7985298],[122.2825272,10.7983954]]}},{"type":"Feature","id":480198781,"properties":{"osmWayId":480198781,"name":null,"nameNormalized":null,"highway":"track","routingClass":"local","surface":null,"tracktype":null},"geometry":{"type":"LineString","coordinates":[[122.2840799,10.797977],[122.2841261,10.7980878],[122.2841183,10.7982017],[122.2841017,10.7983835],[122.2842549,10.798525],[122.2843813,10.7985781],[122.2844509,10.7985918],[122.2844965,10.7986075],[122.2846063,10.7987192],[122.2846517,10.7988316],[122.2847004,10.7990883],[122.284736,10.7992071],[122.2847563,10.7992594],[122.2847838,10.7993299],[122.2848549,10.7995366],[122.2848874,10.7996464],[122.2849108,10.7997233],[122.2849342,10.7997632],[122.2849698,10.7998021],[122.285047,10.799855],[122.2851527,10.7999219],[122.2853096,10.8000696],[122.2854031,10.8001618],[122.2854851,10.8002533],[122.2855322,10.8002902],[122.2856151,10.8003093],[122.2857168,10.8003353],[122.2858178,10.8003307],[122.2860288,10.8002704],[122.2861247,10.8002436],[122.2862087,10.8002344],[122.2862818,10.8002508],[122.2863479,10.8002644]]}},{"type":"Feature","id":480311047,"properties":{"osmWayId":480311047,"name":null,"nameNormalized":null,"highway":"track","routingClass":"local","surface":null,"tracktype":null},"geometry":{"type":"LineString","coordinates":[[122.2801889,10.8124318],[122.2802496,10.812404],[122.280301,10.8123525],[122.2803278,10.8122234],[122.2803242,10.8120483],[122.2803012,10.811862],[122.2803224,10.8118042],[122.2803773,10.8117686],[122.2804732,10.8117679],[122.2806341,10.8118202],[122.2807266,10.8117993],[122.2807515,10.8117462]]}},{"type":"Feature","id":480535705,"properties":{"osmWayId":480535705,"name":null,"nameNormalized":null,"highway":"track","routingClass":"local","surface":null,"tracktype":null},"geometry":{"type":"LineString","coordinates":[[122.2869314,10.7962692],[122.2868714,10.7961916],[122.2868374,10.7961419],[122.2868169,10.7961037],[122.2867955,10.7960635],[122.2867449,10.7959631],[122.286704,10.7959201],[122.2866554,10.7958857],[122.2866067,10.7958733],[122.2865717,10.7958752],[122.2865211,10.7959115],[122.286486,10.7959498],[122.2864289,10.7960127],[122.286337,10.7960802],[122.2862228,10.7961145],[122.2861065,10.796081],[122.2860493,10.7960894],[122.2859854,10.7961006],[122.2859028,10.7961267],[122.2858497,10.7961656],[122.2857873,10.7962045],[122.2857443,10.796221],[122.2856626,10.7962531],[122.2855604,10.7962721],[122.2855075,10.7963121],[122.2854642,10.7963315],[122.2853991,10.7963487],[122.2853335,10.7963421],[122.2852798,10.7963152],[122.2851987,10.7962875],[122.2850894,10.7962045]]}},{"type":"Feature","id":480545098,"properties":{"osmWayId":480545098,"name":null,"nameNormalized":null,"highway":"unclassified","routingClass":"local","surface":null,"tracktype":null},"geometry":{"type":"LineString","coordinates":[[122.3218502,10.7979018],[122.3219484,10.7979207],[122.3220372,10.7979714],[122.3222121,10.7981713],[122.3224614,10.7984556],[122.3227767,10.7986977],[122.3233814,10.7991434],[122.3237394,10.7993018],[122.3239741,10.7994058],[122.3240671,10.7995061],[122.3241625,10.7995905],[122.3242851,10.7997911],[122.324364,10.7999327],[122.3245011,10.7999473],[122.3247057,10.7999721],[122.324901,10.7999386],[122.3250778,10.7997865],[122.3251703,10.7997457],[122.3254426,10.7996456],[122.3257269,10.7995889],[122.3262593,10.7994454],[122.3266053,10.7994427],[122.326836,10.7994677],[122.3270814,10.799502],[122.3272142,10.7995007],[122.3273688,10.7994342],[122.3274462,10.7992794],[122.3276085,10.7991858],[122.3277614,10.7991213],[122.3279625,10.7990686],[122.3281637,10.7989843],[122.328393,10.7989171],[122.3286813,10.7989158],[122.3290019,10.7989145],[122.3291869,10.7989224],[122.3293747,10.7989105],[122.3296443,10.7988749],[122.3299742,10.7988157],[122.3303403,10.7987854],[122.3306203,10.7988129],[122.3308861,10.7987551],[122.330976,10.7987524],[122.3312375,10.7987643],[122.3314306,10.7987116],[122.331567,10.7986919],[122.3316877,10.7986637],[122.3319067,10.7986523],[122.3320691,10.7987483],[122.3322862,10.7987129],[122.33265,10.7986077],[122.332908,10.7984922],[122.3330656,10.7983289],[122.3331539,10.7977842],[122.3332175,10.7976054],[122.3332719,10.7975435],[122.3335671,10.7973014],[122.3338251,10.7971184],[122.3343209,10.7969523],[122.3345929,10.7968568],[122.3347016,10.7968168]]}},{"type":"Feature","id":487193501,"properties":{"osmWayId":487193501,"name":null,"nameNormalized":null,"highway":"service","routingClass":"local","surface":null,"tracktype":null},"geometry":{"type":"LineString","coordinates":[[122.3127042,10.8115087],[122.3126236,10.8115592],[122.3125691,10.8116243],[122.3125384,10.8116831],[122.312508,10.8117235],[122.3124702,10.8117419],[122.3124312,10.8116998],[122.3123614,10.8116754],[122.3122209,10.8116787],[122.3120517,10.8115924],[122.3118626,10.811491],[122.3116922,10.81152],[122.3114951,10.8114449],[122.3112658,10.8113193]]}},{"type":"Feature","id":576230075,"properties":{"osmWayId":576230075,"name":null,"nameNormalized":null,"highway":"service","routingClass":"local","surface":null,"tracktype":null},"geometry":{"type":"LineString","coordinates":[[122.2795118,10.8014207],[122.2793515,10.8014622],[122.278976,10.8014754],[122.2785911,10.8016466],[122.2785093,10.8016565],[122.2784255,10.801646],[122.2782639,10.8015768]]}},{"type":"Feature","id":585011237,"properties":{"osmWayId":585011237,"name":null,"nameNormalized":null,"highway":"track","routingClass":"local","surface":null,"tracktype":null},"geometry":{"type":"LineString","coordinates":[[122.2683813,10.8230395],[122.2685521,10.822627],[122.2685681,10.8224964],[122.2685575,10.8223547],[122.2685098,10.8221741],[122.2684633,10.8220286],[122.2684447,10.8218887],[122.2686025,10.8216283],[122.2688882,10.8213956],[122.2691256,10.82136],[122.2692986,10.8213297],[122.2695588,10.8212204],[122.2698967,10.8211137],[122.2700416,10.8210663],[122.2701703,10.8210505],[122.2702749,10.8210663],[122.2704747,10.8211769],[122.2706638,10.8212705],[122.270947,10.8213822]]}},{"type":"Feature","id":590704966,"properties":{"osmWayId":590704966,"name":null,"nameNormalized":null,"highway":"residential","routingClass":"local","surface":null,"tracktype":null},"geometry":{"type":"LineString","coordinates":[[122.2728179,10.8212414],[122.2729592,10.8211855],[122.2730681,10.8211615],[122.2731764,10.8211142],[122.2732958,10.8210406],[122.2733998,10.8209523]]}},{"type":"Feature","id":619598294,"properties":{"osmWayId":619598294,"name":null,"nameNormalized":null,"highway":"residential","routingClass":"local","surface":null,"tracktype":null},"geometry":{"type":"LineString","coordinates":[[122.3175073,10.8180234],[122.3176056,10.8180058],[122.3176843,10.8179365],[122.317801,10.8179536],[122.3178881,10.8179839],[122.3179673,10.8180642],[122.3180129,10.8181011],[122.3180504,10.8181235],[122.3180906,10.8181314],[122.3181376,10.818138],[122.3181671,10.8181261],[122.3181613,10.8180724]]}},{"type":"Feature","id":621875201,"properties":{"osmWayId":621875201,"name":null,"nameNormalized":null,"highway":"track","routingClass":"local","surface":null,"tracktype":null},"geometry":{"type":"LineString","coordinates":[[122.2951685,10.8288591],[122.2958284,10.8291072],[122.2964262,10.8292815],[122.2967998,10.8292906],[122.2972668,10.8291622]]}},{"type":"Feature","id":636811404,"properties":{"osmWayId":636811404,"name":null,"nameNormalized":null,"highway":"track","routingClass":"local","surface":null,"tracktype":null},"geometry":{"type":"LineString","coordinates":[[122.3180383,10.8320047],[122.3178728,10.8321795],[122.3176016,10.8322764],[122.3173551,10.8323974],[122.3170717,10.8322643],[122.3168683,10.8322187],[122.316628,10.8322703],[122.3164062,10.8322461]]}},{"type":"Feature","id":636811423,"properties":{"osmWayId":636811423,"name":null,"nameNormalized":null,"highway":"unclassified","routingClass":"local","surface":null,"tracktype":null},"geometry":{"type":"LineString","coordinates":[[122.3219014,10.8408475],[122.3218136,10.840806],[122.3217478,10.8407455],[122.3216687,10.8406901],[122.3215306,10.8406282],[122.321312,10.8405663],[122.3210599,10.8404978]]}},{"type":"Feature","id":636811424,"properties":{"osmWayId":636811424,"name":null,"nameNormalized":null,"highway":"unclassified","routingClass":"local","surface":null,"tracktype":null},"geometry":{"type":"LineString","coordinates":[[122.3203826,10.8406447],[122.320274,10.8406651],[122.3201016,10.8406934],[122.3199783,10.8407033],[122.3198951,10.8406888],[122.3198052,10.8406671],[122.3196799,10.8406276],[122.3195297,10.840621],[122.3193882,10.8406025],[122.3192769,10.8405604]]}},{"type":"Feature","id":636811425,"properties":{"osmWayId":636811425,"name":null,"nameNormalized":null,"highway":"unclassified","routingClass":"local","surface":null,"tracktype":null},"geometry":{"type":"LineString","coordinates":[[122.3210599,10.8404978],[122.3209197,10.8404893],[122.3208399,10.8404893],[122.3207655,10.8404748],[122.3206294,10.8404636],[122.3205605,10.8405488],[122.3205093,10.8405932],[122.3204409,10.8406124],[122.3203826,10.8406447]]}},{"type":"Feature","id":636811426,"properties":{"osmWayId":636811426,"name":null,"nameNormalized":null,"highway":"unclassified","routingClass":"local","surface":null,"tracktype":null},"geometry":{"type":"LineString","coordinates":[[122.3192769,10.8405604],[122.319138,10.8404807],[122.3189878,10.8403911],[122.3188363,10.8403095],[122.3187438,10.8402673],[122.3186636,10.8402445],[122.3185788,10.8402383],[122.318474,10.8402511],[122.3183839,10.8402574],[122.3183227,10.8402475],[122.3182777,10.8402087],[122.318231,10.8401348],[122.3181574,10.8400282],[122.3180697,10.8399496],[122.318002,10.8398849],[122.3179653,10.8398324]]}},{"type":"Feature","id":636811427,"properties":{"osmWayId":636811427,"name":null,"nameNormalized":null,"highway":"unclassified","routingClass":"local","surface":null,"tracktype":null},"geometry":{"type":"LineString","coordinates":[[122.3179653,10.8398324],[122.3178613,10.8396482]]}},{"type":"Feature","id":636811428,"properties":{"osmWayId":636811428,"name":null,"nameNormalized":null,"highway":"track","routingClass":"local","surface":null,"tracktype":null},"geometry":{"type":"LineString","coordinates":[[122.3182422,10.8394546],[122.3184554,10.8394098],[122.318607,10.8393809],[122.3189369,10.8393624],[122.3192158,10.8393572],[122.3194787,10.8393097],[122.3196249,10.8392333],[122.3197536,10.8389725],[122.3200084,10.8386393],[122.3204069,10.8384996]]}},{"type":"Feature","id":636811429,"properties":{"osmWayId":636811429,"name":null,"nameNormalized":null,"highway":"unclassified","routingClass":"local","surface":"unpaved","tracktype":null},"geometry":{"type":"LineString","coordinates":[[122.3158664,10.8377326],[122.315827,10.8377846],[122.3157787,10.8378214],[122.315643,10.8378668],[122.3155717,10.8379714],[122.3155048,10.8380385],[122.3154254,10.8380902],[122.315349,10.838103],[122.3152629,10.8380756],[122.315198,10.8380312],[122.3151334,10.8379783],[122.3150835,10.8379297],[122.3150627,10.8378513],[122.3149964,10.837782],[122.3149,10.8377438],[122.3148108,10.8376892],[122.3147382,10.8376237],[122.3147047,10.8375678],[122.3146779,10.8375206],[122.3146913,10.8374606],[122.3146427,10.8373948],[122.3145838,10.837355],[122.3145237,10.8373657],[122.314451,10.837396],[122.3143845,10.8374376],[122.3143346,10.8374827],[122.3142878,10.8375191],[122.3142281,10.8375371],[122.3141626,10.8375587],[122.314117,10.8375605],[122.3140673,10.8375566],[122.3139909,10.8375474],[122.3139212,10.837525],[122.313838,10.8375131],[122.3137642,10.8375421],[122.3136985,10.8375474],[122.3136301,10.8375394],[122.3135577,10.8374854],[122.3134558,10.8373867],[122.3133364,10.837301],[122.3131366,10.8371482],[122.3129234,10.8369994],[122.3126498,10.836815],[122.3125023,10.8367465],[122.3123749,10.8367044],[122.3122528,10.8366543],[122.3121388,10.8366003],[122.3120315,10.8365726],[122.3118545,10.8365384],[122.3117311,10.8365199],[122.3116399,10.8365094],[122.3115192,10.8364989],[122.311369,10.8365015],[122.3111947,10.8364831],[122.3110767,10.8364449],[122.3109895,10.8363816],[122.3108795,10.8363171],[122.3108031,10.8362842],[122.3106833,10.8363547],[122.3106112,10.8363472],[122.3105122,10.8363028],[122.3104449,10.8362745]]}},{"type":"Feature","id":637039822,"properties":{"osmWayId":637039822,"name":null,"nameNormalized":null,"highway":"unclassified","routingClass":"local","surface":null,"tracktype":null},"geometry":{"type":"LineString","coordinates":[[122.2850894,10.7962045],[122.2850109,10.796136],[122.2848871,10.7960259],[122.2848327,10.7959839],[122.2847907,10.7959543],[122.2847491,10.7959237],[122.2847307,10.795899],[122.284679,10.7958094],[122.2846214,10.7957126],[122.2845618,10.795588]]}},{"type":"Feature","id":666621840,"properties":{"osmWayId":666621840,"name":null,"nameNormalized":null,"highway":"service","routingClass":"local","surface":null,"tracktype":null},"geometry":{"type":"LineString","coordinates":[[122.2807515,10.8117462],[122.2808069,10.8117524],[122.280993,10.811855],[122.2810788,10.8119109],[122.2811529,10.8119667],[122.2813012,10.812086],[122.2813243,10.8121612],[122.2813176,10.8122629],[122.2812971,10.8123619]]}},{"type":"Feature","id":692101218,"properties":{"osmWayId":692101218,"name":null,"nameNormalized":null,"highway":"residential","routingClass":"local","surface":null,"tracktype":null},"geometry":{"type":"LineString","coordinates":[[122.2724215,10.822122],[122.2724754,10.8218658],[122.2725742,10.8215741]]}},{"type":"Feature","id":718038988,"properties":{"osmWayId":718038988,"name":null,"nameNormalized":null,"highway":"residential","routingClass":"local","surface":null,"tracktype":null},"geometry":{"type":"LineString","coordinates":[[122.2725742,10.8215741],[122.2727124,10.8213469],[122.2727452,10.8212981],[122.2727861,10.8212644],[122.2728179,10.8212414]]}},{"type":"Feature","id":759028849,"properties":{"osmWayId":759028849,"name":null,"nameNormalized":null,"highway":"service","routingClass":"local","surface":null,"tracktype":null},"geometry":{"type":"LineString","coordinates":[[122.3112658,10.8113193],[122.3112046,10.811253],[122.3111648,10.8111657],[122.3112136,10.8110292],[122.3112741,10.8109077],[122.3112651,10.8108385],[122.3112805,10.8107375],[122.3110257,10.8105623]]}},{"type":"Feature","id":759028850,"properties":{"osmWayId":759028850,"name":null,"nameNormalized":null,"highway":"service","routingClass":"local","surface":null,"tracktype":null},"geometry":{"type":"LineString","coordinates":[[122.3102256,10.8100245],[122.3102413,10.8100849],[122.3103149,10.8101223],[122.3104034,10.8102343],[122.3104906,10.8103239],[122.3105778,10.8103779],[122.3106623,10.8103963],[122.3107952,10.810459],[122.310873,10.8104906],[122.3110257,10.8105623]]}},{"type":"Feature","id":759029663,"properties":{"osmWayId":759029663,"name":null,"nameNormalized":null,"highway":"residential","routingClass":"local","surface":null,"tracktype":null},"geometry":{"type":"LineString","coordinates":[[122.3124889,10.8201165],[122.3123574,10.8201165],[122.3121737,10.8201666],[122.3119551,10.8201771]]}},{"type":"Feature","id":759029664,"properties":{"osmWayId":759029664,"name":null,"nameNormalized":null,"highway":"unclassified","routingClass":"local","surface":null,"tracktype":null},"geometry":{"type":"LineString","coordinates":[[122.3111182,10.8131942],[122.3109278,10.8128043],[122.3107299,10.8124464],[122.3105261,10.8120741],[122.3102575,10.8116899],[122.3100708,10.8113641],[122.3100219,10.8110631],[122.3099888,10.8105694],[122.3100902,10.8102614],[122.3101595,10.8101453],[122.3102256,10.8100245],[122.3102995,10.8097999],[122.3105472,10.8094633],[122.3106224,10.8092354],[122.3106274,10.8091595],[122.3106031,10.8090837],[122.310489,10.808897],[122.3104985,10.8088262],[122.310567,10.8087049],[122.3106636,10.8086891],[122.3107424,10.8086731],[122.3107936,10.8085367],[122.3108897,10.8083939],[122.3109546,10.8082912],[122.3111249,10.8082833],[122.3112015,10.8083785],[122.3112832,10.808475],[122.3113838,10.8085573],[122.3114723,10.8086337],[122.3115407,10.8086904],[122.3116574,10.8087457],[122.3117673,10.8087549],[122.3118398,10.8087457],[122.3118925,10.8086629],[122.3118894,10.8084201],[122.3119346,10.8083536],[122.3119792,10.8082781],[122.3122032,10.8082451],[122.3123479,10.8081824],[122.3124542,10.8081168],[122.3127137,10.8078937],[122.3129931,10.8077129],[122.3131447,10.8076774],[122.3133244,10.8077735],[122.3135121,10.8078499],[122.3136757,10.8078539],[122.3138233,10.8078578],[122.3139614,10.807846],[122.3140794,10.807842],[122.3141693,10.8077103],[122.3142564,10.8075509]]}},{"type":"Feature","id":759033924,"properties":{"osmWayId":759033924,"name":null,"nameNormalized":null,"highway":"track","routingClass":"local","surface":null,"tracktype":null},"geometry":{"type":"LineString","coordinates":[[122.2964226,10.8105442],[122.2965229,10.8104792],[122.2967308,10.8102341],[122.2967377,10.8100026],[122.296863,10.8097918],[122.2970071,10.8097416],[122.2971453,10.8097495],[122.2972513,10.8097962],[122.2972923,10.8096554],[122.2973657,10.809506],[122.2974685,10.8094175],[122.2976173,10.8095071],[122.2977769,10.8097192],[122.29795,10.8097964],[122.2982597,10.8098615],[122.2984797,10.8099958],[122.2987157,10.8099985],[122.2992039,10.8102277],[122.299566,10.8103436],[122.2999368,10.8103718],[122.3001416,10.8101606],[122.3002345,10.8101092]]}},{"type":"Feature","id":760656481,"properties":{"osmWayId":760656481,"name":null,"nameNormalized":null,"highway":"residential","routingClass":"local","surface":null,"tracktype":null},"geometry":{"type":"LineString","coordinates":[[122.270947,10.8213822],[122.2711426,10.8215168],[122.2713062,10.8217987],[122.2714712,10.8219488],[122.2716415,10.8221043],[122.2718856,10.8222544],[122.2720304,10.8222413],[122.2721984,10.8222143],[122.2723021,10.8221651],[122.2723442,10.822147],[122.2724215,10.822122]]}},{"type":"Feature","id":915815904,"properties":{"osmWayId":915815904,"name":null,"nameNormalized":null,"highway":"track","routingClass":"local","surface":"unpaved","tracktype":null},"geometry":{"type":"LineString","coordinates":[[122.3182422,10.8394546],[122.3178613,10.8396482]]}},{"type":"Feature","id":916119969,"properties":{"osmWayId":916119969,"name":null,"nameNormalized":null,"highway":"residential","routingClass":"local","surface":null,"tracktype":null},"geometry":{"type":"LineString","coordinates":[[122.3134049,10.7977838],[122.3137511,10.7980954],[122.3139219,10.7982056],[122.3142249,10.7983075],[122.3144982,10.7983672],[122.3148721,10.7983287],[122.3151026,10.7983464],[122.315251,10.7984082],[122.3153819,10.7985508],[122.3155667,10.7986502],[122.3159089,10.7987886],[122.3160859,10.7988463]]}},{"type":"Feature","id":1057038787,"properties":{"osmWayId":1057038787,"name":null,"nameNormalized":null,"highway":"residential","routingClass":"local","surface":"unpaved","tracktype":null},"geometry":{"type":"LineString","coordinates":[[122.29186,10.8439567],[122.2919928,10.8439462],[122.2921148,10.8439256],[122.2923647,10.8431255],[122.2923731,10.8430522]]}},{"type":"Feature","id":1457360722,"properties":{"osmWayId":1457360722,"name":null,"nameNormalized":null,"highway":"track","routingClass":"local","surface":null,"tracktype":null},"geometry":{"type":"LineString","coordinates":[[122.2856758,10.8519688],[122.286208,10.8521145],[122.286375,10.8521281],[122.286473,10.8523552],[122.2865267,10.8525471],[122.2863368,10.8529058],[122.2861875,10.8532453],[122.2860911,10.8535573],[122.2859937,10.8537477],[122.2859498,10.8538041],[122.2859438,10.8538955],[122.286016,10.8541698],[122.2859794,10.8545311],[122.2859542,10.8547236],[122.2859273,10.8548765],[122.2860411,10.8549727],[122.2862436,10.85497],[122.2864758,10.854861],[122.2866046,10.8547546],[122.2868676,10.8546899]]}},{"type":"Feature","id":1474303939,"properties":{"osmWayId":1474303939,"name":null,"nameNormalized":null,"highway":"residential","routingClass":"local","surface":null,"tracktype":null},"geometry":{"type":"LineString","coordinates":[[122.3214643,10.8272431],[122.3214796,10.8271089]]}},{"type":"Feature","id":1474303940,"properties":{"osmWayId":1474303940,"name":null,"nameNormalized":null,"highway":"residential","routingClass":"local","surface":null,"tracktype":null},"geometry":{"type":"LineString","coordinates":[[122.3214796,10.8271089],[122.3214756,10.8269583]]}},{"type":"Feature","id":1474307947,"properties":{"osmWayId":1474307947,"name":null,"nameNormalized":null,"highway":"unclassified","routingClass":"local","surface":null,"tracktype":null},"geometry":{"type":"LineString","coordinates":[[122.3145667,10.8073974],[122.3146453,10.8074034],[122.3149015,10.8075285],[122.3149981,10.8075957],[122.3150866,10.8076444],[122.3151635,10.807649],[122.3152236,10.8076122],[122.3153252,10.8075286],[122.3153343,10.8074257],[122.3153504,10.8073207],[122.3152855,10.8070404],[122.3152542,10.8067232],[122.3153352,10.8064434],[122.3153824,10.8061868],[122.3153187,10.8059771],[122.3151456,10.8056777],[122.3152086,10.8055631],[122.3153132,10.8054432],[122.315627,10.8052482],[122.3156753,10.8049637],[122.3156496,10.8047364],[122.3156479,10.8044884],[122.3156001,10.8041696],[122.3154183,10.80389],[122.3151836,10.8036232],[122.3151147,10.8034672],[122.315163,10.8033829],[122.3152649,10.8033302],[122.3153883,10.8032433],[122.3155037,10.8030694],[122.3157397,10.8029403],[122.3156792,10.802623],[122.3157809,10.8024112],[122.3158702,10.8020451],[122.3159883,10.8017292],[122.3161197,10.8013941],[122.3163673,10.8012659],[122.3163979,10.8010969],[122.3163531,10.8008427],[122.3163371,10.8006199],[122.3164626,10.8005849],[122.3166979,10.8006591],[122.3169044,10.800696],[122.3170605,10.8006215],[122.3170934,10.8005116],[122.3170002,10.8003926],[122.316917,10.8003451],[122.3165358,10.7998712],[122.3162628,10.7995473],[122.3160494,10.7992811],[122.3160127,10.7991223],[122.3160439,10.7989398],[122.3160859,10.7988463]]}},{"type":"Feature","id":1474307948,"properties":{"osmWayId":1474307948,"name":null,"nameNormalized":null,"highway":"unclassified","routingClass":"local","surface":null,"tracktype":null},"geometry":{"type":"LineString","coordinates":[[122.3142564,10.8075509],[122.3143234,10.8074718],[122.3143945,10.8074152],[122.3144897,10.8073902],[122.3145667,10.8073974]]}},{"type":"Feature","id":1474308691,"properties":{"osmWayId":1474308691,"name":null,"nameNormalized":null,"highway":"unclassified","routingClass":"local","surface":null,"tracktype":null},"geometry":{"type":"LineString","coordinates":[[122.3105576,10.815182],[122.3107204,10.8150339],[122.3108412,10.8148426],[122.3109112,10.8145615],[122.3109392,10.8143909],[122.3110306,10.8141706],[122.3111683,10.8139701],[122.3112948,10.8138466],[122.3113354,10.8137062],[122.311365,10.8134287],[122.3111182,10.8131942]]}},{"type":"Feature","id":1474308692,"properties":{"osmWayId":1474308692,"name":null,"nameNormalized":null,"highway":"unclassified","routingClass":"local","surface":null,"tracktype":null},"geometry":{"type":"LineString","coordinates":[[122.3124889,10.8201165],[122.3124298,10.8200322],[122.3123547,10.8199677],[122.3122957,10.819886],[122.3122193,10.8198122],[122.3121204,10.8198312],[122.3120375,10.8198214],[122.3119512,10.8197747],[122.3118825,10.8197062],[122.3118096,10.8195847],[122.3117376,10.8194902],[122.3116381,10.8193922],[122.3115508,10.8193174],[122.3115007,10.8192337],[122.3114938,10.8191357],[122.3115277,10.8189176],[122.3115934,10.8187035],[122.3116681,10.8186095],[122.3117648,10.8185371],[122.3118952,10.8185123],[122.3119736,10.8184479],[122.3119619,10.8183582],[122.3119247,10.818228],[122.3118049,10.8179589],[122.3117404,10.8178243],[122.3117432,10.8176783],[122.3117284,10.8175057],[122.311597,10.8174227],[122.3113878,10.817399],[122.311247,10.8173595],[122.3110405,10.8173727],[122.3108634,10.8174543],[122.3106851,10.8175597],[122.3105939,10.8175847],[122.3104611,10.8175861],[122.3103645,10.8175202],[122.3102466,10.817387],[122.3101937,10.817265],[122.3101505,10.8170371],[122.310162,10.8168352],[122.3102605,10.816623],[122.3104463,10.8164295],[122.3105818,10.816303],[122.3106391,10.8162096],[122.3105805,10.816112],[122.3104356,10.8159513],[122.3103777,10.8158202],[122.3104018,10.8156479],[122.3104012,10.8154695],[122.3104753,10.8153233],[122.3105576,10.815182]]}},{"type":"Feature","id":1474308693,"properties":{"osmWayId":1474308693,"name":null,"nameNormalized":null,"highway":"road","routingClass":"local","surface":null,"tracktype":null},"geometry":{"type":"LineString","coordinates":[[122.3090315,10.8169986],[122.30901,10.8168234],[122.3092246,10.8165836],[122.3099662,10.815979],[122.3104356,10.8159513]]}},{"type":"Feature","id":1474308697,"properties":{"osmWayId":1474308697,"name":null,"nameNormalized":null,"highway":"unclassified","routingClass":"local","surface":"unpaved","tracktype":null},"geometry":{"type":"LineString","coordinates":[[122.308896,10.8251471],[122.3087955,10.8250312],[122.3087794,10.8248573],[122.3089537,10.8246584],[122.3089591,10.8245478],[122.3088759,10.8243897],[122.3088089,10.8242856],[122.3087807,10.8241724],[122.3089162,10.8240551],[122.3090342,10.8240288],[122.3092192,10.8240709],[122.3094043,10.8240196],[122.3096752,10.824013],[122.3098227,10.8241091],[122.3100105,10.8240657],[122.3101486,10.8239115],[122.3102023,10.8237811],[122.3101433,10.8237403],[122.3098817,10.8237469],[122.3096833,10.8235572],[122.3093761,10.8233451],[122.3092957,10.8231041],[122.3093882,10.8225126],[122.3095572,10.8222044],[122.3096618,10.8218777],[122.3095947,10.8217223],[122.3094633,10.8214878],[122.3094794,10.8213376],[122.3097235,10.8211743],[122.3097905,10.8211111],[122.3098147,10.8209082],[122.3099005,10.820787],[122.31004,10.820708],[122.3102707,10.8206131],[122.3102841,10.8204867],[122.3102921,10.8203681],[122.310099,10.8202022],[122.3100373,10.8200177],[122.3100836,10.8199249],[122.3102103,10.8198663],[122.3102418,10.819809],[122.3101017,10.8196068],[122.3101312,10.8192906],[122.3100185,10.8191352],[122.3099139,10.8188585],[122.3092112,10.8185292],[122.30912,10.8184423],[122.3090704,10.8182223],[122.3091321,10.818142],[122.309285,10.8180234],[122.3093306,10.8179523],[122.3092689,10.8177204],[122.3092219,10.8174879],[122.3090637,10.8172067],[122.3090315,10.8169986],[122.3090999,10.8168537],[122.3092233,10.8167246],[122.3100373,10.816552],[122.3102605,10.816623]]}},{"type":"Feature","id":1474308699,"properties":{"osmWayId":1474308699,"name":null,"nameNormalized":null,"highway":"residential","routingClass":"local","surface":"unpaved","tracktype":null},"geometry":{"type":"LineString","coordinates":[[122.308896,10.8251471],[122.3092139,10.8253052],[122.3093181,10.8254099],[122.309401,10.8255449],[122.3094097,10.8258196],[122.3093963,10.8259046]]}},{"type":"Feature","id":1474328571,"properties":{"osmWayId":1474328571,"name":null,"nameNormalized":null,"highway":"service","routingClass":"local","surface":null,"tracktype":null},"geometry":{"type":"LineString","coordinates":[[122.2927064,10.8011515],[122.2930341,10.8015011],[122.2931528,10.8016506]]}},{"type":"Feature","id":1474328572,"properties":{"osmWayId":1474328572,"name":null,"nameNormalized":null,"highway":"service","routingClass":"local","surface":null,"tracktype":null},"geometry":{"type":"LineString","coordinates":[[122.2932065,10.8022744],[122.2933245,10.8020787],[122.2933473,10.8019872],[122.293293,10.8018489],[122.2931528,10.8016506]]}},{"type":"Feature","id":1474332531,"properties":{"osmWayId":1474332531,"name":null,"nameNormalized":null,"highway":"track","routingClass":"local","surface":null,"tracktype":null},"geometry":{"type":"LineString","coordinates":[[122.2941616,10.8115937],[122.2941919,10.8115414],[122.2943325,10.8114052],[122.2945196,10.8111465],[122.2946444,10.8109286],[122.2946236,10.8106699],[122.2946665,10.810475],[122.2947259,10.8103212],[122.2948547,10.8102698],[122.2950116,10.8102659],[122.2952414,10.8101087],[122.2955274,10.8101709],[122.2961931,10.8104753],[122.2964226,10.8105442]]}},{"type":"Feature","id":1474336661,"properties":{"osmWayId":1474336661,"name":null,"nameNormalized":null,"highway":"track","routingClass":"local","surface":null,"tracktype":null},"geometry":{"type":"LineString","coordinates":[[122.2799129,10.8125816],[122.2798548,10.812546],[122.2798039,10.8125031],[122.2798039,10.812471],[122.2798475,10.8124282],[122.2799347,10.8124247],[122.2801889,10.8124318]]}},{"type":"Feature","id":1474336662,"properties":{"osmWayId":1474336662,"name":null,"nameNormalized":null,"highway":"track","routingClass":"local","surface":null,"tracktype":null},"geometry":{"type":"LineString","coordinates":[[122.2806206,10.8142566],[122.280593,10.8141013],[122.2806458,10.8140371],[122.2806148,10.8139871],[122.2804877,10.8138837],[122.2804259,10.8137838],[122.2803933,10.8136767],[122.2803097,10.8135019],[122.2802339,10.813272],[122.2801629,10.8131679],[122.2801092,10.8130335],[122.2800757,10.812969],[122.2800502,10.8128676],[122.2800025,10.8127532],[122.2799751,10.812666],[122.2799129,10.8125816]]}},{"type":"Feature","id":1474336664,"properties":{"osmWayId":1474336664,"name":null,"nameNormalized":null,"highway":"residential","routingClass":"local","surface":null,"tracktype":null},"geometry":{"type":"LineString","coordinates":[[122.2801817,10.8112454],[122.280502,10.8114248],[122.28061,10.8115063],[122.2807372,10.811669],[122.2807515,10.8117462]]}},{"type":"Feature","id":1474336665,"properties":{"osmWayId":1474336665,"name":null,"nameNormalized":null,"highway":"residential","routingClass":"local","surface":null,"tracktype":null},"geometry":{"type":"LineString","coordinates":[[122.279259,10.8114739],[122.2793561,10.8115215],[122.2794386,10.8115624],[122.2795758,10.8115587],[122.2796498,10.8115363],[122.2797903,10.8114757],[122.280042,10.8112508],[122.2801817,10.8112454]]}},{"type":"Feature","id":1474336670,"properties":{"osmWayId":1474336670,"name":null,"nameNormalized":null,"highway":"track","routingClass":"local","surface":null,"tracktype":null},"geometry":{"type":"LineString","coordinates":[[122.2806778,10.8144358],[122.2806309,10.8143788],[122.2806183,10.8143165],[122.2806206,10.8142566]]}},{"type":"Feature","id":1527778283,"properties":{"osmWayId":1527778283,"name":null,"nameNormalized":null,"highway":"service","routingClass":"local","surface":null,"tracktype":null},"geometry":{"type":"LineString","coordinates":[[122.2935155,10.8011124],[122.2933387,10.801025],[122.2932738,10.8010143]]}},{"type":"Feature","id":251849031,"properties":{"osmWayId":251849031,"name":null,"nameNormalized":null,"highway":"unclassified","routingClass":"local","surface":null,"tracktype":null},"geometry":{"type":"LineString","coordinates":[[122.328012,10.838692],[122.3278665,10.8386281],[122.3275261,10.8385334],[122.3273905,10.8385215],[122.3272067,10.8385304],[122.327044,10.8386014],[122.3269385,10.8386695],[122.3268722,10.8387494],[122.3268059,10.8390542],[122.3267758,10.8391519],[122.3267216,10.8391963],[122.326435,10.8393282],[122.3261453,10.8394428],[122.325983,10.839481],[122.3258328,10.8394823],[122.3256518,10.8394915],[122.3253581,10.8395547],[122.32511,10.8396127],[122.3247318,10.8397339],[122.324544,10.8397931],[122.3243469,10.8399051],[122.3242383,10.8399789],[122.3241182,10.84009],[122.3240339,10.8401965],[122.3238892,10.840306],[122.3237642,10.8403246],[122.3236307,10.8403121],[122.3235275,10.8403075],[122.3234215,10.8403345],[122.3233283,10.8403859],[122.323215,10.840482],[122.3231586,10.840622],[122.323095,10.840648],[122.3229977,10.8406697],[122.3227604,10.8406895],[122.3226175,10.8407053],[122.3224512,10.8407224],[122.3222843,10.8407507],[122.322122,10.840808],[122.3220127,10.8408423],[122.3219014,10.8408475]]}},{"type":"Feature","id":252542311,"properties":{"osmWayId":252542311,"name":null,"nameNormalized":null,"highway":"unclassified","routingClass":"local","surface":"unpaved","tracktype":null},"geometry":{"type":"LineString","coordinates":[[122.3412072,10.7968703],[122.3412779,10.796766],[122.3416248,10.7966478],[122.3420778,10.7965192],[122.3422831,10.7965331],[122.342382,10.796627],[122.3424808,10.7969633],[122.3423728,10.7972707],[122.3421921,10.7974704],[122.3420677,10.7978013],[122.341691,10.7981997],[122.3413792,10.7986121],[122.3413387,10.7990752],[122.3413833,10.7993576],[122.3413286,10.7998684],[122.3412299,10.8001188],[122.3409587,10.8004547],[122.3406211,10.8005777],[122.3401683,10.8008313],[122.3399756,10.801077],[122.3396501,10.8016559],[122.3394837,10.8022278],[122.3393265,10.8026275],[122.3392048,10.8027112],[122.3389205,10.8028878],[122.3384754,10.8033302],[122.3382783,10.8034185],[122.3379363,10.8033882],[122.3377472,10.8034725],[122.3375333,10.8034138],[122.3373994,10.8034552],[122.3372311,10.8035454],[122.337124,10.8035754],[122.3369748,10.8035679],[122.3368141,10.8035341],[122.3366573,10.8035266],[122.3364775,10.8036506],[122.3363513,10.8037257],[122.3362212,10.8037783],[122.3360721,10.8037971],[122.3359611,10.8038008],[122.3357584,10.8038272],[122.3353376,10.803891],[122.335219,10.8039211],[122.3350775,10.8040037],[122.3349016,10.8040563],[122.3343737,10.804248],[122.3342666,10.8042968],[122.3340753,10.8044584],[122.3337923,10.8046876],[122.3333906,10.8048905],[122.3331343,10.8049994],[122.3328628,10.8051084],[122.3326715,10.8051572],[122.3324535,10.8051873],[122.3323158,10.8051986],[122.3321436,10.8052549],[122.3320174,10.8053564],[122.3318644,10.8055255],[122.3317305,10.8057321],[122.3315813,10.8059839],[122.3314589,10.8062018],[122.3312201,10.8066103],[122.3311235,10.8067447],[122.3309062,10.8069423],[122.3307654,10.8070477],[122.330583,10.8071873],[122.3303899,10.8072875],[122.3301271,10.8073797],[122.3299258,10.8075321],[122.3296577,10.8075219],[122.3292553,10.8075536],[122.3288973,10.8074877],[122.3287015,10.8074771],[122.328389,10.8074956],[122.3281999,10.8074969],[122.3280574,10.8074535],[122.3279799,10.8074255],[122.3279035,10.8073507],[122.3277707,10.8073467],[122.3275776,10.8073942],[122.3273711,10.8074218],[122.3272056,10.8074772],[122.3269996,10.8074613],[122.3268655,10.8074982],[122.3266992,10.8074719],[122.3265177,10.8074608],[122.3264114,10.8074362],[122.3262491,10.8073703],[122.3260693,10.8073891],[122.3259125,10.8074079],[122.3257748,10.8074154],[122.3257021,10.8074154],[122.3256371,10.8074267],[122.3254037,10.807453],[122.325266,10.8074454],[122.3251398,10.8074342],[122.3250327,10.8074492],[122.3248567,10.8075168],[122.3246157,10.8076859],[122.3242758,10.8078631],[122.324131,10.8079013],[122.3239459,10.8079382],[122.3237689,10.8079619],[122.3234873,10.8080014],[122.3232754,10.808008],[122.3230675,10.8079962],[122.3228806,10.8079638],[122.3228065,10.80787],[122.3226955,10.8077686],[122.3225655,10.8076333],[122.3222709,10.8073402],[122.3221677,10.8072125],[122.3221065,10.8070735],[122.3220912,10.8068894],[122.3221294,10.806694],[122.3221524,10.8065362],[122.3221332,10.8062694],[122.3220567,10.8059688],[122.3219955,10.8057659],[122.3219955,10.8056081],[122.3220606,10.8053977],[122.3221218,10.8052775],[122.3223283,10.8049619],[122.3224813,10.8047101],[122.3225157,10.8046124],[122.3225162,10.8045394],[122.3224797,10.804482],[122.3222119,10.8042838],[122.3219862,10.8041084],[122.3218375,10.8039286],[122.3217507,10.8037821],[122.3216398,10.8034965],[122.3214332,10.8030982],[122.3213185,10.8028164],[122.3213491,10.8025722],[122.321525,10.8023392],[122.3217737,10.8021927],[122.3219917,10.80208],[122.3222174,10.8018358],[122.322378,10.801554],[122.3224125,10.8013586],[122.3224163,10.8011143],[122.3223972,10.800949],[122.3224163,10.8007611],[122.3224507,10.8005883],[122.322466,10.8004042],[122.3224392,10.8002689],[122.3223857,10.8001374],[122.3222556,10.7999082],[122.3221026,10.7996565],[122.3220873,10.7995813],[122.322095,10.7994761],[122.3220261,10.7991004],[122.3220032,10.7987923],[122.3220032,10.7986194],[122.3220032,10.798533],[122.3219993,10.7984466],[122.321984,10.7983414],[122.3219343,10.7982136],[122.3218769,10.7980596],[122.3218502,10.7979018]]}},{"type":"Feature","id":636805380,"properties":{"osmWayId":636805380,"name":null,"nameNormalized":null,"highway":"unclassified","routingClass":"local","surface":null,"tracktype":null},"geometry":{"type":"LineString","coordinates":[[122.3315301,10.8330585],[122.3311959,10.8330089],[122.3309072,10.8330727],[122.3307133,10.8330997],[122.3305871,10.8331104],[122.3304369,10.8330399],[122.3302893,10.8329754],[122.3299286,10.8328476],[122.3295008,10.8326988],[122.3292505,10.8328389],[122.3287484,10.8331268],[122.3282897,10.8332889],[122.3276578,10.8334021],[122.326681,10.8335481],[122.3262846,10.833708],[122.3256405,10.8339304],[122.325237,10.8338748],[122.3248194,10.8337844],[122.3244796,10.8334785],[122.3241186,10.8331935],[122.3236869,10.8331101],[122.3230073,10.8330545],[122.3226109,10.8330614],[122.3223632,10.8329571],[122.3222599,10.8328055],[122.3221084,10.8327277],[122.3219197,10.8327473],[122.3217686,10.8328459],[122.321597,10.8329524],[122.3214147,10.8329641],[122.3210537,10.8327694],[122.3204662,10.8324844],[122.3201618,10.8324218],[122.3198999,10.832255],[122.3194611,10.8322202],[122.3191071,10.8320881],[122.3188382,10.8320881],[122.3184842,10.8320533],[122.3180383,10.8320047],[122.3179392,10.8318726],[122.3176136,10.831664],[122.3172172,10.8315875],[122.3171075,10.8316014],[122.3170049,10.8316849],[122.3168474,10.83181],[122.3167668,10.8318309],[122.3166863,10.831817],[122.3165235,10.8317057],[122.3163899,10.8316623],[122.3162775,10.8315632],[122.3161811,10.8315302],[122.3160847,10.8315111],[122.3157591,10.8313025],[122.3156954,10.8310592],[122.315752,10.8308575],[122.3158582,10.8306073],[122.3158387,10.8304908],[122.3154972,10.8299537],[122.3154345,10.8298573],[122.3153881,10.8297105],[122.3153908,10.8295941],[122.3154262,10.8295051],[122.3155477,10.829424],[122.3156622,10.8293325],[122.3159997,10.829189],[122.3161625,10.8290343],[122.3162758,10.8288622],[122.31675,10.8284938],[122.3173602,10.8283008],[122.31814,10.8282893],[122.318551,10.8282343],[122.3188009,10.8281311],[122.3191698,10.8280966],[122.3194617,10.8279934],[122.3196952,10.8277733],[122.319814,10.8275735],[122.3200876,10.8274549],[122.3203625,10.8273153],[122.3206159,10.8271928],[122.3209224,10.8271894]]}},{"type":"Feature","id":251206042,"properties":{"osmWayId":251206042,"name":null,"nameNormalized":null,"highway":"unclassified","routingClass":"local","surface":null,"tracktype":null},"geometry":{"type":"LineString","coordinates":[[122.3540445,10.843879],[122.3541713,10.8437434],[122.3543807,10.8435504],[122.354543,10.8433489],[122.3546541,10.843202],[122.3548011,10.8430654],[122.3548122,10.8430551],[122.3550259,10.842946],[122.3554147,10.8428033],[122.3556113,10.8427194],[122.3557651,10.8426103],[122.3559232,10.842455],[122.3560643,10.8423291],[122.3561967,10.8422619],[122.3563953,10.8422207],[122.3566796,10.8421318],[122.3569402,10.8421025],[122.3572308,10.8420815],[122.3573718,10.8420227],[122.3575171,10.8419304],[122.3576325,10.8417919],[122.3577222,10.8416366],[122.3578547,10.8413722],[122.3578846,10.8413009],[122.3579615,10.8410742],[122.3580048,10.840979],[122.3580512,10.840877],[122.3581752,10.8407301],[122.3583076,10.840642],[122.3585745,10.8405598],[122.3587811,10.8404583],[122.3589742,10.8402844],[122.3593363,10.840079],[122.3596099,10.8396548],[122.3597226,10.8392702],[122.3598084,10.8390121],[122.3599184,10.8388039],[122.3600873,10.8386656],[122.3602911,10.8385932]]}},{"type":"Feature","id":251206043,"properties":{"osmWayId":251206043,"name":null,"nameNormalized":null,"highway":"unclassified","routingClass":"local","surface":null,"tracktype":null},"geometry":{"type":"LineString","coordinates":[[122.3678162,10.833225],[122.3678162,10.8329593],[122.367784,10.8327189],[122.3677164,10.8325386],[122.3676648,10.83245],[122.3675682,10.8323678],[122.3674587,10.8322666],[122.3673331,10.8321052],[122.3670079,10.831694],[122.3669016,10.8315612],[122.3667406,10.831441],[122.3665667,10.8313556],[122.3664121,10.8312955],[122.3662897,10.8312291],[122.3662156,10.8311563],[122.3661705,10.8310393],[122.3661609,10.8309286],[122.366177,10.8308274],[122.3661802,10.8307451],[122.3661673,10.8306819],[122.3661094,10.8306091],[122.366016,10.83053],[122.3658936,10.8304288],[122.3657358,10.8302833],[122.3656521,10.8301473],[122.3656392,10.8300081],[122.3657777,10.8296286],[122.3658614,10.8294514],[122.3659129,10.8294008],[122.3659805,10.8293629],[122.3661029,10.8293439],[122.3663348,10.8293755],[122.3663671,10.8293804],[122.3666053,10.8294166],[122.3667534,10.8294008],[122.3669724,10.8293249],[122.3671109,10.8292743],[122.3672394,10.8292477],[122.3673678,10.8292372],[122.367492,10.8292312],[122.3676053,10.829223],[122.3677625,10.8291857],[122.3679516,10.8290817],[122.3680899,10.82892],[122.3682091,10.8287461],[122.3683089,10.8285942],[122.368383,10.8284582],[122.3684633,10.8282895]]}},{"type":"Feature","id":251206044,"properties":{"osmWayId":251206044,"name":null,"nameNormalized":null,"highway":"unclassified","routingClass":"local","surface":null,"tracktype":null},"geometry":{"type":"LineString","coordinates":[[122.3678162,10.833225],[122.3678588,10.8334715],[122.367956,10.8336295],[122.3680671,10.8337314],[122.3681259,10.8338579],[122.3681774,10.8340746],[122.3681885,10.834212],[122.3682037,10.8343044],[122.36824,10.8343854],[122.3683393,10.8344504],[122.3684019,10.834501],[122.3685233,10.8346528],[122.3685564,10.8347684],[122.3685269,10.8349238],[122.3685233,10.8350575],[122.3685674,10.8352056],[122.3686005,10.8354116],[122.3685527,10.8357042],[122.3685601,10.8357693],[122.3686263,10.8358921],[122.3686704,10.8360294],[122.3686447,10.8361234],[122.3685932,10.8361957],[122.3684902,10.836239],[122.3683761,10.8362173],[122.3682473,10.836174],[122.3680855,10.8361451],[122.3679457,10.8361198],[122.3678463,10.8361162],[122.3677801,10.8361993],[122.3677617,10.8363185],[122.3677764,10.8364594],[122.3678022,10.8366112],[122.3678905,10.8368749],[122.3680156,10.837099],[122.3681443,10.8372146],[122.3682032,10.8372832],[122.3681995,10.8373483],[122.3681661,10.8373682],[122.3681075,10.83737],[122.3680303,10.837323],[122.367942,10.8372616],[122.3677507,10.8371459],[122.3676403,10.8370917],[122.3675447,10.8370701],[122.3674674,10.8370881],[122.367449,10.837117],[122.3674454,10.8371749],[122.3675999,10.8374784],[122.3676587,10.8377891],[122.3676808,10.8379011],[122.3676367,10.8379842],[122.3675557,10.8380637],[122.3672945,10.8383383],[122.3671143,10.838584],[122.3670885,10.8386888],[122.3670407,10.8388984],[122.3670922,10.8390501],[122.3671547,10.8391658],[122.3672651,10.83922],[122.3673534,10.8392525],[122.3673828,10.8392958],[122.3673763,10.8393216],[122.3673718,10.8393392],[122.3673092,10.8393573],[122.3672136,10.8393464],[122.3670758,10.83934],[122.3669266,10.8393428],[122.3667684,10.8393789],[122.3665919,10.8394584],[122.3661651,10.8397114],[122.3659223,10.8398667],[122.3657826,10.8399984],[122.3657536,10.8400787],[122.3657377,10.8401616],[122.3656823,10.8402575],[122.3656138,10.840343],[122.3655083,10.8404181],[122.3653869,10.8404621],[122.365264,10.8404926],[122.3651205,10.8405243],[122.3650045,10.8405373],[122.3649032,10.8405808],[122.3648251,10.8406383],[122.3647381,10.8407419],[122.3646186,10.8409245],[122.3645007,10.8411046],[122.3644347,10.8412005],[122.364353,10.8412652],[122.3642501,10.8412989],[122.3641525,10.8413118],[122.3640417,10.8412859],[122.3639468,10.8412315],[122.3638255,10.8411486],[122.3637358,10.841115],[122.3635749,10.8410839],[122.3634509,10.8410839],[122.3633207,10.8411182],[122.3632376,10.8411486],[122.3631951,10.8411642],[122.3631265,10.8412264],[122.3630843,10.8412989],[122.3630579,10.8413844],[122.3630421,10.8414051],[122.3630236,10.841475],[122.3629603,10.841716],[122.3629287,10.8417548],[122.3628443,10.8418636],[122.3627467,10.8419932],[122.3626702,10.8421149],[122.3626121,10.8422367],[122.3625409,10.8423532],[122.3624618,10.8424387],[122.3623616,10.8425061],[122.3622613,10.8425605],[122.3620978,10.8426822],[122.3619765,10.8427755],[122.3618894,10.8428403],[122.3617734,10.8428817],[122.3616712,10.8429148],[122.3615733,10.8429438],[122.3614912,10.842975],[122.3613725,10.8430423],[122.3612168,10.8431174],[122.3610771,10.8431952],[122.3609689,10.8432755],[122.360874,10.8433661],[122.3608186,10.8434568],[122.3607869,10.843563],[122.3608238,10.84369],[122.3608581,10.8437936],[122.3608291,10.8439879],[122.3607368,10.8442417],[122.3607104,10.8443609],[122.3606867,10.8445034],[122.3606603,10.8447003],[122.3606207,10.8449153],[122.3606063,10.8449959],[122.3605956,10.8451],[122.3605755,10.8452396],[122.3605473,10.8453753],[122.3603596,10.8461898],[122.3602093,10.8466716],[122.3601933,10.8467833],[122.3601908,10.8468607],[122.3602093,10.8471327],[122.3601809,10.8473038],[122.3600895,10.8474581],[122.3599623,10.8476299],[122.3596661,10.8478427]]}},{"type":"Feature","id":251206045,"properties":{"osmWayId":251206045,"name":null,"nameNormalized":null,"highway":"track","routingClass":"local","surface":null,"tracktype":null},"geometry":{"type":"LineString","coordinates":[[122.3596661,10.8478427],[122.3595806,10.8480613],[122.3594553,10.8483073],[122.3593937,10.848401],[122.3592387,10.8485748],[122.3590836,10.8486997],[122.3589166,10.8488559],[122.3587576,10.8489711],[122.3585668,10.8490277],[122.3583123,10.8491097],[122.3581154,10.8492619],[122.3579455,10.8493361],[122.3577763,10.8493606],[122.357657,10.8494017],[122.357524,10.8494272],[122.3574213,10.8494545],[122.357369,10.8494961],[122.3573508,10.8495425],[122.3574303,10.8497026],[122.3574979,10.8498158],[122.3575953,10.8500443],[122.357649,10.8501946],[122.3576569,10.8503117],[122.3576052,10.8503918],[122.3575268,10.8504707],[122.357389,10.8504907],[122.3571049,10.8505301],[122.356944,10.8505457],[122.3568145,10.850559],[122.3566991,10.8505687],[122.3565342,10.8505321],[122.3564204,10.8504438],[122.3563439,10.850421],[122.3562598,10.8503877],[122.3561527,10.8503581],[122.355969,10.8503738],[122.355752,10.8503603],[122.3553924,10.8502764],[122.355197,10.8502158],[122.3550329,10.8501553],[122.3549065,10.8500871],[122.3547638,10.8500285],[122.3546587,10.8500014],[122.3545573,10.8499778],[122.354461,10.8499782],[122.3543117,10.8499222],[122.3541561,10.8498238],[122.3539639,10.8497242],[122.3538243,10.8496586],[122.353636,10.8495941],[122.3534523,10.8495585],[122.3532797,10.8494991],[122.3531751,10.8494673],[122.3530255,10.8494036],[122.3528621,10.8493576],[122.3527039,10.8493067],[122.3526125,10.8492309],[122.3524924,10.8491626],[122.3523682,10.8491015],[122.3522594,10.8490964],[122.3521443,10.849076],[122.3520579,10.8490845],[122.3519576,10.849008]]}},{"type":"Feature","id":251206046,"properties":{"osmWayId":251206046,"name":null,"nameNormalized":null,"highway":"unclassified","routingClass":"local","surface":null,"tracktype":null},"geometry":{"type":"LineString","coordinates":[[122.3519576,10.849008],[122.3520755,10.8489232],[122.3523145,10.8486453],[122.3524609,10.8483862],[122.3526376,10.8481017],[122.3527847,10.8479162],[122.3529,10.8477874],[122.3530113,10.8476448],[122.3531107,10.8474769],[122.3532419,10.8472251],[122.3533293,10.8469954],[122.3534321,10.8467693],[122.3535431,10.846618],[122.3537876,10.8465009],[122.3539459,10.8464302],[122.3540918,10.8463455],[122.3542254,10.8462365],[122.3542767,10.8461335],[122.354287,10.8460124],[122.3541678,10.8454836],[122.3540856,10.844864],[122.354026,10.8443856],[122.3540178,10.8442443],[122.3540034,10.8440889],[122.3540137,10.843988],[122.3540445,10.843879]]}},{"type":"Feature","id":251207016,"properties":{"osmWayId":251207016,"name":null,"nameNormalized":null,"highway":"unclassified","routingClass":"local","surface":null,"tracktype":null},"geometry":{"type":"LineString","coordinates":[[122.3519576,10.849008],[122.3518597,10.8490672],[122.3516639,10.8491212],[122.3513326,10.8491476],[122.3509249,10.8491436],[122.3507278,10.8491647],[122.3506071,10.8491818],[122.3504582,10.849249],[122.3503013,10.8493583],[122.3501752,10.8494637],[122.3499687,10.8495967],[122.3498359,10.8496534],[122.3496576,10.8496863],[122.3494399,10.8496968],[122.3492881,10.8497069],[122.3491773,10.8497346],[122.3490602,10.8498152],[122.3490427,10.8499583],[122.3490369,10.8500842],[122.3490165,10.8501558],[122.3489494,10.8502159],[122.3488358,10.8502474],[122.3486697,10.8502531],[122.3485472,10.8502159],[122.3484452,10.8501959],[122.348282,10.850213],[122.3481042,10.8502703],[122.3476612,10.8503905],[122.347396,10.8504334],[122.3470405,10.8504449],[122.3467924,10.8504566],[122.3465811,10.8504739],[122.3463866,10.8505029],[122.3462123,10.850524],[122.3459105,10.8506056],[122.3458197,10.850661],[122.345712,10.8507268],[122.3455229,10.850873],[122.3452963,10.8509942],[122.3450428,10.851093],[122.3446311,10.8511285],[122.3442006,10.8511601],[122.3437902,10.8511904],[122.3434134,10.8512062],[122.3431385,10.8512497],[122.3428635,10.8513814],[122.3426919,10.8515461],[122.3425594,10.8517547],[122.3424913,10.8519817],[122.3424272,10.85215],[122.3423639,10.8523339],[122.3423114,10.8525177],[122.342257,10.8528364],[122.3422157,10.8530149],[122.3421726,10.8532071],[122.3421185,10.8534438],[122.3419818,10.8537436],[122.3418673,10.854041],[122.3418305,10.854179],[122.3417741,10.8544672],[122.3416971,10.8549357],[122.3416467,10.8551889],[122.3416082,10.8554305],[122.3415134,10.8557972],[122.3414422,10.8560737],[122.3414264,10.8561875],[122.3414065,10.8565062],[122.3413943,10.8566353],[122.3413659,10.8569192]]}},{"type":"Feature","id":251210422,"properties":{"osmWayId":251210422,"name":null,"nameNormalized":null,"highway":"unclassified","routingClass":"local","surface":null,"tracktype":null},"geometry":{"type":"LineString","coordinates":[[122.3311544,10.8497471],[122.331211,10.849895],[122.331404,10.8502456],[122.3316568,10.8504427],[122.3318606,10.850518],[122.3320459,10.8505601],[122.3321915,10.8505751],[122.332288,10.850548],[122.3323646,10.8505149],[122.3324841,10.8504217],[122.3325913,10.850366],[122.3327507,10.8503449],[122.3328594,10.850357],[122.3330984,10.850381],[122.3331199,10.850381],[122.3332578,10.8503765],[122.3334676,10.8502953],[122.3336408,10.8502306],[122.3338215,10.8501869],[122.3339441,10.8501674],[122.3340789,10.8501764],[122.3342107,10.8501884],[122.3343302,10.8501899],[122.3344037,10.8501779],[122.3345038,10.8501392]]}},{"type":"Feature","id":251210423,"properties":{"osmWayId":251210423,"name":null,"nameNormalized":null,"highway":"residential","routingClass":"local","surface":null,"tracktype":null},"geometry":{"type":"LineString","coordinates":[[122.3362973,10.8489742],[122.3363325,10.8489245],[122.3364934,10.8487109],[122.3366481,10.8485409],[122.3367554,10.8483784],[122.3367875,10.8483061],[122.3367921,10.8482445],[122.3367599,10.8481602],[122.3366851,10.8479959],[122.3366063,10.847853],[122.3365699,10.8477845],[122.3365269,10.8476721],[122.3366073,10.8475262],[122.3368835,10.8473128],[122.3371719,10.8472364]]}},{"type":"Feature","id":251831417,"properties":{"osmWayId":251831417,"name":null,"nameNormalized":null,"highway":"residential","routingClass":"local","surface":"unpaved","tracktype":null},"geometry":{"type":"LineString","coordinates":[[122.330866,10.8427607],[122.3308647,10.8428516],[122.3308933,10.8430097],[122.3309008,10.8431569],[122.3308419,10.8432705],[122.3307681,10.8432929],[122.3306648,10.8433126],[122.3305502,10.8433717],[122.3305023,10.8433864],[122.3304588,10.8434041],[122.3304363,10.8435085],[122.3304318,10.8436586],[122.3303914,10.8437602],[122.3303285,10.843822],[122.3302551,10.8438367],[122.3301846,10.8438146],[122.3301127,10.8437454],[122.3300348,10.8436424],[122.3299509,10.8435571],[122.3298251,10.8435336],[122.3296318,10.8435909],[122.3293562,10.8436645],[122.3292513,10.8437057],[122.3292153,10.8437322],[122.3291284,10.8438337],[122.3290221,10.8439956],[122.3289367,10.8440603],[122.3288723,10.8441059],[122.3287854,10.8441913],[122.3287659,10.844256],[122.3287719,10.8443222],[122.3287959,10.8443605],[122.3288093,10.8443899],[122.3288048,10.8444135]]}},{"type":"Feature","id":251849032,"properties":{"osmWayId":251849032,"name":null,"nameNormalized":null,"highway":"residential","routingClass":"local","surface":null,"tracktype":null},"geometry":{"type":"LineString","coordinates":[[122.3334375,10.8336926],[122.3338459,10.8336471],[122.3342107,10.8336182],[122.3344486,10.8335886],[122.3347188,10.8335562],[122.3349781,10.8335371],[122.335059,10.833823],[122.3351103,10.8339805],[122.3351051,10.8340923]]}},{"type":"Feature","id":251849033,"properties":{"osmWayId":251849033,"name":null,"nameNormalized":null,"highway":"residential","routingClass":"local","surface":null,"tracktype":null},"geometry":{"type":"LineString","coordinates":[[122.335059,10.833823],[122.3347561,10.8338453],[122.3344213,10.8338697],[122.3341893,10.8338777],[122.3340136,10.8338671],[122.3336408,10.8338533],[122.3335522,10.8338421],[122.3334734,10.8338063],[122.3334336,10.8337442],[122.3334375,10.8336926]]}},{"type":"Feature","id":251849036,"properties":{"osmWayId":251849036,"name":null,"nameNormalized":null,"highway":"unclassified","routingClass":"local","surface":null,"tracktype":null},"geometry":{"type":"LineString","coordinates":[[122.3328824,10.8334752],[122.3327515,10.8333766],[122.3326894,10.8333151],[122.3325411,10.8331848],[122.3324418,10.8331495],[122.332305,10.8331166],[122.3315301,10.8330585]]}},{"type":"Feature","id":252538234,"properties":{"osmWayId":252538234,"name":null,"nameNormalized":null,"highway":"unclassified","routingClass":"local","surface":null,"tracktype":null},"geometry":{"type":"LineString","coordinates":[[122.3260901,10.8225126],[122.3261923,10.8224652],[122.3265342,10.8223717],[122.326777,10.8222083],[122.3269495,10.8220813],[122.3270333,10.8219422],[122.3271661,10.8217321],[122.3271862,10.821567],[122.3272054,10.8213767],[122.3272863,10.8212103],[122.3273783,10.8210661],[122.3275138,10.8209025],[122.3275842,10.8207973],[122.3276998,10.8206669],[122.3277707,10.8205394],[122.3279156,10.8204564],[122.328051,10.820409],[122.3281637,10.8203826],[122.3283179,10.8203615],[122.3284467,10.8203431],[122.3285861,10.8203049],[122.3287799,10.8202439],[122.3288752,10.8200901],[122.3289014,10.8200006],[122.3289489,10.8195077],[122.3289753,10.8194545],[122.3290506,10.8193927],[122.3291799,10.8192086],[122.3292954,10.8190402],[122.3293759,10.8189577],[122.3295089,10.8188167],[122.3295649,10.8187239],[122.3295824,10.8186105],[122.3295964,10.8185245],[122.3296279,10.8184283],[122.3296558,10.8183217],[122.3296838,10.8181774],[122.3297418,10.8180916],[122.3298363,10.8180197],[122.32995,10.8178956],[122.3301096,10.8178245],[122.3302115,10.8177863],[122.3303048,10.8177374],[122.3303405,10.8176458],[122.3303658,10.8175496],[122.3304299,10.8174559],[122.3305032,10.8173712],[122.330614,10.8172531],[122.3307406,10.8170684]]}},{"type":"Feature","id":252542308,"properties":{"osmWayId":252542308,"name":null,"nameNormalized":null,"highway":"residential","routingClass":"local","surface":null,"tracktype":null},"geometry":{"type":"LineString","coordinates":[[122.3375769,10.8145866],[122.3376466,10.8145985],[122.337714,10.814605],[122.3379395,10.8146437],[122.3380934,10.8146577],[122.3382187,10.8146437],[122.3383453,10.8146314],[122.3384763,10.8145453],[122.3386517,10.8144222],[122.3388114,10.8143508],[122.3389703,10.8143271],[122.3391492,10.8143343],[122.3392565,10.8143976],[122.3393782,10.8145101],[122.3394677,10.814612],[122.3395858,10.8147175],[122.3397218,10.8148757],[122.3398864,10.8151253],[122.3400188,10.8153503],[122.3401191,10.8155752],[122.3402443,10.8157756],[122.340366,10.8158951],[122.3404555,10.8160287],[122.3404913,10.8161517],[122.3405126,10.8162635],[122.3406344,10.8166123],[122.3407883,10.8167845],[122.3409471,10.8169327],[122.3411912,10.8170855],[122.3413655,10.8173226],[122.3414835,10.8174965],[122.3415506,10.8176414],[122.3417504,10.8179035],[122.3418872,10.8180168],[122.3420441,10.8180399],[122.3421675,10.8180511],[122.3422573,10.8180458],[122.3422989,10.8180735],[122.3423257,10.8180985],[122.3423643,10.8182065]]}},{"type":"Feature","id":274456325,"properties":{"osmWayId":274456325,"name":null,"nameNormalized":null,"highway":"residential","routingClass":"local","surface":null,"tracktype":null},"geometry":{"type":"LineString","coordinates":[[122.3476553,10.8125303],[122.3474148,10.8123637],[122.3472154,10.8121574],[122.34706,10.8118567],[122.3469192,10.8114082],[122.3467789,10.811252],[122.3464939,10.811081],[122.3463294,10.8108176],[122.3461749,10.8105978],[122.3458469,10.8102437],[122.3454639,10.8098667]]}},{"type":"Feature","id":274456326,"properties":{"osmWayId":274456326,"name":null,"nameNormalized":null,"highway":"residential","routingClass":"local","surface":null,"tracktype":null},"geometry":{"type":"LineString","coordinates":[[122.3761188,10.8269412],[122.3760916,10.8272395],[122.3761019,10.8273262],[122.376181,10.8276269],[122.3762195,10.8278418],[122.3762215,10.8279583],[122.3762435,10.8283359],[122.3762785,10.828695],[122.3762802,10.8287128],[122.3763093,10.8290103],[122.3763317,10.8293304],[122.3763185,10.8296167],[122.3763183,10.8297781]]}},{"type":"Feature","id":274456328,"properties":{"osmWayId":274456328,"name":null,"nameNormalized":null,"highway":"residential","routingClass":"local","surface":null,"tracktype":null},"geometry":{"type":"LineString","coordinates":[[122.352719,10.8100615],[122.3521133,10.8100495],[122.3517376,10.810067],[122.3512682,10.8101328],[122.3510235,10.8102304],[122.3507201,10.8102911],[122.350463,10.8102645],[122.3501377,10.8101974],[122.3497773,10.8100079],[122.3495902,10.8099022],[122.3494081,10.8098905],[122.349163,10.8099211],[122.3489548,10.8100472],[122.3488403,10.8103671],[122.3488045,10.8104956],[122.3486564,10.8106525]]}},{"type":"Feature","id":274456330,"properties":{"osmWayId":274456330,"name":null,"nameNormalized":null,"highway":"residential","routingClass":"local","surface":null,"tracktype":null},"geometry":{"type":"LineString","coordinates":[[122.3763093,10.8290103],[122.3760997,10.8290499],[122.3760067,10.8290322],[122.3759084,10.8288682],[122.3758664,10.8286899],[122.3758577,10.8285145],[122.3757931,10.8282762],[122.3757884,10.8281287],[122.3758014,10.8281015],[122.3758984,10.8280602],[122.3762215,10.8279583],[122.3763977,10.8279067],[122.3766007,10.8278879],[122.3767451,10.8279135]]}},{"type":"Feature","id":274456334,"properties":{"osmWayId":274456334,"name":null,"nameNormalized":null,"highway":"residential","routingClass":"local","surface":null,"tracktype":null},"geometry":{"type":"LineString","coordinates":[[122.3522311,10.8043999],[122.3521212,10.8046792],[122.3520353,10.8047477],[122.3519281,10.8047687],[122.351648,10.8047786],[122.3511314,10.8048346],[122.350834,10.8048498],[122.3505118,10.8048557],[122.350144,10.8048457],[122.3498382,10.8048623],[122.349632,10.8047968],[122.3493527,10.8046745],[122.3492066,10.8046301],[122.3489544,10.8046749],[122.3485417,10.8048885],[122.3478904,10.8051993],[122.3475899,10.8052763],[122.347297,10.8053413],[122.3470786,10.805401]]}},{"type":"Feature","id":274456336,"properties":{"osmWayId":274456336,"name":null,"nameNormalized":null,"highway":"residential","routingClass":"local","surface":null,"tracktype":null},"geometry":{"type":"LineString","coordinates":[[122.3505611,10.8072929],[122.3507241,10.8073991],[122.3510942,10.8076067],[122.3513914,10.8078013],[122.3515872,10.8078249],[122.3517984,10.807701],[122.3519106,10.8077119],[122.3519873,10.8077779],[122.3519867,10.8079154],[122.3518721,10.8080665],[122.3516733,10.8081575],[122.3513889,10.8084335],[122.351228,10.8087075],[122.3511569,10.8088838],[122.3511601,10.8093091],[122.3512343,10.8095665],[122.3511737,10.8098983],[122.3512682,10.8101328]]}},{"type":"Feature","id":274456342,"properties":{"osmWayId":274456342,"name":null,"nameNormalized":null,"highway":"residential","routingClass":"local","surface":null,"tracktype":null},"geometry":{"type":"LineString","coordinates":[[122.3758664,10.8286899],[122.3755549,10.8288008]]}},{"type":"Feature","id":274456347,"properties":{"osmWayId":274456347,"name":null,"nameNormalized":null,"highway":"residential","routingClass":"local","surface":null,"tracktype":null},"geometry":{"type":"LineString","coordinates":[[122.3700184,10.8040952],[122.3696379,10.804311]]}},{"type":"Feature","id":274456355,"properties":{"osmWayId":274456355,"name":null,"nameNormalized":null,"highway":"unclassified","routingClass":"local","surface":null,"tracktype":null},"geometry":{"type":"LineString","coordinates":[[122.3545673,10.8018732],[122.3546112,10.8015553],[122.3546197,10.8012977],[122.3547269,10.801171],[122.3550843,10.8009491],[122.3551296,10.8008288],[122.3550639,10.8006127],[122.3548471,10.8004343],[122.3545408,10.8002793],[122.3542998,10.8000788],[122.3542399,10.7997872],[122.3541976,10.7994397],[122.3542012,10.7991582],[122.3541369,10.7990884],[122.3540363,10.7990673],[122.3538075,10.79907],[122.3536415,10.799002],[122.3535856,10.7987964],[122.3537,10.798538],[122.3537505,10.798294],[122.3537226,10.7979935],[122.3535983,10.7977835],[122.3533726,10.7976396],[122.3530278,10.797526],[122.3526335,10.7974878],[122.3524666,10.7973721],[122.352313,10.7970926],[122.3521145,10.7968106]]}},{"type":"Feature","id":274456356,"properties":{"osmWayId":274456356,"name":null,"nameNormalized":null,"highway":"residential","routingClass":"local","surface":null,"tracktype":null},"geometry":{"type":"LineString","coordinates":[[122.376826,10.8123684],[122.3765819,10.8118394],[122.3765407,10.8117614]]}},{"type":"Feature","id":274456363,"properties":{"osmWayId":274456363,"name":null,"nameNormalized":null,"highway":"residential","routingClass":"local","surface":null,"tracktype":null},"geometry":{"type":"LineString","coordinates":[[122.3700184,10.8040952],[122.3700412,10.8040137],[122.3696896,10.8034224]]}},{"type":"Feature","id":274456375,"properties":{"osmWayId":274456375,"name":null,"nameNormalized":null,"highway":"residential","routingClass":"local","surface":null,"tracktype":null},"geometry":{"type":"LineString","coordinates":[[122.3719109,10.8129158],[122.3718985,10.8127355],[122.3718433,10.8125865],[122.3717081,10.812444]]}},{"type":"Feature","id":274456380,"properties":{"osmWayId":274456380,"name":null,"nameNormalized":null,"highway":"residential","routingClass":"local","surface":null,"tracktype":null},"geometry":{"type":"LineString","coordinates":[[122.365693,10.8290157],[122.3656813,10.8292967],[122.3656408,10.8293767],[122.3655383,10.8294143],[122.3654893,10.8293925],[122.3654377,10.8293672],[122.3653639,10.8293656],[122.3649616,10.8296619]]}},{"type":"Feature","id":274456382,"properties":{"osmWayId":274456382,"name":null,"nameNormalized":null,"highway":"residential","routingClass":"local","surface":null,"tracktype":null},"geometry":{"type":"LineString","coordinates":[[122.365693,10.8290157],[122.3655658,10.8290421]]}},{"type":"Feature","id":274456384,"properties":{"osmWayId":274456384,"name":null,"nameNormalized":null,"highway":"residential","routingClass":"local","surface":null,"tracktype":null},"geometry":{"type":"LineString","coordinates":[[122.365924,10.8280083],[122.3659782,10.8284867],[122.365992,10.8288821],[122.3659929,10.8289069],[122.365908,10.8289891],[122.365693,10.8290157]]}},{"type":"Feature","id":274456389,"properties":{"osmWayId":274456389,"name":null,"nameNormalized":null,"highway":"residential","routingClass":"local","surface":null,"tracktype":null},"geometry":{"type":"LineString","coordinates":[[122.3765819,10.8118394],[122.3767243,10.811801],[122.3768105,10.8118656],[122.3769103,10.8120265],[122.3769798,10.8121502],[122.3770329,10.8122149]]}},{"type":"Feature","id":274456395,"properties":{"osmWayId":274456395,"name":null,"nameNormalized":null,"highway":"residential","routingClass":"local","surface":null,"tracktype":null},"geometry":{"type":"LineString","coordinates":[[122.3719109,10.8129158],[122.3717725,10.8128513],[122.3715797,10.8127751],[122.3716188,10.8126157],[122.3717081,10.812444],[122.3717483,10.8121933],[122.3717577,10.8120932]]}},{"type":"Feature","id":274456406,"properties":{"osmWayId":274456406,"name":null,"nameNormalized":null,"highway":"residential","routingClass":"local","surface":null,"tracktype":null},"geometry":{"type":"LineString","coordinates":[[122.3745555,10.8272214],[122.3748074,10.8275774],[122.3749516,10.8277021],[122.3751663,10.8277915],[122.3753947,10.8278648],[122.3755227,10.8279349],[122.3756791,10.8279815],[122.3757443,10.8280161],[122.3758014,10.8281015]]}},{"type":"Feature","id":274635318,"properties":{"osmWayId":274635318,"name":null,"nameNormalized":null,"highway":"residential","routingClass":"local","surface":null,"tracktype":null},"geometry":{"type":"LineString","coordinates":[[122.3327305,10.8254415],[122.3328522,10.825121],[122.3330551,10.8248181],[122.3333198,10.8246944],[122.333612,10.8246917],[122.3339798,10.8247518],[122.3343113,10.8247147],[122.3345519,10.8246052],[122.3346441,10.8243391],[122.3347176,10.8240996],[122.3349147,10.8238207],[122.3351082,10.8235825],[122.3351127,10.8234316],[122.3351898,10.8232895]]}},{"type":"Feature","id":274635348,"properties":{"osmWayId":274635348,"name":null,"nameNormalized":null,"highway":"unclassified","routingClass":"local","surface":null,"tracktype":null},"geometry":{"type":"LineString","coordinates":[[122.3474644,10.8274965],[122.3475239,10.8279336],[122.3477485,10.8283861]]}},{"type":"Feature","id":274635357,"properties":{"osmWayId":274635357,"name":null,"nameNormalized":null,"highway":"unclassified","routingClass":"local","surface":null,"tracktype":null},"geometry":{"type":"LineString","coordinates":[[122.3414745,10.8192411],[122.3413872,10.8193897],[122.3412912,10.8195383],[122.3412644,10.8197392],[122.3414178,10.8198785],[122.3418604,10.8201561],[122.3421514,10.8201719],[122.3425563,10.8201261],[122.3426972,10.8201534],[122.3427898,10.8202733],[122.3428531,10.8204438],[122.3430013,10.8206538],[122.3430637,10.8207005],[122.3431572,10.8206856],[122.3432444,10.8205842],[122.3433888,10.8205412],[122.3437464,10.8205632],[122.3440461,10.8206759],[122.3442913,10.8207891],[122.3444345,10.820923],[122.3447342,10.8210221],[122.3449042,10.8211662],[122.3450999,10.821505],[122.3452474,10.8217945]]}},{"type":"Feature","id":274635361,"properties":{"osmWayId":274635361,"name":null,"nameNormalized":null,"highway":"unclassified","routingClass":"local","surface":null,"tracktype":null},"geometry":{"type":"LineString","coordinates":[[122.3452474,10.8217945],[122.3452718,10.8220594],[122.3452374,10.8222113],[122.3451443,10.8223281],[122.3449885,10.8224938],[122.3447858,10.8226472],[122.3446919,10.8227406],[122.3445788,10.8230053],[122.3444916,10.8231261],[122.3443213,10.8232094],[122.3442046,10.8233003],[122.3441852,10.8234264],[122.3443159,10.8235849],[122.3443106,10.8237113],[122.3441939,10.8238404],[122.3440182,10.8239603],[122.3439354,10.8240713],[122.3440525,10.8244107],[122.3442329,10.8247685],[122.344415,10.8251957],[122.3444594,10.8255159],[122.3444716,10.8258445],[122.3445543,10.8259844],[122.3447647,10.8260815],[122.3452007,10.8260071],[122.3456869,10.8259108],[122.3459467,10.8259085],[122.346143,10.8259034],[122.3465354,10.8257723],[122.3468708,10.8256818],[122.3470093,10.8256954],[122.3471293,10.8257787],[122.3472185,10.8258924],[122.3472825,10.8261495],[122.347424,10.8264801],[122.3475417,10.8266717],[122.3475348,10.8268847],[122.3475179,10.8272094],[122.3474644,10.8274965]]}},{"type":"Feature","id":274635365,"properties":{"osmWayId":274635365,"name":null,"nameNormalized":null,"highway":"unclassified","routingClass":"local","surface":null,"tracktype":null},"geometry":{"type":"LineString","coordinates":[[122.3287819,10.8393697],[122.328511,10.8392215],[122.3284413,10.8391517],[122.3282534,10.8388316],[122.328012,10.838692]]}},{"type":"Feature","id":274635378,"properties":{"osmWayId":274635378,"name":null,"nameNormalized":null,"highway":"unclassified","routingClass":"local","surface":null,"tracktype":null},"geometry":{"type":"LineString","coordinates":[[122.3477485,10.8283861],[122.3479093,10.8285605],[122.3480767,10.828867],[122.3481047,10.8290217],[122.3480535,10.8291764],[122.3479338,10.8294112]]}},{"type":"Feature","id":274635386,"properties":{"osmWayId":274635386,"name":null,"nameNormalized":null,"highway":"unclassified","routingClass":"local","surface":null,"tracktype":null},"geometry":{"type":"LineString","coordinates":[[122.3303467,10.8397664],[122.3303658,10.8396114],[122.330158,10.8394426],[122.3300721,10.839452],[122.3299105,10.8395804],[122.3298046,10.8395976],[122.3295079,10.8395725],[122.3293529,10.8396275],[122.329168,10.8398005],[122.3290723,10.8398066],[122.3288696,10.8394734],[122.3287819,10.8393697]]}},{"type":"Feature","id":554373854,"properties":{"osmWayId":554373854,"name":null,"nameNormalized":null,"highway":"track","routingClass":"local","surface":null,"tracktype":null},"geometry":{"type":"LineString","coordinates":[[122.3610227,10.8120852],[122.3612801,10.8122929],[122.361505,10.8124563],[122.3617176,10.8126319],[122.3618655,10.8128013],[122.3619425,10.812874],[122.3620811,10.8128558],[122.362343,10.8128346],[122.3624632,10.8128316],[122.3627282,10.8127378],[122.3628267,10.8127015],[122.3629962,10.8127257],[122.3631626,10.8128225],[122.3633074,10.8130253],[122.3634121,10.8132038],[122.3635354,10.8133007],[122.3636956,10.8133128],[122.363976,10.8132825],[122.3643519,10.8131796],[122.3645306,10.8131221],[122.3646723,10.8130586],[122.3647709,10.8130011],[122.3647586,10.8128619],[122.364737,10.8127136],[122.3647093,10.8123716],[122.3646785,10.8121991],[122.3646322,10.8119933],[122.3646261,10.8119237],[122.3646631,10.8118965],[122.3648109,10.811842],[122.3649095,10.811848],[122.3649527,10.8117663],[122.3649065,10.8116786],[122.3649773,10.8115575],[122.365042,10.8114939],[122.3650728,10.8114032],[122.365116,10.8112125],[122.3651653,10.8111187],[122.3653193,10.8110309],[122.3654487,10.8108493],[122.365498,10.810698],[122.3654426,10.8105497],[122.3653532,10.8104196],[122.3652515,10.8102471],[122.3651056,10.8100886]]}},{"type":"Feature","id":556867504,"properties":{"osmWayId":556867504,"name":null,"nameNormalized":null,"highway":"residential","routingClass":"local","surface":null,"tracktype":null},"geometry":{"type":"LineString","coordinates":[[122.3399843,10.8425189],[122.340003,10.8423447],[122.339933,10.8421566],[122.3398903,10.8420587],[122.3398621,10.8418993],[122.3398536,10.8417301],[122.3398723,10.8413952]]}},{"type":"Feature","id":636811417,"properties":{"osmWayId":636811417,"name":null,"nameNormalized":null,"highway":"unclassified","routingClass":"local","surface":null,"tracktype":null},"geometry":{"type":"LineString","coordinates":[[122.3285668,10.8383856],[122.328669,10.838157],[122.3287694,10.8379506],[122.3288605,10.8378244],[122.329115,10.8375895],[122.3291921,10.837429],[122.329171,10.837257],[122.3290917,10.8371332],[122.3288423,10.8370257],[122.3286693,10.8369256],[122.3284627,10.8367649],[122.3284332,10.8366899],[122.3284379,10.8366021],[122.3284373,10.8364488],[122.328342,10.8363513],[122.3280497,10.8362078],[122.3278297,10.8361314],[122.3277064,10.8360919],[122.3275736,10.8358192],[122.3274676,10.8355992],[122.3273268,10.8355176],[122.3271162,10.8354623],[122.3270182,10.8353224],[122.3269785,10.8351366],[122.3269131,10.8348362],[122.3270452,10.8344862],[122.3272356,10.8342675],[122.3275389,10.8341023],[122.3277607,10.8340427],[122.3280483,10.8338697],[122.3283112,10.8337538],[122.3285896,10.8336],[122.3288441,10.8335679],[122.329073,10.8335909],[122.3292388,10.8335519],[122.3294839,10.8333409],[122.3297151,10.8331643],[122.3299673,10.8330588],[122.3302893,10.8329754]]}},{"type":"Feature","id":651045004,"properties":{"osmWayId":651045004,"name":null,"nameNormalized":null,"highway":"unclassified","routingClass":"local","surface":null,"tracktype":null},"geometry":{"type":"LineString","coordinates":[[122.3470806,10.8153515],[122.3471752,10.815842],[122.3473442,10.8163136],[122.3474407,10.8166692],[122.3475333,10.8169011],[122.3475748,10.8169643],[122.347658,10.8169999],[122.3478524,10.8169933],[122.3481529,10.8171523],[122.348582,10.8173951],[122.3488492,10.8176305],[122.3490094,10.8177092],[122.3492874,10.8177389],[122.3495127,10.8176914],[122.3503429,10.817507],[122.3507287,10.8174852],[122.3510183,10.8176184],[122.3512093,10.8176426],[122.3516345,10.8176971],[122.3517805,10.8177031],[122.3518996,10.8176572],[122.3519744,10.8175839],[122.3520374,10.8175196],[122.3524227,10.8172972],[122.3525885,10.8172352],[122.3527169,10.8172674],[122.352815,10.8172605],[122.3531138,10.8171917],[122.3532353,10.8171756],[122.353373,10.8171894],[122.3535762,10.8171802],[122.3537209,10.8171664],[122.3538669,10.8171093],[122.3540524,10.8169907],[122.3542173,10.8169208],[122.3543219,10.8168471],[122.3544896,10.8167904],[122.3545702,10.8168014],[122.3546049,10.8168062],[122.3547323,10.8169169],[122.3548423,10.8170605],[122.3550032,10.8171817],[122.3551756,10.8172238],[122.3555936,10.8173109],[122.3557594,10.8173384],[122.3559509,10.8173362],[122.3560559,10.8173384],[122.3562157,10.8174376],[122.3565147,10.8174649],[122.3568062,10.8174325],[122.3571284,10.8173407],[122.3573479,10.8172857],[122.357562,10.8171922],[122.3577075,10.8169784],[122.3579728,10.8167735],[122.3583157,10.8167667],[122.3584485,10.8169353],[122.3585182,10.8171408],[122.3586198,10.8174211],[122.3586738,10.8177863],[122.3587623,10.8180682],[122.3588857,10.8182816],[122.3590881,10.8185953],[122.3591066,10.8189221],[122.3592853,10.8191824],[122.3593821,10.8193218]]}},{"type":"Feature","id":651045006,"properties":{"osmWayId":651045006,"name":null,"nameNormalized":null,"highway":"service","routingClass":"local","surface":null,"tracktype":null},"geometry":{"type":"LineString","coordinates":[[122.3585182,10.8171408],[122.3586684,10.8170411],[122.3587298,10.8168945],[122.3588018,10.8167724],[122.3589136,10.8167154],[122.3591844,10.8166523],[122.3592965,10.8166569],[122.3595024,10.8166645],[122.3597378,10.8166638],[122.359976,10.8166282],[122.3600974,10.8165938],[122.3602796,10.8164779],[122.3603663,10.816419]]}},{"type":"Feature","id":668035235,"properties":{"osmWayId":668035235,"name":null,"nameNormalized":null,"highway":"residential","routingClass":"local","surface":null,"tracktype":null},"geometry":{"type":"LineString","coordinates":[[122.365992,10.8288821],[122.366062,10.8289032],[122.3661544,10.8289183],[122.3662253,10.8289622],[122.3662961,10.8290515],[122.3663485,10.8291634],[122.3663747,10.8292981],[122.3663671,10.8293804]]}},{"type":"Feature","id":668036372,"properties":{"osmWayId":668036372,"name":null,"nameNormalized":null,"highway":"residential","routingClass":"local","surface":null,"tracktype":null},"geometry":{"type":"LineString","coordinates":[[122.3758664,10.8286899],[122.3759736,10.8287093],[122.3761118,10.8287093],[122.3762785,10.828695]]}},{"type":"Feature","id":688360006,"properties":{"osmWayId":688360006,"name":null,"nameNormalized":null,"highway":"track","routingClass":"local","surface":null,"tracktype":null},"geometry":{"type":"LineString","coordinates":[[122.3420778,10.7965192],[122.3421825,10.7963679],[122.342278,10.7962438],[122.3425183,10.7960592],[122.3427587,10.7960108],[122.3429589,10.7960229]]}},{"type":"Feature","id":776915876,"properties":{"osmWayId":776915876,"name":null,"nameNormalized":null,"highway":"residential","routingClass":"local","surface":null,"tracktype":null},"geometry":{"type":"LineString","coordinates":[[122.341686,10.8423142],[122.3417331,10.8418098],[122.3417439,10.8413882]]}},{"type":"Feature","id":916160327,"properties":{"osmWayId":916160327,"name":null,"nameNormalized":null,"highway":"residential","routingClass":"local","surface":null,"tracktype":null},"geometry":{"type":"LineString","coordinates":[[122.3719619,10.8134494],[122.3719954,10.8133149],[122.371983,10.8131217],[122.3719109,10.8129158]]}},{"type":"Feature","id":916160328,"properties":{"osmWayId":916160328,"name":null,"nameNormalized":null,"highway":"track","routingClass":"local","surface":null,"tracktype":null},"geometry":{"type":"LineString","coordinates":[[122.3593821,10.8193218],[122.3595934,10.8196],[122.3597721,10.8198603],[122.3601603,10.8200721],[122.3605116,10.8201992],[122.3614914,10.8206047],[122.361931,10.8207868],[122.3621154,10.8208327],[122.3622158,10.8208487],[122.3623442,10.8209313]]}},{"type":"Feature","id":916166987,"properties":{"osmWayId":916166987,"name":null,"nameNormalized":null,"highway":"residential","routingClass":"local","surface":null,"tracktype":null},"geometry":{"type":"LineString","coordinates":[[122.3452474,10.8217945],[122.3455645,10.8217921],[122.3459655,10.8217526],[122.3461506,10.8219001],[122.3464537,10.8219594],[122.3465716,10.8221833],[122.3467112,10.8224757],[122.3468855,10.8226812],[122.3470062,10.8228564],[122.3471873,10.823],[122.347376,10.8231009]]}},{"type":"Feature","id":918186985,"properties":{"osmWayId":918186985,"name":null,"nameNormalized":null,"highway":"residential","routingClass":"local","surface":null,"tracktype":null},"geometry":{"type":"LineString","coordinates":[[122.3345038,10.8501392],[122.33456,10.8500921],[122.3346381,10.8500289],[122.3348097,10.8499327],[122.3349445,10.8498604],[122.3350701,10.8497732],[122.3351437,10.8496739],[122.335185,10.8495189],[122.3352402,10.8494406],[122.3353137,10.8493789],[122.3355374,10.8492781],[122.335588,10.8492796],[122.3357197,10.849242],[122.3359173,10.8491442],[122.3360246,10.8491066],[122.3361992,10.8490585],[122.3362544,10.8490269],[122.3362973,10.8489742]]}},{"type":"Feature","id":1474299697,"properties":{"osmWayId":1474299697,"name":null,"nameNormalized":null,"highway":"residential","routingClass":"local","surface":"unpaved","tracktype":null},"geometry":{"type":"LineString","coordinates":[[122.3307406,10.8170684],[122.3309787,10.8167944],[122.3310853,10.8166837],[122.3312529,10.8166277],[122.3313931,10.8165876],[122.3314333,10.8165112],[122.3318289,10.8162095],[122.3322125,10.8160501],[122.3323037,10.8157919],[122.3323466,10.8154442],[122.3325706,10.8150029],[122.3326698,10.8148679],[122.3327858,10.8147757],[122.3328039,10.8143482],[122.3328066,10.8136579],[122.3330775,10.8134208],[122.3333725,10.8132338],[122.3336461,10.8130941],[122.3340431,10.8128359],[122.3340645,10.812446]]}},{"type":"Feature","id":1474303946,"properties":{"osmWayId":1474303946,"name":null,"nameNormalized":null,"highway":"unclassified","routingClass":"local","surface":null,"tracktype":null},"geometry":{"type":"LineString","coordinates":[[122.3334375,10.8336926],[122.3333524,10.8335964],[122.3332677,10.8335564],[122.3331647,10.8335312],[122.3330171,10.8335134],[122.3328824,10.8334752]]}},{"type":"Feature","id":1474425396,"properties":{"osmWayId":1474425396,"name":null,"nameNormalized":null,"highway":"residential","routingClass":"local","surface":null,"tracktype":null},"geometry":{"type":"LineString","coordinates":[[122.3655658,10.8290421],[122.3654942,10.8287781]]}},{"type":"Feature","id":1474425397,"properties":{"osmWayId":1474425397,"name":null,"nameNormalized":null,"highway":"residential","routingClass":"local","surface":null,"tracktype":null},"geometry":{"type":"LineString","coordinates":[[122.3654942,10.8287781],[122.3656517,10.8286816],[122.3659782,10.8284867]]}},{"type":"Feature","id":1474431245,"properties":{"osmWayId":1474431245,"name":null,"nameNormalized":null,"highway":"unclassified","routingClass":"local","surface":"ground","tracktype":null},"geometry":{"type":"LineString","coordinates":[[122.3545702,10.8168014],[122.3543957,10.8165099],[122.354397,10.8162345],[122.3544815,10.8157221],[122.3546988,10.8152703],[122.3550662,10.8148672],[122.3550448,10.8146907],[122.3549348,10.8144878],[122.3549348,10.814335],[122.3550072,10.8138186],[122.354916,10.8135367],[122.3549911,10.8132443],[122.3551252,10.8127042]]}},{"type":"Feature","id":1474580145,"properties":{"osmWayId":1474580145,"name":null,"nameNormalized":null,"highway":"residential","routingClass":"local","surface":null,"tracktype":null},"geometry":{"type":"LineString","coordinates":[[122.3632376,10.8411486],[122.36319,10.8409081],[122.3631679,10.8406493],[122.3631692,10.840486],[122.363259,10.8403529],[122.3633999,10.8402673],[122.3635299,10.8402963],[122.3637593,10.8403569],[122.3640852,10.840403],[122.3642233,10.8405176],[122.3643883,10.8407455],[122.3646186,10.8409245]]}},{"type":"Feature","id":1474580146,"properties":{"osmWayId":1474580146,"name":null,"nameNormalized":null,"highway":"track","routingClass":"local","surface":null,"tracktype":null},"geometry":{"type":"LineString","coordinates":[[122.3676374,10.8396535],[122.3674825,10.8395283],[122.3674276,10.8394145],[122.3673763,10.8393216]]}},{"type":"Feature","id":1474580147,"properties":{"osmWayId":1474580147,"name":null,"nameNormalized":null,"highway":"track","routingClass":"local","surface":null,"tracktype":null},"geometry":{"type":"LineString","coordinates":[[122.3676822,10.8396962],[122.3676374,10.8396535]]}},{"type":"Feature","id":1474580225,"properties":{"osmWayId":1474580225,"name":null,"nameNormalized":null,"highway":"track","routingClass":"local","surface":null,"tracktype":null},"geometry":{"type":"LineString","coordinates":[[122.3728949,10.8490743],[122.3729633,10.8489158],[122.3730907,10.8487432],[122.3733307,10.8484837],[122.3733737,10.848352],[122.373269,10.8480623],[122.3732141,10.8479622],[122.3731711,10.8476368],[122.3730612,10.8476184],[122.3728278,10.8475868],[122.37275,10.8474419],[122.3723638,10.846973],[122.3723343,10.8467359],[122.3721009,10.8463091],[122.3719212,10.8457665]]}},{"type":"Feature","id":1474582655,"properties":{"osmWayId":1474582655,"name":null,"nameNormalized":null,"highway":"unclassified","routingClass":"local","surface":"concrete","tracktype":null},"geometry":{"type":"LineString","coordinates":[[122.34275,10.842122],[122.3429628,10.8419796],[122.3430178,10.8417873],[122.3429896,10.8414818],[122.3430178,10.8413448],[122.3431157,10.841051],[122.3431599,10.8409121],[122.3432746,10.8407876],[122.3434395,10.8407593],[122.3437983,10.8408093],[122.3439807,10.8408712],[122.344206,10.8409088],[122.3445788,10.8410616],[122.3446901,10.8410629]]}},{"type":"Feature","id":1474582656,"properties":{"osmWayId":1474582656,"name":null,"nameNormalized":null,"highway":"unclassified","routingClass":"local","surface":"unpaved","tracktype":null},"geometry":{"type":"LineString","coordinates":[[122.3446901,10.8410629],[122.3448953,10.8410286],[122.345181,10.8410906],[122.3453513,10.8411511],[122.3456356,10.8412539],[122.3459454,10.8413435],[122.3460406,10.8413764]]}},{"type":"Feature","id":1474582657,"properties":{"osmWayId":1474582657,"name":null,"nameNormalized":null,"highway":"unclassified","routingClass":"local","surface":"concrete","tracktype":null},"geometry":{"type":"LineString","coordinates":[[122.3469076,10.8411926],[122.3470411,10.841163]]}},{"type":"Feature","id":1474582658,"properties":{"osmWayId":1474582658,"name":null,"nameNormalized":null,"highway":"unclassified","routingClass":"local","surface":null,"tracktype":null},"geometry":{"type":"LineString","coordinates":[[122.3460406,10.8413764],[122.3464456,10.8414541],[122.3465931,10.8413988],[122.3467031,10.8412572],[122.3467635,10.8412223],[122.3469076,10.8411926]]}},{"type":"Feature","id":1474582659,"properties":{"osmWayId":1474582659,"name":null,"nameNormalized":null,"highway":"unclassified","routingClass":"local","surface":null,"tracktype":null},"geometry":{"type":"LineString","coordinates":[[122.3470411,10.841163],[122.3472556,10.8410866],[122.3475815,10.8411367],[122.3478028,10.8412829],[122.348063,10.8414699],[122.3482802,10.8415371],[122.3484734,10.841487],[122.3486182,10.8415311],[122.3487972,10.8415265],[122.3491728,10.8416556],[122.3493142,10.8416352],[122.3494953,10.841601],[122.3495764,10.8416266],[122.3497139,10.8416918],[122.3497816,10.8416583],[122.3498742,10.8415819],[122.349956,10.8415529],[122.3500378,10.8415661],[122.350249,10.8417057],[122.3503402,10.8418071],[122.3503563,10.841952],[122.3503683,10.8420692],[122.3503375,10.8422167],[122.3503348,10.8424275],[122.350312,10.8425974],[122.3502007,10.8427436],[122.3501739,10.8429754],[122.3502772,10.8433232],[122.3504461,10.8434865],[122.3505937,10.8435787],[122.3506835,10.8436814],[122.3506607,10.8438276],[122.35065,10.8440173],[122.3506379,10.8441833],[122.3506822,10.8443281],[122.350764,10.8443729],[122.3508418,10.8443571],[122.350937,10.8442794],[122.3509437,10.844207],[122.3512293,10.8439119],[122.3513393,10.8438869],[122.3515405,10.8439356],[122.3517671,10.8438843],[122.3519468,10.843929],[122.3522808,10.8438724],[122.3526308,10.8437275],[122.3528038,10.8436564],[122.3528963,10.843576],[122.3532249,10.8435299],[122.3534636,10.8433969],[122.3535106,10.8432665],[122.353536,10.8430439],[122.353583,10.8429306],[122.3537372,10.8428529],[122.3539089,10.8428648],[122.3540752,10.842899],[122.3542173,10.8429675],[122.3544024,10.8429557],[122.3545352,10.8429543],[122.3548011,10.8430654]]}},{"type":"Feature","id":1474582976,"properties":{"osmWayId":1474582976,"name":null,"nameNormalized":null,"highway":"service","routingClass":"local","surface":null,"tracktype":null},"geometry":{"type":"LineString","coordinates":[[122.3503683,10.8420692],[122.3504421,10.8419638],[122.3504488,10.8418769],[122.350603,10.8417636],[122.3508109,10.841682],[122.3510496,10.8417044],[122.3512106,10.8414462]]}},{"type":"Feature","id":1474583337,"properties":{"osmWayId":1474583337,"name":null,"nameNormalized":null,"highway":"unclassified","routingClass":"local","surface":null,"tracktype":null},"geometry":{"type":"LineString","coordinates":[[122.3411484,10.8428839],[122.3412404,10.8429106],[122.3413073,10.8429229],[122.3413762,10.8429085],[122.3414452,10.842847],[122.3415058,10.8427649],[122.341558,10.8426848],[122.3416186,10.8425268],[122.3416416,10.8423955],[122.3416512,10.8423353],[122.341686,10.8423142],[122.3417858,10.8423052],[122.3419404,10.842297],[122.3421368,10.8422395],[122.3423144,10.8421861],[122.3426195,10.8421328],[122.34275,10.842122],[122.342793,10.8421184],[122.3429434,10.8421225],[122.3431524,10.8421882],[122.3433279,10.8422764],[122.3434362,10.8423247],[122.3434951,10.8423565]]}},{"type":"Feature","id":1474583344,"properties":{"osmWayId":1474583344,"name":null,"nameNormalized":null,"highway":"residential","routingClass":"local","surface":"unpaved","tracktype":null},"geometry":{"type":"LineString","coordinates":[[122.3411484,10.8428839],[122.3413306,10.8430255],[122.3413505,10.843039],[122.3416217,10.8432244],[122.341686,10.8432994],[122.3417222,10.843472],[122.3417035,10.8437012],[122.3416351,10.8437986],[122.3415077,10.8438711],[122.3413843,10.8439053]]}},{"type":"Feature","id":1474583345,"properties":{"osmWayId":1474583345,"name":null,"nameNormalized":null,"highway":"unclassified","routingClass":"local","surface":"unpaved","tracktype":null},"geometry":{"type":"LineString","coordinates":[[122.3368835,10.8473128],[122.3369801,10.8469361],[122.336905,10.8466858],[122.336964,10.8464224],[122.3370686,10.8463539],[122.3374709,10.8463487],[122.3377579,10.8464883],[122.3379832,10.8464224],[122.3382756,10.8461405],[122.3383722,10.8458165],[122.3382327,10.8456005],[122.3381066,10.8454583],[122.3380879,10.8453292],[122.3382032,10.8452449],[122.338635,10.8453582],[122.3392788,10.8455057],[122.3398273,10.8454266],[122.3399734,10.8452989],[122.3401371,10.8452804],[122.3404549,10.8454293],[122.3407432,10.8454372],[122.3408197,10.8453463],[122.3407607,10.8451487],[122.3407862,10.8446904],[122.3410007,10.8445165],[122.3411818,10.8442043],[122.3412703,10.843983],[122.3413843,10.8439053]]}},{"type":"Feature","id":1474583785,"properties":{"osmWayId":1474583785,"name":null,"nameNormalized":null,"highway":"unclassified","routingClass":"local","surface":"ground","tracktype":null},"geometry":{"type":"LineString","coordinates":[[122.3458197,10.850661],[122.3457509,10.8505846],[122.3457938,10.8505042],[122.3462874,10.8502803],[122.3465355,10.8501763],[122.3466656,10.8499866],[122.3466656,10.8498048],[122.3466012,10.8496191],[122.3464952,10.8495783],[122.3461653,10.8496823],[122.3459105,10.8497008],[122.3456705,10.8496876],[122.3454747,10.8494808],[122.3453258,10.8493517],[122.3450026,10.8491713],[122.344792,10.8490541],[122.3447075,10.8488881],[122.3447049,10.848493],[122.3444742,10.8482532],[122.3443817,10.8481215],[122.3442757,10.8479569],[122.3442771,10.8477698],[122.3443361,10.8477014],[122.344725,10.8473892]]}},{"type":"Feature","id":1474592488,"properties":{"osmWayId":1474592488,"name":null,"nameNormalized":null,"highway":"track","routingClass":"local","surface":null,"tracktype":null},"geometry":{"type":"LineString","coordinates":[[122.3284413,10.8391517],[122.3283809,10.8388988],[122.3284075,10.8386523],[122.3285668,10.8383856]]}},{"type":"Feature","id":1474602558,"properties":{"osmWayId":1474602558,"name":null,"nameNormalized":null,"highway":"unclassified","routingClass":"local","surface":null,"tracktype":null},"geometry":{"type":"LineString","coordinates":[[122.3602911,10.8385932],[122.3605044,10.8385353],[122.3606653,10.8384681],[122.3608191,10.8384],[122.3609644,10.8382993],[122.3610584,10.8382153],[122.3611139,10.8381775],[122.3612037,10.8381356],[122.3613618,10.838081],[122.3615028,10.8380223],[122.3616481,10.8379215],[122.3617762,10.8378082]]}},{"type":"Feature","id":1474602559,"properties":{"osmWayId":1474602559,"name":null,"nameNormalized":null,"highway":"unclassified","routingClass":"local","surface":null,"tracktype":null},"geometry":{"type":"LineString","coordinates":[[122.3617762,10.8378082],[122.3619193,10.8375921],[122.3620601,10.8373985],[122.3623525,10.8370797],[122.3627004,10.8367431],[122.3629097,10.8365332],[122.3630274,10.8364354],[122.3631401,10.8363753],[122.3632528,10.8363437],[122.3633591,10.83635],[122.3635813,10.8364006],[122.3637842,10.8364481],[122.3638712,10.8364607],[122.3639645,10.8364386],[122.364074,10.8363722],[122.3641803,10.8362868],[122.3643639,10.8361666],[122.3646441,10.8360306],[122.3648727,10.835923],[122.3649919,10.8358345],[122.3650788,10.8357491],[122.3652012,10.8356162],[122.3653558,10.835477],[122.3655007,10.8353663],[122.3657229,10.835262],[122.3659065,10.835205],[122.3661094,10.8351449],[122.3663316,10.8351038],[122.3665184,10.8350247],[122.3667051,10.834914],[122.3668468,10.8347875],[122.3671946,10.8344807],[122.3672526,10.8344143],[122.3672591,10.8343162],[122.3672365,10.8341802],[122.3672429,10.8340347],[122.3672655,10.8339335],[122.3672977,10.8338512],[122.3673524,10.8337532],[122.367478,10.8336362],[122.3676004,10.8335191],[122.3677035,10.8334147],[122.3677711,10.8333293],[122.3678162,10.833225]]}},{"type":"Feature","id":1474602560,"properties":{"osmWayId":1474602560,"name":null,"nameNormalized":null,"highway":"residential","routingClass":"local","surface":"ground","tracktype":null},"geometry":{"type":"LineString","coordinates":[[122.3580048,10.840979],[122.3579013,10.8404228],[122.3579563,10.8399025],[122.3581521,10.8396601],[122.3585008,10.8394467],[122.3585692,10.8392307],[122.3585142,10.8388606],[122.3585209,10.8384325]]}},{"type":"Feature","id":1474619257,"properties":{"osmWayId":1474619257,"name":null,"nameNormalized":null,"highway":"residential","routingClass":"local","surface":null,"tracktype":null},"geometry":{"type":"LineString","coordinates":[[122.3737814,10.8504687],[122.3738524,10.8502263],[122.374181,10.8501012],[122.3745404,10.8498838],[122.3746303,10.8497429],[122.3747255,10.8495901],[122.3749052,10.849544],[122.3749951,10.8495519]]}},{"type":"Feature","id":1474619258,"properties":{"osmWayId":1474619258,"name":null,"nameNormalized":null,"highway":"residential","routingClass":"local","surface":"ground","tracktype":null},"geometry":{"type":"LineString","coordinates":[[122.3754551,10.8453661],[122.3757729,10.8452712],[122.3761068,10.8452725],[122.3763415,10.8454398],[122.3764569,10.8455755],[122.3764662,10.8456703]]}},{"type":"Feature","id":1474619259,"properties":{"osmWayId":1474619259,"name":null,"nameNormalized":null,"highway":"unclassified","routingClass":"local","surface":"ground","tracktype":null},"geometry":{"type":"LineString","coordinates":[[122.3754618,10.849116],[122.3754376,10.8488736],[122.3755127,10.8486484],[122.3754604,10.8483652],[122.3754323,10.8481228],[122.375266,10.8479424],[122.3751546,10.8477659],[122.3751935,10.8475749],[122.3753236,10.8473918],[122.3756146,10.8472707],[122.3758131,10.8471139],[122.3759083,10.8469888],[122.3759043,10.846728],[122.3760129,10.8464751],[122.3762664,10.8460865],[122.3763871,10.8458363],[122.3764662,10.8456703],[122.3765816,10.8455294],[122.3768766,10.8453555],[122.3770657,10.8451948],[122.3771757,10.8449261],[122.3772334,10.8448787],[122.3772964,10.8448813],[122.3773447,10.8449551],[122.3774077,10.8451487],[122.3775002,10.8452475],[122.3776987,10.8452501],[122.3782942,10.845262],[122.3789647,10.845287],[122.3794006,10.8452673],[122.3796728,10.8451856],[122.3798633,10.8450183],[122.3801771,10.8445613],[122.3802589,10.8441345]]}},{"type":"Feature","id":1474619260,"properties":{"osmWayId":1474619260,"name":null,"nameNormalized":null,"highway":"residential","routingClass":"local","surface":null,"tracktype":null},"geometry":{"type":"LineString","coordinates":[[122.3753748,10.8493263],[122.3754618,10.849116],[122.3755315,10.8490606],[122.3760398,10.8488512]]}},{"type":"Feature","id":1474619261,"properties":{"osmWayId":1474619261,"name":null,"nameNormalized":null,"highway":"residential","routingClass":"local","surface":null,"tracktype":null},"geometry":{"type":"LineString","coordinates":[[122.3749951,10.8495519],[122.3751895,10.8496099],[122.3752914,10.8496086],[122.3754148,10.8495348],[122.3755347,10.8494615]]}},{"type":"Feature","id":1476338509,"properties":{"osmWayId":1476338509,"name":null,"nameNormalized":null,"highway":"residential","routingClass":"local","surface":"ground","tracktype":null},"geometry":{"type":"LineString","coordinates":[[122.3684129,10.8014464],[122.3683915,10.801673],[122.368488,10.8018284],[122.3687214,10.8019259],[122.3689252,10.8019444],[122.3692337,10.8022869],[122.3692712,10.8025714],[122.3693866,10.80269],[122.3695126,10.8029416],[122.3695327,10.8031115],[122.3696762,10.8033394],[122.3696896,10.8034224]]}},{"type":"Feature","id":1476338510,"properties":{"osmWayId":1476338510,"name":null,"nameNormalized":null,"highway":"residential","routingClass":"local","surface":null,"tracktype":null},"geometry":{"type":"LineString","coordinates":[[122.3702095,10.8044839],[122.3700184,10.8040952]]}},{"type":"Feature","id":1476338513,"properties":{"osmWayId":1476338513,"name":null,"nameNormalized":null,"highway":"residential","routingClass":"local","surface":null,"tracktype":null},"geometry":{"type":"LineString","coordinates":[[122.3683111,10.8063044],[122.3685497,10.8067026],[122.3688233,10.8068317],[122.3692203,10.8073243],[122.3695716,10.8073797],[122.3700222,10.8073217]]}},{"type":"Feature","id":1476338516,"properties":{"osmWayId":1476338516,"name":null,"nameNormalized":null,"highway":"service","routingClass":"local","surface":null,"tracktype":null},"geometry":{"type":"LineString","coordinates":[[122.3685724,10.806262],[122.3689011,10.8059965],[122.3689775,10.8059543]]}},{"type":"Feature","id":1476338517,"properties":{"osmWayId":1476338517,"name":null,"nameNormalized":null,"highway":"service","routingClass":"local","surface":null,"tracktype":null},"geometry":{"type":"LineString","coordinates":[[122.3693168,10.8050862],[122.3693088,10.8052825],[122.3694971,10.8056397]]}},{"type":"Feature","id":1476343716,"properties":{"osmWayId":1476343716,"name":null,"nameNormalized":null,"highway":"residential","routingClass":"local","surface":null,"tracktype":null},"geometry":{"type":"LineString","coordinates":[[122.3765253,10.8029192],[122.376544,10.8026083],[122.3764542,10.8024726],[122.3764381,10.802138],[122.3762946,10.8019957]]}},{"type":"Feature","id":1476343717,"properties":{"osmWayId":1476343717,"name":null,"nameNormalized":null,"highway":"residential","routingClass":"local","surface":null,"tracktype":null},"geometry":{"type":"LineString","coordinates":[[122.3702095,10.8044839],[122.3703578,10.8043818],[122.3706335,10.8042146],[122.371146,10.8040374],[122.3715414,10.8039129],[122.3719289,10.8036956],[122.3723118,10.8035347],[122.3727611,10.8034274],[122.373164,10.803384],[122.3734501,10.8033899],[122.3736358,10.8033813],[122.3738628,10.8035409],[122.3741758,10.8035964],[122.3744993,10.8035052],[122.3749538,10.8033156],[122.3752905,10.8031558],[122.3755019,10.8030363],[122.3756974,10.8028841],[122.3759417,10.8028627],[122.3762755,10.802931],[122.3765253,10.8029192]]}},{"type":"Feature","id":1476344236,"properties":{"osmWayId":1476344236,"name":null,"nameNormalized":null,"highway":"residential","routingClass":"local","surface":null,"tracktype":null},"geometry":{"type":"LineString","coordinates":[[122.3596957,10.803454],[122.3599666,10.8032946],[122.360515,10.8032002]]}},{"type":"Feature","id":1476344238,"properties":{"osmWayId":1476344238,"name":null,"nameNormalized":null,"highway":"residential","routingClass":"local","surface":"ground","tracktype":null},"geometry":{"type":"LineString","coordinates":[[122.3619919,10.8070615],[122.3620494,10.8069265],[122.3621432,10.8066433],[122.3623297,10.8062784],[122.3622277,10.805957],[122.3622867,10.8057172],[122.3623779,10.805459],[122.3623806,10.8052588],[122.362512,10.8050348],[122.3625094,10.8048754],[122.3627856,10.8045369],[122.3627722,10.8042023],[122.3631316,10.8039072],[122.3632818,10.8038321],[122.3634173,10.8036688]]}},{"type":"Feature","id":1476344239,"properties":{"osmWayId":1476344239,"name":null,"nameNormalized":null,"highway":"residential","routingClass":"local","surface":null,"tracktype":null},"geometry":{"type":"LineString","coordinates":[[122.3567145,10.8069963],[122.3568875,10.8068699],[122.3569693,10.8068593],[122.3572831,10.8069687],[122.3575862,10.8070187],[122.3577028,10.8070253],[122.3578477,10.8070253],[122.3579898,10.8071478],[122.3581508,10.8072031],[122.3582862,10.8071241],[122.3585585,10.8069884],[122.3588106,10.8069713],[122.3590118,10.8069318],[122.3592049,10.8067474],[122.3595804,10.806555],[122.3599344,10.806476],[122.3601705,10.8063284],[122.3604146,10.8062837],[122.3607337,10.8061308],[122.3608987,10.8062007],[122.3611267,10.8061493],[122.3613694,10.8060189]]}},{"type":"Feature","id":1476344335,"properties":{"osmWayId":1476344335,"name":null,"nameNormalized":null,"highway":"residential","routingClass":"local","surface":null,"tracktype":null},"geometry":{"type":"LineString","coordinates":[[122.3573086,10.8047147],[122.3572965,10.8045962],[122.3575057,10.8044275],[122.357558,10.8042484],[122.357609,10.8039322],[122.3577203,10.8038347],[122.3580448,10.8037083],[122.3581642,10.8037504],[122.3583372,10.8038123],[122.3585196,10.8037741],[122.3586926,10.8037504],[122.358938,10.8035515],[122.3594516,10.8034672],[122.3596957,10.803454]]}},{"type":"Feature","id":1527782750,"properties":{"osmWayId":1527782750,"name":null,"nameNormalized":null,"highway":"service","routingClass":"local","surface":null,"tracktype":null},"geometry":{"type":"LineString","coordinates":[[122.3338075,10.8375221],[122.3335064,10.8372558],[122.3332115,10.8371306],[122.3330778,10.837057],[122.3329928,10.8369934]]}},{"type":"Feature","id":301841068,"properties":{"osmWayId":301841068,"name":null,"nameNormalized":null,"highway":"unclassified","routingClass":"local","surface":null,"tracktype":null},"geometry":{"type":"LineString","coordinates":[[122.3986846,10.7995874],[122.3989243,10.799398],[122.3990734,10.7990754],[122.3995503,10.7987415],[122.4000818,10.7984745],[122.4003097,10.7983032],[122.4005914,10.7979528],[122.4007952,10.7977367],[122.4009964,10.7975049],[122.4011466,10.7971308],[122.401211,10.796862],[122.4012341,10.7964104],[122.4012905,10.7960265],[122.401414,10.7958584],[122.4016409,10.7957007],[122.4019522,10.7956379],[122.4023417,10.795445],[122.4028207,10.7952718],[122.4029756,10.7951835],[122.4031502,10.7950124],[122.4032112,10.7947536],[122.403228,10.7944802],[122.403236,10.7942016],[122.4034224,10.7938597],[122.4035779,10.793506],[122.4036334,10.7932993],[122.4036076,10.7930957],[122.4036113,10.7930328],[122.4036196,10.7928941],[122.4036926,10.7927086],[122.4038997,10.7925111],[122.4039362,10.7923615],[122.4038167,10.7921867],[122.403692,10.7919825],[122.4035847,10.7917493],[122.4034692,10.7916643],[122.4032293,10.7915859],[122.4029631,10.7913831],[122.4025638,10.7911745],[122.4023062,10.7910721],[122.40195,10.7908215],[122.4014988,10.7906597],[122.4010638,10.7903448],[122.4006662,10.7902026],[122.4004196,10.7900604],[122.4001177,10.7899776],[122.3998191,10.7898],[122.3995195,10.7897457],[122.3991618,10.7896759],[122.3986777,10.7894458],[122.3983423,10.7893496],[122.3980057,10.789345],[122.3976854,10.789484],[122.3975578,10.7895005]]}},{"type":"Feature","id":170410212,"properties":{"osmWayId":170410212,"name":null,"nameNormalized":null,"highway":"unclassified","routingClass":"local","surface":null,"tracktype":null},"geometry":{"type":"LineString","coordinates":[[122.4307019,10.8259022],[122.4312199,10.8258392],[122.4316542,10.8257744],[122.4321787,10.8256853],[122.432519,10.8255985],[122.4327539,10.825529],[122.4327749,10.8255175],[122.433089,10.8253882],[122.4333948,10.8252762],[122.4335597,10.8252064],[122.4337602,10.8250941],[122.4341355,10.8249439],[122.4342124,10.8249257],[122.4344312,10.8248738],[122.4346862,10.8249178],[122.4349432,10.8249419],[122.4350553,10.8249899]]}},{"type":"Feature","id":170410213,"properties":{"osmWayId":170410213,"name":null,"nameNormalized":null,"highway":"residential","routingClass":"local","surface":null,"tracktype":null},"geometry":{"type":"LineString","coordinates":[[122.4308025,10.810732],[122.4308964,10.81072],[122.4310336,10.8106754],[122.4313783,10.8104814],[122.4316219,10.8103392],[122.4317129,10.8102861],[122.4318153,10.8102264],[122.4319726,10.8101801],[122.432032,10.8101645],[122.4321311,10.8101385],[122.4323604,10.8100661],[122.4325104,10.810038]]}},{"type":"Feature","id":170410214,"properties":{"osmWayId":170410214,"name":null,"nameNormalized":null,"highway":"residential","routingClass":"local","surface":null,"tracktype":null},"geometry":{"type":"LineString","coordinates":[[122.4328126,10.810428],[122.4333056,10.8102846],[122.433321,10.8102567],[122.4332512,10.8100406]]}},{"type":"Feature","id":170410215,"properties":{"osmWayId":170410215,"name":null,"nameNormalized":null,"highway":"residential","routingClass":"local","surface":null,"tracktype":null},"geometry":{"type":"LineString","coordinates":[[122.4308429,10.8118181],[122.429807,10.8125775]]}},{"type":"Feature","id":170410216,"properties":{"osmWayId":170410216,"name":null,"nameNormalized":null,"highway":"residential","routingClass":"local","surface":null,"tracktype":null},"geometry":{"type":"LineString","coordinates":[[122.4294788,10.8061765],[122.4298783,10.8060941]]}},{"type":"Feature","id":170410217,"properties":{"osmWayId":170410217,"name":null,"nameNormalized":null,"highway":"residential","routingClass":"local","surface":null,"tracktype":null},"geometry":{"type":"LineString","coordinates":[[122.4332522,10.8105473],[122.4334025,10.810948],[122.4335677,10.8112826]]}},{"type":"Feature","id":170410218,"properties":{"osmWayId":170410218,"name":null,"nameNormalized":null,"highway":"unclassified","routingClass":"local","surface":null,"tracktype":null},"geometry":{"type":"LineString","coordinates":[[122.4177173,10.8311537],[122.4180043,10.8312617],[122.4184817,10.8314724],[122.4189109,10.8316252],[122.419222,10.8317464],[122.4193025,10.8318518],[122.4193507,10.8320257],[122.4193507,10.8323945],[122.419399,10.8326685],[122.419458,10.8328318],[122.41956,10.832953],[122.4197584,10.8330742],[122.4198791,10.8331394],[122.419973,10.8331901],[122.4201983,10.8334272],[122.4203861,10.8336485],[122.4206597,10.8338171],[122.4210083,10.8339646],[122.4211478,10.8339857],[122.4217057,10.8337802],[122.4218559,10.8337696],[122.4219418,10.8337907],[122.4221349,10.8339224],[122.4222422,10.8340173],[122.4224138,10.8341227],[122.4225694,10.8341727],[122.4227223,10.8341727],[122.4228376,10.8342096],[122.4233483,10.8344131],[122.4238013,10.8345937],[122.4240071,10.8346627],[122.4241278,10.8346522],[122.4242297,10.8346179],[122.4243665,10.8345257],[122.4244791,10.8344967],[122.4247178,10.8344888],[122.424911,10.8344967],[122.4250987,10.8345257],[122.425316,10.8346126],[122.4254957,10.8347207],[122.4257156,10.8348234],[122.4258953,10.8348445],[122.4260268,10.8348814],[122.4262065,10.834963],[122.4264345,10.835071],[122.4265578,10.8351211],[122.4266839,10.8351264],[122.4268636,10.8350763],[122.426995,10.8350025],[122.4271104,10.8349235],[122.427215,10.8347997],[122.4273276,10.83456],[122.4273786,10.8344124],[122.4274108,10.8342596],[122.4274456,10.8340937],[122.4275315,10.8339382],[122.4276763,10.8337512],[122.4278802,10.8335484],[122.4279539,10.8334326],[122.4280545,10.8332744],[122.4282879,10.8330162],[122.4284247,10.8327949],[122.4286339,10.8325631],[122.4287626,10.8323128],[122.4289262,10.8320915],[122.4290335,10.8319545],[122.4291408,10.8318676],[122.4295485,10.8315804],[122.4297336,10.8314224],[122.4300018,10.8311932],[122.4302137,10.8310694],[122.4303235,10.8309688],[122.4304037,10.8308782],[122.4304609,10.8307561],[122.4305168,10.8306768],[122.4306026,10.8306386]]}},{"type":"Feature","id":170410219,"properties":{"osmWayId":170410219,"name":null,"nameNormalized":null,"highway":"residential","routingClass":"local","surface":null,"tracktype":null},"geometry":{"type":"LineString","coordinates":[[122.4317129,10.8102861],[122.4318209,10.8103785],[122.4319969,10.8105938],[122.4320733,10.8107199]]}},{"type":"Feature","id":170410220,"properties":{"osmWayId":170410220,"name":"Soledad Street","nameNormalized":"soledad street","highway":"residential","routingClass":"local","surface":null,"tracktype":null},"geometry":{"type":"LineString","coordinates":[[122.431031,10.812919],[122.4306949,10.8130176],[122.4301794,10.813226]]}},{"type":"Feature","id":170410221,"properties":{"osmWayId":170410221,"name":null,"nameNormalized":null,"highway":"residential","routingClass":"local","surface":null,"tracktype":null},"geometry":{"type":"LineString","coordinates":[[122.4329056,10.810708],[122.4330354,10.8106358],[122.4332522,10.8105473],[122.4334104,10.8104828],[122.4338416,10.810385],[122.4342468,10.8102689]]}},{"type":"Feature","id":170410222,"properties":{"osmWayId":170410222,"name":null,"nameNormalized":null,"highway":"unclassified","routingClass":"local","surface":null,"tracktype":null},"geometry":{"type":"LineString","coordinates":[[122.4300125,10.8347444],[122.4296664,10.8347141],[122.4295395,10.8347127],[122.4294458,10.8347495],[122.4293382,10.8348398],[122.4292338,10.8349365]]}},{"type":"Feature","id":170410224,"properties":{"osmWayId":170410224,"name":null,"nameNormalized":null,"highway":"residential","routingClass":"local","surface":null,"tracktype":null},"geometry":{"type":"LineString","coordinates":[[122.4291464,10.8038359],[122.4291564,10.8039159],[122.429161,10.8039823],[122.4291806,10.8041145]]}},{"type":"Feature","id":170410225,"properties":{"osmWayId":170410225,"name":null,"nameNormalized":null,"highway":"residential","routingClass":"local","surface":null,"tracktype":null},"geometry":{"type":"LineString","coordinates":[[122.4325104,10.810038],[122.4326254,10.8102845],[122.4328126,10.810428],[122.4328825,10.8105635],[122.4329056,10.810708],[122.4329316,10.810929],[122.433083,10.8112449]]}},{"type":"Feature","id":170412252,"properties":{"osmWayId":170412252,"name":null,"nameNormalized":null,"highway":"unclassified","routingClass":"local","surface":null,"tracktype":null},"geometry":{"type":"LineString","coordinates":[[122.4325496,10.8213179],[122.4328235,10.8211453],[122.4329723,10.8210353],[122.4330615,10.8209754],[122.4331004,10.8209543],[122.4333184,10.8208832],[122.4335244,10.820807],[122.433866,10.8206578],[122.434276,10.8205576],[122.4343504,10.8205857],[122.4344901,10.8207359],[122.434639,10.8208341]]}},{"type":"Feature","id":170412253,"properties":{"osmWayId":170412253,"name":null,"nameNormalized":null,"highway":"unclassified","routingClass":"local","surface":null,"tracktype":null},"geometry":{"type":"LineString","coordinates":[[122.4343497,10.8147566],[122.4345333,10.8147476],[122.4351131,10.8145847],[122.4352472,10.814555],[122.4353467,10.8145167],[122.4357116,10.8142929],[122.4359942,10.8141768],[122.4366086,10.8139459],[122.4367413,10.8138779],[122.4368538,10.8137688],[122.4371444,10.813581],[122.4373211,10.8135512]]}},{"type":"Feature","id":170412254,"properties":{"osmWayId":170412254,"name":"Alvior Street","nameNormalized":"alvior street","highway":"unclassified","routingClass":"local","surface":null,"tracktype":null},"geometry":{"type":"LineString","coordinates":[[122.4290328,10.817032],[122.4297892,10.8166679],[122.4303688,10.816395],[122.4304309,10.8163649]]}},{"type":"Feature","id":170412255,"properties":{"osmWayId":170412255,"name":"Allones Street","nameNormalized":"allones street","highway":"residential","routingClass":"local","surface":null,"tracktype":null},"geometry":{"type":"LineString","coordinates":[[122.429662,10.8147317],[122.4303688,10.816395]]}},{"type":"Feature","id":170412256,"properties":{"osmWayId":170412256,"name":null,"nameNormalized":null,"highway":"residential","routingClass":"local","surface":null,"tracktype":null},"geometry":{"type":"LineString","coordinates":[[122.4320333,10.8216249],[122.4324882,10.8223677]]}},{"type":"Feature","id":170412257,"properties":{"osmWayId":170412257,"name":null,"nameNormalized":null,"highway":"service","routingClass":"local","surface":null,"tracktype":null},"geometry":{"type":"LineString","coordinates":[[122.4310902,10.816083],[122.4312246,10.8163638],[122.4312673,10.8164531]]}},{"type":"Feature","id":170412258,"properties":{"osmWayId":170412258,"name":"Sinforoso Street","nameNormalized":"sinforoso street","highway":"residential","routingClass":"local","surface":null,"tracktype":null},"geometry":{"type":"LineString","coordinates":[[122.4300011,10.8171753],[122.4292477,10.8174922]]}},{"type":"Feature","id":170412259,"properties":{"osmWayId":170412259,"name":null,"nameNormalized":null,"highway":"service","routingClass":"local","surface":null,"tracktype":null},"geometry":{"type":"LineString","coordinates":[[122.4322308,10.8190577],[122.4325498,10.8198674]]}},{"type":"Feature","id":170412260,"properties":{"osmWayId":170412260,"name":"Puga Extension","nameNormalized":"puga extension","highway":"service","routingClass":"local","surface":null,"tracktype":null},"geometry":{"type":"LineString","coordinates":[[122.4325342,10.8189354],[122.4328519,10.8197417]]}},{"type":"Feature","id":170412261,"properties":{"osmWayId":170412261,"name":null,"nameNormalized":null,"highway":"residential","routingClass":"local","surface":null,"tracktype":null},"geometry":{"type":"LineString","coordinates":[[122.433536,10.8197182],[122.4335521,10.8197853],[122.4335936,10.8198931],[122.433683,10.8201172],[122.433866,10.8206578]]}},{"type":"Feature","id":170412262,"properties":{"osmWayId":170412262,"name":null,"nameNormalized":null,"highway":"residential","routingClass":"local","surface":null,"tracktype":null},"geometry":{"type":"LineString","coordinates":[[122.4330822,10.8221831],[122.43311,10.8222182],[122.433252,10.8224375],[122.4332554,10.8224612],[122.4332503,10.8224784],[122.4330151,10.8226164]]}},{"type":"Feature","id":170412263,"properties":{"osmWayId":170412263,"name":"Almacen Street","nameNormalized":"almacen street","highway":"residential","routingClass":"local","surface":null,"tracktype":null},"geometry":{"type":"LineString","coordinates":[[122.4309828,10.8177441],[122.4303401,10.8179854],[122.4296231,10.8182902]]}},{"type":"Feature","id":170412264,"properties":{"osmWayId":170412264,"name":null,"nameNormalized":null,"highway":"residential","routingClass":"local","surface":null,"tracktype":null},"geometry":{"type":"LineString","coordinates":[[122.4326188,10.8198377],[122.432786,10.8202089],[122.4331004,10.8209543]]}},{"type":"Feature","id":170412265,"properties":{"osmWayId":170412265,"name":"J. Puga Street","nameNormalized":"j puga street","highway":"residential","routingClass":"local","surface":null,"tracktype":null},"geometry":{"type":"LineString","coordinates":[[122.4315018,10.8175051],[122.4318512,10.818249],[122.4322308,10.8190577]]}},{"type":"Feature","id":170412266,"properties":{"osmWayId":170412266,"name":"Rizal Street","nameNormalized":"rizal street","highway":"residential","routingClass":"local","surface":null,"tracktype":null},"geometry":{"type":"LineString","coordinates":[[122.4297892,10.8166679],[122.4300011,10.8171753],[122.4300176,10.8172147]]}},{"type":"Feature","id":170412267,"properties":{"osmWayId":170412267,"name":"V. Salarda Street","nameNormalized":"v salarda street","highway":"residential","routingClass":"local","surface":null,"tracktype":null},"geometry":{"type":"LineString","coordinates":[[122.4299523,10.8189509],[122.4306044,10.8186209],[122.4312396,10.8184001]]}},{"type":"Feature","id":170412268,"properties":{"osmWayId":170412268,"name":null,"nameNormalized":null,"highway":"residential","routingClass":"local","surface":null,"tracktype":null},"geometry":{"type":"LineString","coordinates":[[122.4326885,10.81793],[122.433302,10.8176818],[122.4338904,10.8175311],[122.4343523,10.8171988]]}},{"type":"Feature","id":170412269,"properties":{"osmWayId":170412269,"name":null,"nameNormalized":null,"highway":"unclassified","routingClass":"local","surface":null,"tracktype":null},"geometry":{"type":"LineString","coordinates":[[122.4303263,10.8196788],[122.4300705,10.8198053],[122.4297635,10.8199694],[122.4295254,10.8200777],[122.4293559,10.8201469],[122.4290953,10.8202079],[122.4289326,10.8202337],[122.4287979,10.8202226],[122.4285735,10.8201712],[122.4283864,10.82014],[122.4281694,10.8200977],[122.4280107,10.8201098],[122.4278616,10.8201589],[122.4275698,10.8203242],[122.4273352,10.820478],[122.4271687,10.8205589],[122.4270004,10.8205956],[122.4267591,10.8205938],[122.4263584,10.8204723],[122.4261623,10.8203547],[122.4258837,10.8200334],[122.4257228,10.8198166],[122.4256692,10.8197527],[122.4255657,10.8196292],[122.425504,10.819394],[122.4254591,10.819146],[122.4254684,10.8189494],[122.4255227,10.8188098],[122.4255825,10.8186996],[122.4257041,10.8186224],[122.4259735,10.8184479],[122.4263326,10.8183891],[122.4267142,10.8182605],[122.4269274,10.8181557],[122.42715,10.8179059],[122.4273595,10.8175972],[122.4275704,10.8174484],[122.4278647,10.8173924],[122.4280994,10.8173852],[122.4282817,10.8173418],[122.4290328,10.817032]]}},{"type":"Feature","id":170412270,"properties":{"osmWayId":170412270,"name":null,"nameNormalized":null,"highway":"residential","routingClass":"local","surface":null,"tracktype":null},"geometry":{"type":"LineString","coordinates":[[122.4312564,10.8184397],[122.4314325,10.8183953],[122.4318512,10.818249],[122.4326885,10.81793]]}},{"type":"Feature","id":170412271,"properties":{"osmWayId":170412271,"name":"Exaltacion Street","nameNormalized":"exaltacion street","highway":"unclassified","routingClass":"local","surface":null,"tracktype":null},"geometry":{"type":"LineString","coordinates":[[122.4313972,10.8219074],[122.4317264,10.8217857],[122.4320333,10.8216249],[122.4325496,10.8213179]]}},{"type":"Feature","id":170412272,"properties":{"osmWayId":170412272,"name":null,"nameNormalized":null,"highway":"service","routingClass":"local","surface":null,"tracktype":null},"geometry":{"type":"LineString","coordinates":[[122.4312673,10.8164531],[122.4315202,10.8169744],[122.4316205,10.8172348],[122.4316251,10.8173404],[122.4316231,10.8174414]]}},{"type":"Feature","id":170412273,"properties":{"osmWayId":170412273,"name":"Rizal Street","nameNormalized":"rizal street","highway":"residential","routingClass":"local","surface":null,"tracktype":null},"geometry":{"type":"LineString","coordinates":[[122.4290419,10.8147483],[122.4293151,10.8155108],[122.4294345,10.8158394],[122.4296187,10.8163199],[122.4297892,10.8166679]]}},{"type":"Feature","id":170412274,"properties":{"osmWayId":170412274,"name":"Rizal Street","nameNormalized":"rizal street","highway":"residential","routingClass":"local","surface":null,"tracktype":null},"geometry":{"type":"LineString","coordinates":[[122.4303401,10.8179854],[122.4306044,10.8186209],[122.4309925,10.8195321],[122.4313134,10.8204106]]}},{"type":"Feature","id":170412275,"properties":{"osmWayId":170412275,"name":"Rodriguez Street","nameNormalized":"rodriguez street","highway":"unclassified","routingClass":"local","surface":null,"tracktype":null},"geometry":{"type":"LineString","coordinates":[[122.4318304,10.8161904],[122.4320939,10.8159758],[122.4328091,10.8152018],[122.4330194,10.8149567],[122.4333507,10.8145706]]}},{"type":"Feature","id":170412276,"properties":{"osmWayId":170412276,"name":"Magallanes Street","nameNormalized":"magallanes street","highway":"unclassified","routingClass":"local","surface":null,"tracktype":null},"geometry":{"type":"LineString","coordinates":[[122.4308035,10.820617],[122.4313134,10.8204106],[122.4316612,10.8202921],[122.4317922,10.8202325]]}},{"type":"Feature","id":170412278,"properties":{"osmWayId":170412278,"name":null,"nameNormalized":null,"highway":"residential","routingClass":"local","surface":null,"tracktype":null},"geometry":{"type":"LineString","coordinates":[[122.4343324,10.8181062],[122.4341498,10.8182294],[122.4338835,10.818385],[122.4338316,10.8184208],[122.4329809,10.8187636]]}},{"type":"Feature","id":170412279,"properties":{"osmWayId":170412279,"name":null,"nameNormalized":null,"highway":"service","routingClass":"local","surface":null,"tracktype":null},"geometry":{"type":"LineString","coordinates":[[122.4295357,10.8213662],[122.4301025,10.8211735],[122.4301516,10.8211211],[122.4302121,10.8210035],[122.4302799,10.8209016],[122.4303607,10.820835]]}},{"type":"Feature","id":170412280,"properties":{"osmWayId":170412280,"name":"Amantillo Street","nameNormalized":"amantillo street","highway":"residential","routingClass":"local","surface":null,"tracktype":null},"geometry":{"type":"LineString","coordinates":[[122.4319849,10.8201282],[122.4325496,10.8213179],[122.432674,10.8214953],[122.4327496,10.8216185],[122.4330822,10.8221831]]}},{"type":"Feature","id":170412281,"properties":{"osmWayId":170412281,"name":"San Rufino Street","nameNormalized":"san rufino street","highway":"residential","routingClass":"local","surface":null,"tracktype":null},"geometry":{"type":"LineString","coordinates":[[122.4303885,10.8197956],[122.4309925,10.8195321],[122.4316037,10.8192715],[122.4322308,10.8190577],[122.4325342,10.8189354],[122.4329162,10.8187859],[122.4329809,10.8187636]]}},{"type":"Feature","id":170412282,"properties":{"osmWayId":170412282,"name":"Cabaluma Street","nameNormalized":"cabaluma street","highway":"residential","routingClass":"local","surface":null,"tracktype":null},"geometry":{"type":"LineString","coordinates":[[122.4330822,10.8221831],[122.4324882,10.8223677],[122.4318894,10.8226727],[122.4317828,10.8227207],[122.4314784,10.8228413],[122.4313778,10.8228604],[122.4311706,10.8228591]]}},{"type":"Feature","id":170412283,"properties":{"osmWayId":170412283,"name":"San Juan Street","nameNormalized":"san juan street","highway":"residential","routingClass":"local","surface":null,"tracktype":null},"geometry":{"type":"LineString","coordinates":[[122.4302302,10.8146168],[122.4302908,10.8146466],[122.4303786,10.8147934],[122.4307649,10.815624]]}},{"type":"Feature","id":170412284,"properties":{"osmWayId":170412284,"name":"Magallanes Street","nameNormalized":"magallanes street","highway":"unclassified","routingClass":"local","surface":null,"tracktype":null},"geometry":{"type":"LineString","coordinates":[[122.4329809,10.8187636],[122.4330432,10.8195848],[122.4330264,10.8196383],[122.4330228,10.8196499],[122.4330055,10.819674],[122.4328519,10.8197417],[122.4326188,10.8198377],[122.4325498,10.8198674],[122.4319849,10.8201282],[122.4317922,10.8202325]]}},{"type":"Feature","id":199588842,"properties":{"osmWayId":199588842,"name":null,"nameNormalized":null,"highway":"service","routingClass":"local","surface":null,"tracktype":null},"geometry":{"type":"LineString","coordinates":[[122.4316205,10.8172348],[122.4316956,10.8172929],[122.4317439,10.8173232],[122.4317888,10.8173543]]}},{"type":"Feature","id":199588844,"properties":{"osmWayId":199588844,"name":null,"nameNormalized":null,"highway":"unclassified","routingClass":"local","surface":null,"tracktype":null},"geometry":{"type":"LineString","coordinates":[[122.432291,10.8170372],[122.4324832,10.8173987],[122.4325669,10.8175845],[122.4326885,10.81793],[122.43292,10.81854],[122.4329809,10.8187636]]}},{"type":"Feature","id":245906178,"properties":{"osmWayId":245906178,"name":"Alegria Street","nameNormalized":"alegria street","highway":"residential","routingClass":"local","surface":null,"tracktype":null},"geometry":{"type":"LineString","coordinates":[[122.4290419,10.8147483],[122.4289081,10.8147243],[122.4287374,10.8147095],[122.4283552,10.8146999],[122.4281125,10.8146903],[122.4277424,10.814633],[122.4274341,10.8145249],[122.4272418,10.814416],[122.4270789,10.8143015]]}},{"type":"Feature","id":245906179,"properties":{"osmWayId":245906179,"name":null,"nameNormalized":null,"highway":"unclassified","routingClass":"local","surface":null,"tracktype":null},"geometry":{"type":"LineString","coordinates":[[122.4291603,10.7983564],[122.428886,10.7983638],[122.4285105,10.7984046],[122.4283308,10.7984152],[122.4281859,10.7984112],[122.4278938,10.7983857],[122.4275806,10.7983485],[122.4274255,10.798336],[122.4272285,10.7982932],[122.4268923,10.7981836],[122.4266452,10.7980528],[122.4263047,10.7977822],[122.4262119,10.7977149],[122.4261368,10.7976802],[122.4260462,10.7976563],[122.4258932,10.7976402],[122.425695,10.7976072],[122.4255172,10.797596],[122.4252898,10.7975875],[122.4251018,10.7975946],[122.424933,10.7976095],[122.4248044,10.7976189],[122.4245871,10.7976571],[122.4244833,10.7976614],[122.4243994,10.7976506],[122.4243,10.7975942],[122.424159,10.7975264],[122.4240369,10.7974958],[122.4235051,10.7974331],[122.4232724,10.7974088],[122.423193,10.7974258],[122.4230454,10.7975419],[122.4228024,10.797811],[122.4227096,10.7979303],[122.4226721,10.7980367],[122.42265,10.7983231],[122.4226699,10.7985379],[122.4226721,10.798692],[122.4226036,10.7988178],[122.4223761,10.7990652],[122.4222723,10.7992171],[122.4221994,10.7994232],[122.4221839,10.79956],[122.4221331,10.7996489],[122.4220138,10.7997335],[122.4217752,10.7998529],[122.4217001,10.7999093],[122.4215917,10.8000171],[122.4214777,10.8003794],[122.4213812,10.8006797],[122.4213732,10.800723],[122.4214792,10.8013306],[122.4214262,10.8014348],[122.4213246,10.8015042],[122.4210573,10.8016018],[122.4207591,10.8017624],[122.4206514,10.8019175],[122.4205956,10.8020271],[122.4204785,10.8021617],[122.420304,10.8023005],[122.4202117,10.8023764],[122.4201219,10.802412],[122.420036,10.8024239],[122.419948,10.8024272],[122.419847,10.8024054],[122.4197805,10.8023787],[122.4197263,10.8023396],[122.419623,10.8022671],[122.4195898,10.8022428],[122.4195077,10.8022223],[122.419393,10.802227],[122.4192606,10.802216],[122.4191244,10.8021725],[122.4188482,10.802025],[122.4185986,10.8018362],[122.4184263,10.8016452],[122.4183811,10.8015847],[122.4183724,10.8015571],[122.4183695,10.8015337],[122.4183617,10.8014793],[122.4183496,10.8014306],[122.4183355,10.8013957],[122.4183235,10.8013848],[122.4183077,10.8013789],[122.4182812,10.8013733],[122.4182611,10.801374],[122.4182296,10.8013779],[122.4181987,10.8013886],[122.418135,10.8014438],[122.4180851,10.8014671],[122.4179797,10.801487],[122.4177579,10.8015025],[122.4174158,10.8015306],[122.4172321,10.8015181],[122.4169343,10.8015243],[122.4167094,10.8015539],[122.4165447,10.8016426],[122.4163752,10.8019428],[122.4162595,10.8020774],[122.4161392,10.8021731],[122.4160315,10.8022571],[122.4160101,10.8022813],[122.4159952,10.8023084],[122.4159903,10.8023386],[122.415998,10.8023672],[122.4160265,10.8024521],[122.416068,10.8029307],[122.4160423,10.8031913],[122.4159738,10.803296],[122.4157354,10.803525],[122.4157083,10.8035594],[122.4157029,10.8035891],[122.4157123,10.8036161],[122.4157418,10.8036661],[122.4157798,10.8036992],[122.4160831,10.8037944],[122.4163958,10.8039498],[122.4167237,10.8041427],[122.4170072,10.8043979],[122.4171352,10.8045514],[122.4171718,10.8046368],[122.4172223,10.804815],[122.4172554,10.8049981],[122.4172492,10.8051323],[122.4172476,10.8052082],[122.4172533,10.805268],[122.417336,10.8054766],[122.4173605,10.8055934],[122.4173532,10.8057594],[122.4172896,10.8059358],[122.4172186,10.8060258],[122.4170203,10.8062279],[122.4168744,10.8063363],[122.4167867,10.8063903],[122.4167074,10.8064325],[122.416643,10.8065034],[122.416476,10.8067846],[122.4162742,10.8071333],[122.4162125,10.8072136],[122.4160309,10.8073542],[122.4158438,10.8075379],[122.4155763,10.807718],[122.415483,10.8077867],[122.4154005,10.8078343],[122.4153341,10.8079],[122.4152979,10.8079606],[122.4151186,10.8084169],[122.415022,10.8086943],[122.4149289,10.8089095],[122.414751,10.809256],[122.4146186,10.8094836],[122.4145399,10.8096591],[122.4144799,10.8098444],[122.4144283,10.8099803],[122.4142875,10.8102479],[122.4141507,10.8105034],[122.4138292,10.8109902],[122.4135711,10.8113467],[122.4134821,10.8114541],[122.4134136,10.8115969],[122.4133622,10.8117481],[122.4133694,10.8119232],[122.4133468,10.8120729],[122.4133194,10.812224],[122.4132594,10.8124114],[122.4131595,10.8126133],[122.4130679,10.8127999],[122.4128709,10.8130116],[122.412677,10.8132115],[122.4125872,10.8133034],[122.4124347,10.8135367],[122.412359,10.813748],[122.4122718,10.813921],[122.4122056,10.8139721],[122.4121102,10.8140291],[122.4117324,10.8140897],[122.4116333,10.8141191],[122.4115435,10.8141944],[122.4114612,10.8142459],[122.4113263,10.8142679],[122.4111114,10.8142624],[122.4109231,10.8142278],[122.4107504,10.8142073],[122.4104838,10.8142419],[122.4103015,10.8142349],[122.4101058,10.8142396],[122.4098265,10.8142643],[122.4095645,10.8143396],[122.4093124,10.8144399],[122.4088144,10.8144774],[122.4086218,10.8145068],[122.4081111,10.814617],[122.4079446,10.8146923],[122.4078436,10.8147456],[122.4077542,10.8148376],[122.4076903,10.8149422],[122.4076812,10.8151287],[122.4076622,10.815295],[122.4076594,10.8154073],[122.407608,10.8155889],[122.4076341,10.8158278],[122.4075556,10.8161769],[122.4075257,10.8164139],[122.4075599,10.8165499],[122.4076061,10.8167317],[122.4077482,10.8170367],[122.4077464,10.8172884],[122.4077598,10.8174538],[122.4077791,10.8176758],[122.4078148,10.8177937],[122.4078802,10.8179337],[122.4079944,10.8180789],[122.4081349,10.8182673],[122.408171,10.8183908],[122.4081897,10.8185047],[122.4081803,10.8185929],[122.408141,10.8186847],[122.4081242,10.8188005],[122.4081534,10.8188969],[122.4081903,10.8190272],[122.4083142,10.8192306],[122.4084064,10.8193423],[122.4085544,10.8195003],[122.4087415,10.8196627],[122.4090154,10.8199261],[122.4092325,10.8200668],[122.4093191,10.8201606],[122.4093988,10.8203041],[122.4094892,10.8204108],[122.4095677,10.8205183],[122.4096254,10.8206116],[122.4097197,10.8209243],[122.4098002,10.8211393],[122.4098563,10.8212385],[122.4099644,10.8214223],[122.410017,10.8215547],[122.4100545,10.8217226],[122.4100284,10.821887],[122.4098974,10.8220781],[122.4097347,10.8222582],[122.4096094,10.8224253],[122.4095205,10.8225946],[122.4095245,10.8227827]]}},{"type":"Feature","id":247777909,"properties":{"osmWayId":247777909,"name":null,"nameNormalized":null,"highway":"unclassified","routingClass":"local","surface":null,"tracktype":null},"geometry":{"type":"LineString","coordinates":[[122.4378091,10.8433314],[122.4377078,10.8434035],[122.4376005,10.8434536],[122.437107,10.8435247],[122.4367744,10.8437117],[122.4360663,10.8441938],[122.4357149,10.8445204],[122.4352428,10.8445573],[122.4350551,10.8445705],[122.4349022,10.8446574],[122.4348298,10.8447286],[122.4347386,10.8452712],[122.4347332,10.8454161],[122.4347734,10.8455636],[122.4348834,10.8456953],[122.4350417,10.8459561],[122.4351054,10.8462739],[122.4351141,10.8467069],[122.4349451,10.8475156],[122.4347902,10.8484831],[122.4347892,10.8486164],[122.4348204,10.8487498],[122.4350966,10.8493689],[122.4350953,10.8495177],[122.4350993,10.8496336],[122.435043,10.8499023],[122.4349961,10.8500287],[122.4349599,10.8501223],[122.4347024,10.8505161],[122.4346729,10.8506254],[122.4346393,10.8507202],[122.4345589,10.8511641],[122.4344301,10.8518437],[122.4343751,10.8519675],[122.4343067,10.8520808],[122.4339151,10.8527644],[122.4338816,10.8528526],[122.4338427,10.8529659],[122.433714,10.8533057],[122.4336523,10.8533887],[122.4335316,10.853423],[122.43338,10.8534124],[122.4332781,10.8533861],[122.4331876,10.85331],[122.4326183,10.8528105],[122.4321442,10.8523222],[122.4316567,10.8518569],[122.4311478,10.8514213],[122.4303438,10.8507044],[122.4302955,10.8505793],[122.4302754,10.8504423],[122.4302338,10.8503383],[122.4301627,10.8502144],[122.4301171,10.8501143],[122.4300876,10.8499668],[122.4300863,10.8498799],[122.4300903,10.8497666],[122.4300823,10.8495704],[122.4299401,10.8487274],[122.4297416,10.8476842],[122.4296759,10.8474485],[122.4296142,10.8472772],[122.429582,10.8471745],[122.4295646,10.8470639],[122.4295914,10.8469229],[122.4296316,10.8467464],[122.4296585,10.8466476],[122.4296591,10.846562],[122.4296457,10.8464777],[122.4296001,10.846427],[122.4295183,10.8463483]]}},{"type":"Feature","id":250699312,"properties":{"osmWayId":250699312,"name":null,"nameNormalized":null,"highway":"unclassified","routingClass":"local","surface":null,"tracktype":null},"geometry":{"type":"LineString","coordinates":[[122.404917,10.8432629],[122.4049709,10.8433302],[122.4050517,10.8433585],[122.4051882,10.8434001],[122.4052651,10.843434],[122.4053189,10.8434737],[122.4054651,10.8436795],[122.4055804,10.8438363],[122.4056862,10.8439024],[122.4058112,10.8439269],[122.4059535,10.8439402],[122.4060669,10.8440044],[122.4062573,10.8441498],[122.4063803,10.8442197],[122.4065495,10.8443084],[122.4066495,10.8444161],[122.4067207,10.8444557],[122.4067914,10.8445131],[122.4068649,10.8445728],[122.4070129,10.8447409],[122.407286,10.8450525],[122.4074975,10.8452715],[122.4076263,10.8454283],[122.4077205,10.8455907],[122.4077455,10.8456511],[122.4078936,10.8458456],[122.4080359,10.8459929],[122.4081589,10.8460779],[122.4083762,10.8461629],[122.4085339,10.8462082],[122.4087396,10.8462327],[122.4090761,10.8462365],[122.409376,10.8463026],[122.4096606,10.8464065],[122.4099894,10.8465255],[122.4101106,10.8466237],[122.4102048,10.8467577],[122.4103682,10.8469371],[122.4105201,10.8470618],[122.410622,10.8471751],[122.4108201,10.8475018],[122.4108893,10.8476151],[122.4110277,10.8477133],[122.4112123,10.847819],[122.4113392,10.8478946],[122.4114969,10.8479777],[122.411595,10.8480551],[122.4116719,10.848159],[122.411843,10.8483969],[122.4119507,10.848531],[122.4120584,10.8486254]]}},{"type":"Feature","id":250699313,"properties":{"osmWayId":250699313,"name":null,"nameNormalized":null,"highway":"unclassified","routingClass":"local","surface":null,"tracktype":null},"geometry":{"type":"LineString","coordinates":[[122.4134173,10.851766],[122.413525,10.8516646],[122.4135827,10.8515579],[122.4135706,10.8514407],[122.4135384,10.8512273],[122.4134807,10.8509718],[122.413478,10.8507663],[122.4134901,10.850603],[122.4134633,10.8504384],[122.4134378,10.8502671],[122.4133855,10.8501723],[122.413293,10.8501262],[122.4131924,10.8500985],[122.4131354,10.8500801],[122.4130824,10.8500498],[122.4129899,10.8499971],[122.4129041,10.8499141],[122.4128437,10.8498351],[122.4127686,10.8497113],[122.4127069,10.8495585],[122.4126331,10.8494229],[122.4125146,10.8491532],[122.4122469,10.8488331],[122.412135,10.8487124],[122.4120584,10.8486254]]}},{"type":"Feature","id":250699314,"properties":{"osmWayId":250699314,"name":null,"nameNormalized":null,"highway":"unclassified","routingClass":"local","surface":null,"tracktype":null},"geometry":{"type":"LineString","coordinates":[[122.4145878,10.8518337],[122.4147513,10.8520575],[122.4148403,10.8522847],[122.4149435,10.8525363],[122.415038,10.8527047],[122.415105,10.8527859],[122.4151637,10.8528416],[122.4158801,10.8532279]]}},{"type":"Feature","id":274456331,"properties":{"osmWayId":274456331,"name":"Cabañas Street","nameNormalized":"caba as street","highway":"residential","routingClass":"local","surface":null,"tracktype":null},"geometry":{"type":"LineString","coordinates":[[122.3915674,10.807441],[122.3916503,10.807505],[122.3916838,10.8076108],[122.3917247,10.8077249],[122.3918179,10.8078058],[122.391959,10.8079125],[122.3920033,10.8080175],[122.3919798,10.8080765],[122.3917312,10.8083644],[122.3914411,10.808637],[122.3913744,10.808696]]}},{"type":"Feature","id":274456365,"properties":{"osmWayId":274456365,"name":null,"nameNormalized":null,"highway":"residential","routingClass":"local","surface":null,"tracktype":null},"geometry":{"type":"LineString","coordinates":[[122.3915402,10.8074554],[122.3913763,10.8073397],[122.3912536,10.8072679]]}},{"type":"Feature","id":274456373,"properties":{"osmWayId":274456373,"name":null,"nameNormalized":null,"highway":"residential","routingClass":"local","surface":null,"tracktype":null},"geometry":{"type":"LineString","coordinates":[[122.3895995,10.8076557],[122.3893985,10.8075702],[122.3892498,10.8074608],[122.3891061,10.8072954]]}},{"type":"Feature","id":274456390,"properties":{"osmWayId":274456390,"name":"Caigoy Street","nameNormalized":"caigoy street","highway":"residential","routingClass":"local","surface":null,"tracktype":null},"geometry":{"type":"LineString","coordinates":[[122.3896342,10.809122],[122.3895016,10.8089623],[122.3892557,10.8087464],[122.3890898,10.8086282]]}},{"type":"Feature","id":274456394,"properties":{"osmWayId":274456394,"name":null,"nameNormalized":null,"highway":"residential","routingClass":"local","surface":null,"tracktype":null},"geometry":{"type":"LineString","coordinates":[[122.391884,10.8091872],[122.3918023,10.8092272],[122.3916283,10.8093185],[122.391588,10.8094239],[122.3915806,10.8095264],[122.3916316,10.8096615],[122.39172,10.8097873],[122.3917377,10.8098123],[122.3919196,10.8098957],[122.3922433,10.810029],[122.392579,10.8102504],[122.3927385,10.8104716],[122.392877,10.8105868],[122.393033,10.8106891],[122.3931661,10.8109483],[122.3932193,10.8110891],[122.393149,10.8112025],[122.3929254,10.8113836],[122.3927619,10.8115213],[122.3928008,10.8116695],[122.3930044,10.811944],[122.3931296,10.8121679],[122.3931877,10.8123896],[122.3932787,10.8124431],[122.3934534,10.8124073],[122.3936516,10.8124415],[122.3938455,10.8125428],[122.3940316,10.8127719],[122.3942563,10.8131034],[122.3945253,10.8132936],[122.3948656,10.8135817],[122.3951502,10.813809],[122.3952924,10.8139419],[122.3954633,10.8142181],[122.3954022,10.8144378],[122.3954956,10.8146733],[122.3956454,10.815126],[122.3958155,10.8153075],[122.3961087,10.8154784],[122.396378,10.8156525],[122.3963702,10.8159598],[122.3963051,10.8162525],[122.3965039,10.8164209],[122.3967803,10.8166976],[122.3970063,10.8168851],[122.3973211,10.8170532],[122.3976596,10.8173284],[122.3979058,10.8174559],[122.3980505,10.8174688],[122.3982046,10.8173525],[122.398461,10.8173232],[122.3985606,10.8173697],[122.3986826,10.8175772],[122.3988506,10.8176677],[122.3991041,10.8177468],[122.3992556,10.8178805],[122.3995259,10.8182113]]}},{"type":"Feature","id":274456397,"properties":{"osmWayId":274456397,"name":"Cabañas Street","nameNormalized":"caba as street","highway":"residential","routingClass":"local","surface":null,"tracktype":null},"geometry":{"type":"LineString","coordinates":[[122.3894551,10.8097786],[122.3898695,10.8095535],[122.3901258,10.8094304],[122.3905463,10.8091976],[122.3908826,10.8090214],[122.3909355,10.8089954],[122.3911661,10.808863],[122.3913744,10.808696]]}},{"type":"Feature","id":274456398,"properties":{"osmWayId":274456398,"name":"Calumpiano Street","nameNormalized":"calumpiano street","highway":"residential","routingClass":"local","surface":null,"tracktype":null},"geometry":{"type":"LineString","coordinates":[[122.3896342,10.809122],[122.3900877,10.8088963],[122.3905577,10.8086554],[122.3907316,10.8085471],[122.3908339,10.8084612],[122.3909642,10.8083463],[122.3911796,10.8081508],[122.3913853,10.8079862],[122.3917247,10.8077249]]}},{"type":"Feature","id":274635316,"properties":{"osmWayId":274635316,"name":null,"nameNormalized":null,"highway":"unclassified","routingClass":"local","surface":null,"tracktype":null},"geometry":{"type":"LineString","coordinates":[[122.4008876,10.8262081],[122.401066,10.8265654],[122.4012337,10.826846],[122.4013885,10.8269844],[122.4015715,10.8270929],[122.4016714,10.8272229],[122.4016989,10.8273669],[122.4017182,10.8274678],[122.4016352,10.8276056],[122.4013741,10.8278133],[122.401116,10.8282088],[122.4010464,10.828368],[122.4010165,10.8285643],[122.4008911,10.8288826],[122.4008098,10.8291045],[122.400792,10.8293452],[122.4007305,10.8295463],[122.4005885,10.8297101],[122.4003595,10.8299049],[122.400259,10.8299941],[122.4001909,10.8301557],[122.4001584,10.8302032],[122.3999766,10.8301559],[122.3998956,10.8300898],[122.3997525,10.8301638],[122.3994091,10.8304541],[122.3991358,10.830738],[122.3990022,10.8307851],[122.3987216,10.8306251],[122.3984974,10.8305649],[122.3982751,10.8306042],[122.3981797,10.830682],[122.3981466,10.8307351],[122.3981024,10.8308061],[122.3980112,10.8312355],[122.3978161,10.8315665],[122.3976403,10.8317697],[122.3974904,10.8319128],[122.3973459,10.8319809],[122.3969163,10.832029],[122.3967481,10.8320361],[122.3967138,10.8320375],[122.396645,10.8321275],[122.396572,10.8322997],[122.3964872,10.8323446],[122.3963682,10.8323302],[122.3961989,10.8322876],[122.3960477,10.8323184],[122.3959652,10.832443],[122.3959436,10.8326471],[122.3958734,10.8327406],[122.3955156,10.8328827],[122.3952124,10.8329383],[122.3950612,10.8329565],[122.3948639,10.8328904],[122.3947258,10.8329086],[122.394543,10.8330286],[122.3943736,10.8330848],[122.3942982,10.8332003],[122.3942679,10.8335155],[122.3942906,10.8336497],[122.3943597,10.8338214],[122.394423,10.8339563],[122.3944519,10.8340759],[122.3942255,10.8341787],[122.3940545,10.8343247],[122.3940478,10.8345757],[122.3940138,10.8347431],[122.3939176,10.8349219],[122.393887,10.8352761],[122.393879,10.8354883],[122.3938354,10.8355348],[122.3936926,10.8355193],[122.3935643,10.8354999],[122.3934115,10.8356015],[122.3932894,10.8357015],[122.3931708,10.835743],[122.3930739,10.8357433],[122.3929231,10.8355718],[122.3928063,10.8354464],[122.3926016,10.8353187],[122.3924297,10.8351496],[122.392184,10.8349606],[122.3919764,10.8347425],[122.3918166,10.8345457],[122.3917083,10.8344894],[122.3915545,10.8344233],[122.3913792,10.8342971],[122.3911959,10.8342183],[122.3910907,10.8340762],[122.3910552,10.8339393]]}},{"type":"Feature","id":274635325,"properties":{"osmWayId":274635325,"name":null,"nameNormalized":null,"highway":"unclassified","routingClass":"local","surface":null,"tracktype":null},"geometry":{"type":"LineString","coordinates":[[122.4030088,10.8257854],[122.4033514,10.8257465],[122.4036169,10.8258505],[122.4039696,10.8259743],[122.4041694,10.8260336],[122.4045101,10.8259981],[122.4048507,10.8260547],[122.4051015,10.8261377],[122.4052745,10.8262531],[122.4055293,10.8264222],[122.4058801,10.8264843],[122.4063409,10.8266656],[122.4067273,10.8268426],[122.4069965,10.8269333],[122.407093,10.8269043],[122.4071799,10.8268309]]}},{"type":"Feature","id":274635339,"properties":{"osmWayId":274635339,"name":null,"nameNormalized":null,"highway":"unclassified","routingClass":"local","surface":null,"tracktype":null},"geometry":{"type":"LineString","coordinates":[[122.4109299,10.8255779],[122.4105219,10.8258221],[122.4100819,10.8260452],[122.4098026,10.8259757],[122.4095769,10.8258368],[122.409241,10.8255367],[122.4088745,10.8253137],[122.4087217,10.8251374],[122.4085858,10.8248915],[122.4084029,10.8247834],[122.4081901,10.8244964],[122.4079299,10.8243858],[122.4076939,10.8243383],[122.4072691,10.8247137],[122.4071837,10.8249075],[122.4071772,10.8251596],[122.4072099,10.8254832],[122.4072901,10.8256956],[122.4071785,10.8261656],[122.407218,10.8266701],[122.4071799,10.8268309]]}},{"type":"Feature","id":274635356,"properties":{"osmWayId":274635356,"name":null,"nameNormalized":null,"highway":"unclassified","routingClass":"local","surface":null,"tracktype":null},"geometry":{"type":"LineString","coordinates":[[122.3977687,10.84481],[122.3977981,10.8445345],[122.3978068,10.8441512],[122.3976816,10.8438178],[122.397571,10.8434462],[122.3976173,10.8430615],[122.3975139,10.8427431],[122.3975437,10.8425624],[122.3977335,10.8423721],[122.3977293,10.8422297],[122.3976267,10.8421338],[122.3974202,10.8420968],[122.397102,10.8422072],[122.396676,10.8423089],[122.3965452,10.8421857],[122.3963817,10.841881],[122.3961076,10.8416265],[122.3960087,10.84146],[122.3960024,10.8412601],[122.3960757,10.8409605],[122.3962508,10.8406759],[122.396266,10.8405087],[122.3961987,10.8402729],[122.3961879,10.8401224],[122.3962954,10.8399009],[122.3964068,10.8398321],[122.3966071,10.8399094],[122.3970421,10.8401409],[122.3972438,10.8402132],[122.397403,10.8402112]]}},{"type":"Feature","id":301841064,"properties":{"osmWayId":301841064,"name":null,"nameNormalized":null,"highway":"residential","routingClass":"local","surface":null,"tracktype":null},"geometry":{"type":"LineString","coordinates":[[122.3927158,10.7963263],[122.3929707,10.7966946],[122.3932659,10.7970893],[122.3933108,10.7971794],[122.3933487,10.7975071],[122.3934453,10.7975232],[122.3937283,10.7975113],[122.3939164,10.7975985],[122.3940576,10.7977108],[122.3940637,10.7979293],[122.3939417,10.7981967],[122.393686,10.7985153],[122.3935935,10.798703],[122.3934708,10.7989731],[122.3934091,10.7992655],[122.3935272,10.7997931]]}},{"type":"Feature","id":301841065,"properties":{"osmWayId":301841065,"name":null,"nameNormalized":null,"highway":"residential","routingClass":"local","surface":null,"tracktype":null},"geometry":{"type":"LineString","coordinates":[[122.3940939,10.7955368],[122.3941646,10.7955493],[122.3942132,10.7955887],[122.3943448,10.7956955],[122.3947326,10.7961772],[122.3949684,10.7963614],[122.395316,10.7965942],[122.395734,10.7970255],[122.3960615,10.7974307],[122.3961766,10.797527],[122.3966671,10.7979686],[122.3967544,10.7980743]]}},{"type":"Feature","id":301841069,"properties":{"osmWayId":301841069,"name":null,"nameNormalized":null,"highway":"residential","routingClass":"local","surface":null,"tracktype":null},"geometry":{"type":"LineString","coordinates":[[122.3961766,10.797527],[122.3963195,10.7974424],[122.3964792,10.797488],[122.3966183,10.7976516],[122.3967684,10.7978563],[122.3968128,10.7979638],[122.3967544,10.7980743]]}},{"type":"Feature","id":557185753,"properties":{"osmWayId":557185753,"name":null,"nameNormalized":null,"highway":"unclassified","routingClass":"local","surface":null,"tracktype":null},"geometry":{"type":"LineString","coordinates":[[122.4251148,10.8385384],[122.4250274,10.8384343],[122.4249567,10.8383057],[122.4248485,10.8381377],[122.4247849,10.8380519],[122.4247004,10.838036],[122.4245213,10.8380276],[122.423771,10.8380555],[122.4235695,10.838063],[122.423143,10.8380788],[122.4227089,10.8380441],[122.4225111,10.838052],[122.4220455,10.8381772],[122.421598,10.8382814],[122.4213758,10.8382981],[122.4211725,10.8382704],[122.4211074,10.8382348],[122.4209958,10.8380304],[122.4209579,10.8379576],[122.4209007,10.8379303],[122.4208226,10.8379393],[122.4200159,10.8381771],[122.4198082,10.838271],[122.4196833,10.8383377],[122.4196511,10.838368],[122.4196395,10.8384151],[122.4196585,10.8386916],[122.4196547,10.8388455],[122.4196109,10.8390068],[122.4195311,10.8391747],[122.4192798,10.8394354],[122.4191657,10.8395284],[122.419025,10.8395988],[122.4187843,10.8396336],[122.418625,10.8395849],[122.418349,10.839425],[122.4180986,10.8392705],[122.4179828,10.8392254],[122.4178393,10.8391991],[122.4175279,10.8392825],[122.4173014,10.8394007],[122.4171209,10.839571],[122.4169809,10.8397967],[122.4168608,10.8400071],[122.4166328,10.8404669],[122.4165298,10.8407911],[122.4164432,10.8411671],[122.4164028,10.8414164],[122.4161916,10.8418141],[122.4159388,10.8423101],[122.4157512,10.8426682],[122.4156895,10.8427976],[122.415667,10.842921],[122.4156636,10.8435915],[122.4156332,10.8437249],[122.4155707,10.8437979],[122.4152451,10.8439508],[122.4148877,10.8441663],[122.4145727,10.8443019],[122.4144477,10.844315],[122.4142895,10.8442949],[122.4140489,10.8441385],[122.4138754,10.8440029],[122.4136879,10.8439334],[122.4134755,10.8439056],[122.4131747,10.8438118],[122.4128703,10.8434676],[122.4126509,10.8432208],[122.4123217,10.8429219],[122.412074,10.8428176],[122.4117979,10.8425986],[122.4116033,10.8424075],[122.4114157,10.8422823],[122.4112883,10.8422163],[122.4107503,10.8422476],[122.410407,10.8422858],[122.4101062,10.8422754],[122.409524,10.8422927],[122.4090664,10.8423139],[122.4087097,10.8423718],[122.4083905,10.8424272],[122.4082832,10.8424535],[122.4080331,10.8424619],[122.407832,10.8424671],[122.4077676,10.842583],[122.4077005,10.8428412],[122.4074618,10.8431837],[122.4072928,10.8434155],[122.4070756,10.8435709],[122.4069468,10.8437237],[122.4069254,10.8438633],[122.4069106,10.8439568],[122.4068972,10.8440938],[122.4068503,10.844215],[122.4068516,10.8442222],[122.406812,10.8443625],[122.4067914,10.8445131]]}},{"type":"Feature","id":557185756,"properties":{"osmWayId":557185756,"name":null,"nameNormalized":null,"highway":"service","routingClass":"local","surface":null,"tracktype":null},"geometry":{"type":"LineString","coordinates":[[122.4247849,10.8380519],[122.4248037,10.8379544],[122.4247795,10.8378398],[122.4247313,10.837658],[122.4247085,10.837579],[122.424691,10.8374275]]}},{"type":"Feature","id":653834336,"properties":{"osmWayId":653834336,"name":null,"nameNormalized":null,"highway":"residential","routingClass":"local","surface":null,"tracktype":null},"geometry":{"type":"LineString","coordinates":[[122.4295743,10.803788],[122.4291464,10.8038359],[122.4289885,10.8037665],[122.4288932,10.8037509],[122.4288499,10.803752]]}},{"type":"Feature","id":653834337,"properties":{"osmWayId":653834337,"name":null,"nameNormalized":null,"highway":"residential","routingClass":"local","surface":null,"tracktype":null},"geometry":{"type":"LineString","coordinates":[[122.4288499,10.803752],[122.4288032,10.803763],[122.428772,10.8037775],[122.428735,10.8038093]]}},{"type":"Feature","id":653834338,"properties":{"osmWayId":653834338,"name":null,"nameNormalized":null,"highway":"residential","routingClass":"local","surface":null,"tracktype":null},"geometry":{"type":"LineString","coordinates":[[122.4285499,10.8038131],[122.4285768,10.8038464],[122.428603,10.8038703],[122.4286312,10.8038743],[122.4286661,10.803865],[122.428735,10.8038093]]}},{"type":"Feature","id":653834339,"properties":{"osmWayId":653834339,"name":null,"nameNormalized":null,"highway":"residential","routingClass":"local","surface":null,"tracktype":null},"geometry":{"type":"LineString","coordinates":[[122.4284909,10.8037578],[122.4284031,10.8036979]]}},{"type":"Feature","id":653834340,"properties":{"osmWayId":653834340,"name":null,"nameNormalized":null,"highway":"residential","routingClass":"local","surface":null,"tracktype":null},"geometry":{"type":"LineString","coordinates":[[122.4284909,10.8037578],[122.4285499,10.8038131]]}},{"type":"Feature","id":666057822,"properties":{"osmWayId":666057822,"name":null,"nameNormalized":null,"highway":"residential","routingClass":"local","surface":null,"tracktype":null},"geometry":{"type":"LineString","coordinates":[[122.391187,10.7962107],[122.3911104,10.7962064],[122.3910291,10.7961306],[122.3909438,10.7960028],[122.3908462,10.7958311],[122.3907649,10.7957632],[122.3906429,10.7957751],[122.3905006,10.795839],[122.3903258,10.795855],[122.3901551,10.795875],[122.3898989,10.7959149],[122.3897038,10.7959988],[122.3892647,10.7960507],[122.3890247,10.7959917],[122.3889492,10.7959902],[122.3888907,10.7960432],[122.388866,10.7961052],[122.3888383,10.7962112],[122.388759,10.7962464],[122.3886283,10.7962694],[122.3884929,10.7963106],[122.3881846,10.7962923],[122.3880118,10.7962739],[122.387727,10.796384],[122.3875168,10.7964895],[122.387344,10.7964895],[122.3871432,10.7964987]]}},{"type":"Feature","id":666057823,"properties":{"osmWayId":666057823,"name":null,"nameNormalized":null,"highway":"service","routingClass":"local","surface":null,"tracktype":null},"geometry":{"type":"LineString","coordinates":[[122.3882165,10.8103373],[122.3883775,10.8104532],[122.3885438,10.8105639],[122.3887235,10.8105797],[122.3889622,10.8105296],[122.3893887,10.8105375],[122.3896113,10.810556]]}},{"type":"Feature","id":668036373,"properties":{"osmWayId":668036373,"name":null,"nameNormalized":null,"highway":"residential","routingClass":"local","surface":null,"tracktype":null},"geometry":{"type":"LineString","coordinates":[[122.3854311,10.8157542],[122.385709,10.8157469],[122.386051,10.8157469],[122.3863529,10.8158377]]}},{"type":"Feature","id":716995503,"properties":{"osmWayId":716995503,"name":null,"nameNormalized":null,"highway":"service","routingClass":"local","surface":null,"tracktype":null},"geometry":{"type":"LineString","coordinates":[[122.4243051,10.8245895],[122.4243868,10.8244409],[122.4246459,10.8240307]]}},{"type":"Feature","id":716995504,"properties":{"osmWayId":716995504,"name":null,"nameNormalized":null,"highway":"residential","routingClass":"local","surface":null,"tracktype":null},"geometry":{"type":"LineString","coordinates":[[122.4283643,10.7960605],[122.4276355,10.796463],[122.4273782,10.7965917],[122.427124,10.7966987],[122.4269942,10.7967552],[122.4267697,10.7970043]]}},{"type":"Feature","id":716995505,"properties":{"osmWayId":716995505,"name":null,"nameNormalized":null,"highway":"unclassified","routingClass":"local","surface":null,"tracktype":null},"geometry":{"type":"LineString","coordinates":[[122.4297463,10.8051488],[122.4299772,10.8051353],[122.4303259,10.8053461],[122.4305029,10.805383],[122.4315061,10.8049825],[122.4319249,10.8048688],[122.4320818,10.8048715],[122.4322589,10.804994],[122.4324104,10.8050309],[122.4325277,10.8050054],[122.4329066,10.8049229],[122.4331266,10.8049242],[122.4332476,10.8050028],[122.4332929,10.8050322],[122.4335369,10.8055262],[122.4336362,10.8056737],[122.4337837,10.8057778],[122.4340546,10.8060755],[122.4344757,10.806642],[122.4345267,10.8069845],[122.4344945,10.8071215],[122.4342906,10.8072664],[122.433891,10.8075852],[122.4337086,10.8078776],[122.433545,10.8081701],[122.4334699,10.8082754]]}},{"type":"Feature","id":776634819,"properties":{"osmWayId":776634819,"name":null,"nameNormalized":null,"highway":"residential","routingClass":"local","surface":null,"tracktype":null},"geometry":{"type":"LineString","coordinates":[[122.4307622,10.8277381],[122.431012,10.8277218],[122.4312131,10.827727],[122.4312477,10.8277144],[122.4312732,10.8276762],[122.4312825,10.8275919],[122.4313067,10.8275524],[122.4313687,10.8275295],[122.4315431,10.8274926],[122.4317147,10.8274478],[122.4320768,10.8272976],[122.432452,10.8271309],[122.4325556,10.8273477],[122.4325868,10.8273667],[122.4326186,10.8273661],[122.4329951,10.8272204],[122.4333069,10.827119],[122.4333586,10.8271197],[122.4333908,10.8271704],[122.4335252,10.8275584],[122.4336673,10.8280432],[122.43378,10.8284041],[122.4338119,10.8284758],[122.4338722,10.8288143],[122.4338968,10.8290656]]}},{"type":"Feature","id":776634820,"properties":{"osmWayId":776634820,"name":null,"nameNormalized":null,"highway":"residential","routingClass":"local","surface":null,"tracktype":null},"geometry":{"type":"LineString","coordinates":[[122.4338119,10.8284758],[122.4340748,10.828453],[122.4343703,10.8283835],[122.4346889,10.8283157],[122.4352852,10.8281888],[122.4354333,10.8281642],[122.4354516,10.828154],[122.4354648,10.828132],[122.4355471,10.8278481],[122.4356002,10.8277717],[122.4356114,10.8277696],[122.4356922,10.8277543],[122.4358727,10.8278759],[122.4359647,10.8278898],[122.436124,10.8278586]]}},{"type":"Feature","id":776634821,"properties":{"osmWayId":776634821,"name":null,"nameNormalized":null,"highway":"residential","routingClass":"local","surface":null,"tracktype":null},"geometry":{"type":"LineString","coordinates":[[122.4307837,10.8267812],[122.4309385,10.8267274],[122.4311628,10.8266475],[122.4315578,10.8265366],[122.4318939,10.8264328],[122.4323464,10.8262937],[122.4324226,10.8263134],[122.432474,10.8263431],[122.4325645,10.8266028],[122.4325633,10.8267225],[122.4325134,10.8268847],[122.432452,10.8271309]]}},{"type":"Feature","id":776634823,"properties":{"osmWayId":776634823,"name":null,"nameNormalized":null,"highway":"service","routingClass":"local","surface":null,"tracktype":null},"geometry":{"type":"LineString","coordinates":[[122.4343504,10.8205857],[122.4344455,10.8203347],[122.4344382,10.8203029],[122.4343825,10.8202545],[122.4342821,10.820204],[122.4340859,10.8202682]]}},{"type":"Feature","id":776898298,"properties":{"osmWayId":776898298,"name":null,"nameNormalized":null,"highway":"service","routingClass":"local","surface":null,"tracktype":null},"geometry":{"type":"LineString","coordinates":[[122.4303841,10.8252082],[122.4303832,10.8262321]]}},{"type":"Feature","id":776898299,"properties":{"osmWayId":776898299,"name":null,"nameNormalized":null,"highway":"service","routingClass":"local","surface":null,"tracktype":null},"geometry":{"type":"LineString","coordinates":[[122.4303841,10.8252082],[122.4291975,10.8252733]]}},{"type":"Feature","id":776898300,"properties":{"osmWayId":776898300,"name":null,"nameNormalized":null,"highway":"service","routingClass":"local","surface":null,"tracktype":null},"geometry":{"type":"LineString","coordinates":[[122.4303841,10.8252082],[122.4306724,10.8251941]]}},{"type":"Feature","id":776898301,"properties":{"osmWayId":776898301,"name":null,"nameNormalized":null,"highway":"residential","routingClass":"local","surface":null,"tracktype":null},"geometry":{"type":"LineString","coordinates":[[122.4327539,10.825529],[122.4326519,10.8252445],[122.4327029,10.8248862]]}},{"type":"Feature","id":776915493,"properties":{"osmWayId":776915493,"name":"Caigoy Street","nameNormalized":"caigoy street","highway":"residential","routingClass":"local","surface":null,"tracktype":null},"geometry":{"type":"LineString","coordinates":[[122.3898695,10.8095535],[122.3900073,10.8099117]]}},{"type":"Feature","id":776915972,"properties":{"osmWayId":776915972,"name":null,"nameNormalized":null,"highway":"track","routingClass":"local","surface":null,"tracktype":null},"geometry":{"type":"LineString","coordinates":[[122.3964068,10.8398321],[122.3958546,10.83956],[122.3957204,10.8393071],[122.3957312,10.8390594],[122.3956829,10.838796],[122.3955595,10.8384904],[122.3955541,10.8381268],[122.3955756,10.8380267],[122.3956185,10.8379792],[122.3957795,10.8378949],[122.3959136,10.8377896],[122.3960746,10.8375419],[122.3961604,10.8374681],[122.3962624,10.8374154],[122.3964287,10.8373627],[122.396536,10.8372995],[122.3966809,10.8371414],[122.396815,10.837036],[122.3968901,10.8370097],[122.3970082,10.8370255],[122.3972091,10.8369441],[122.3974022,10.8366069],[122.3975819,10.8360747],[122.3975873,10.8358271],[122.3975712,10.83559],[122.3976704,10.835403],[122.3976986,10.8352291],[122.3977067,10.8350447],[122.3977415,10.8348537],[122.3976678,10.8344849],[122.3975793,10.8341529],[122.3975994,10.8339909],[122.3976906,10.8337117],[122.3987018,10.8334614],[122.3990022,10.8333284],[122.3990732,10.8330873],[122.3989284,10.8329266],[122.3984322,10.8327422],[122.3982525,10.8324682],[122.398113,10.8320994]]}},{"type":"Feature","id":810700890,"properties":{"osmWayId":810700890,"name":null,"nameNormalized":null,"highway":"unclassified","routingClass":"local","surface":"ground","tracktype":null},"geometry":{"type":"LineString","coordinates":[[122.3854772,10.8466676],[122.3859428,10.8460228],[122.3861205,10.8457683],[122.3865913,10.8455654],[122.3870838,10.8453805],[122.3873748,10.8451091],[122.3876471,10.8448823],[122.3877409,10.8446435],[122.3877097,10.8442198],[122.387691,10.843917],[122.3876245,10.8436614],[122.3874751,10.8435392],[122.3871562,10.8436215],[122.3868597,10.8437152],[122.3867196,10.84344],[122.3867782,10.8429924],[122.3867944,10.8426236],[122.3867181,10.8423851],[122.3865609,10.8422842],[122.3864498,10.8420484],[122.3868554,10.8412526],[122.3869609,10.8408015],[122.3872218,10.8407231],[122.3875229,10.8407339],[122.3875416,10.8406238],[122.3874482,10.8405505],[122.3870652,10.8405321],[122.3868971,10.8404771],[122.3867155,10.8404005],[122.3865219,10.8398148],[122.3863154,10.8397363],[122.3862807,10.8396698],[122.3862713,10.8395597],[122.3860098,10.8394221],[122.385711,10.839474],[122.3850251,10.8397299],[122.3845995,10.8396423],[122.3844435,10.8394659],[122.3842819,10.8392387],[122.3838188,10.8392777],[122.3835728,10.8391991],[122.3834413,10.838991],[122.3832589,10.8388751],[122.3830591,10.8388118],[122.3828593,10.8388303],[122.3826377,10.8387247]]}},{"type":"Feature","id":819783533,"properties":{"osmWayId":819783533,"name":null,"nameNormalized":null,"highway":"residential","routingClass":"local","surface":null,"tracktype":null},"geometry":{"type":"LineString","coordinates":[[122.4213235,10.8273087],[122.4213597,10.8275129],[122.4213731,10.8275972],[122.4213624,10.8276815],[122.4211505,10.8280661]]}},{"type":"Feature","id":821692536,"properties":{"osmWayId":821692536,"name":null,"nameNormalized":null,"highway":"service","routingClass":"local","surface":null,"tracktype":null},"geometry":{"type":"LineString","coordinates":[[122.4286977,10.8029778],[122.4294653,10.8028311]]}},{"type":"Feature","id":821696577,"properties":{"osmWayId":821696577,"name":null,"nameNormalized":null,"highway":"service","routingClass":"local","surface":null,"tracktype":null},"geometry":{"type":"LineString","coordinates":[[122.4303607,10.820835],[122.4308035,10.820617]]}},{"type":"Feature","id":821705498,"properties":{"osmWayId":821705498,"name":null,"nameNormalized":null,"highway":"residential","routingClass":"local","surface":null,"tracktype":null},"geometry":{"type":"LineString","coordinates":[[122.4311337,10.8270031],[122.430798,10.8270256]]}},{"type":"Feature","id":821705710,"properties":{"osmWayId":821705710,"name":null,"nameNormalized":null,"highway":"residential","routingClass":"local","surface":null,"tracktype":null},"geometry":{"type":"LineString","coordinates":[[122.4311766,10.8255548],[122.4312199,10.8258392]]}},{"type":"Feature","id":821705711,"properties":{"osmWayId":821705711,"name":null,"nameNormalized":null,"highway":"residential","routingClass":"local","surface":null,"tracktype":null},"geometry":{"type":"LineString","coordinates":[[122.4302982,10.8274246],[122.4304578,10.8274062],[122.4307072,10.8273495],[122.4308071,10.8273272]]}},{"type":"Feature","id":821705712,"properties":{"osmWayId":821705712,"name":null,"nameNormalized":null,"highway":"residential","routingClass":"local","surface":null,"tracktype":null},"geometry":{"type":"LineString","coordinates":[[122.4304484,10.8287642],[122.4307086,10.8287655]]}},{"type":"Feature","id":821705713,"properties":{"osmWayId":821705713,"name":null,"nameNormalized":null,"highway":"residential","routingClass":"local","surface":null,"tracktype":null},"geometry":{"type":"LineString","coordinates":[[122.4310398,10.8292305],[122.4309419,10.8291805],[122.4309084,10.8291423],[122.4308614,10.8290738],[122.4308386,10.8290303],[122.4308185,10.8290158],[122.4307877,10.8290092],[122.4306911,10.8289974]]}},{"type":"Feature","id":821705789,"properties":{"osmWayId":821705789,"name":null,"nameNormalized":null,"highway":"residential","routingClass":"local","surface":null,"tracktype":null},"geometry":{"type":"LineString","coordinates":[[122.4302714,10.8230211],[122.4303062,10.8230883],[122.4303223,10.8231396],[122.430325,10.8232885],[122.4303196,10.8234021]]}},{"type":"Feature","id":821705790,"properties":{"osmWayId":821705790,"name":null,"nameNormalized":null,"highway":"service","routingClass":"local","surface":null,"tracktype":null},"geometry":{"type":"LineString","coordinates":[[122.4251524,10.8246426],[122.4250341,10.8248859]]}},{"type":"Feature","id":821707014,"properties":{"osmWayId":821707014,"name":null,"nameNormalized":null,"highway":"residential","routingClass":"local","surface":null,"tracktype":null},"geometry":{"type":"LineString","coordinates":[[122.4316755,10.8003267],[122.432043,10.8004663]]}},{"type":"Feature","id":821707015,"properties":{"osmWayId":821707015,"name":null,"nameNormalized":null,"highway":"residential","routingClass":"local","surface":null,"tracktype":null},"geometry":{"type":"LineString","coordinates":[[122.4320027,10.7999341],[122.4319947,10.8000895],[122.4320081,10.8003161],[122.432043,10.8004663],[122.43211,10.8006086],[122.4322173,10.8007798],[122.4322656,10.8009485],[122.4323648,10.8013621],[122.4324104,10.8016229],[122.4325553,10.802192],[122.4329603,10.8035199],[122.4332044,10.8041917],[122.4332499,10.8044289],[122.433266,10.8047766],[122.4332476,10.8050028]]}},{"type":"Feature","id":821707016,"properties":{"osmWayId":821707016,"name":null,"nameNormalized":null,"highway":"residential","routingClass":"local","surface":null,"tracktype":null},"geometry":{"type":"LineString","coordinates":[[122.4309352,10.7999631],[122.4311283,10.8005216],[122.4312893,10.800959]]}},{"type":"Feature","id":821707017,"properties":{"osmWayId":821707017,"name":null,"nameNormalized":null,"highway":"residential","routingClass":"local","surface":null,"tracktype":null},"geometry":{"type":"LineString","coordinates":[[122.4292912,10.8013717],[122.4294519,10.8013726],[122.4296665,10.8013726],[122.4299481,10.8013568],[122.4304014,10.8012699],[122.4307367,10.8011619],[122.4310693,10.8010433],[122.4312893,10.800959],[122.4314448,10.8008431],[122.4315333,10.8007324],[122.4316111,10.800548],[122.4316755,10.8003267],[122.4317506,10.8000869],[122.4317908,10.8000263],[122.4318632,10.7999921],[122.4319491,10.799971],[122.4320027,10.7999341],[122.4320832,10.7998182],[122.4321583,10.7996654],[122.4321958,10.7995152],[122.4322119,10.7992781],[122.4321932,10.7987379],[122.432169,10.7983954],[122.4321368,10.7981662],[122.4320778,10.7979844],[122.4320269,10.7977051],[122.4319437,10.7974917],[122.4319276,10.7973942],[122.4319383,10.7972915],[122.4319705,10.7970254],[122.4319866,10.7967435],[122.432,10.7965775],[122.4319893,10.7964694],[122.4319625,10.7963193],[122.4318337,10.7959188],[122.4317908,10.7957633],[122.431764,10.795542]]}},{"type":"Feature","id":821707018,"properties":{"osmWayId":821707018,"name":null,"nameNormalized":null,"highway":"residential","routingClass":"local","surface":null,"tracktype":null},"geometry":{"type":"LineString","coordinates":[[122.4290925,10.7988539],[122.4292172,10.7988486],[122.4293929,10.7988275],[122.4295834,10.7987932],[122.4298677,10.7987735]]}},{"type":"Feature","id":821707019,"properties":{"osmWayId":821707019,"name":null,"nameNormalized":null,"highway":"residential","routingClass":"local","surface":null,"tracktype":null},"geometry":{"type":"LineString","coordinates":[[122.4291323,10.7985402],[122.4292286,10.7985404],[122.4293252,10.7985272],[122.4294137,10.7984824],[122.4295143,10.7984461],[122.4295941,10.7984125],[122.4295968,10.7983427],[122.4295894,10.7982834],[122.4296068,10.7982525],[122.4296658,10.7982334],[122.4298073,10.7981807],[122.4298858,10.7981465],[122.4301265,10.7980292],[122.4302794,10.7979739],[122.4304926,10.7980674],[122.4308789,10.797908],[122.4320269,10.7977051]]}},{"type":"Feature","id":821707020,"properties":{"osmWayId":821707020,"name":null,"nameNormalized":null,"highway":"residential","routingClass":"local","surface":null,"tracktype":null},"geometry":{"type":"LineString","coordinates":[[122.4281939,10.7957579],[122.4280867,10.7959161],[122.4278989,10.7961691],[122.4277917,10.7962745],[122.4276844,10.7963456],[122.4276414,10.7964088],[122.4276355,10.796463]]}},{"type":"Feature","id":821707027,"properties":{"osmWayId":821707027,"name":null,"nameNormalized":null,"highway":"residential","routingClass":"local","surface":null,"tracktype":null},"geometry":{"type":"LineString","coordinates":[[122.4279539,10.8334326],[122.4274564,10.8335642],[122.4272794,10.8336353],[122.427164,10.8337143],[122.427046,10.8338671]]}},{"type":"Feature","id":821707028,"properties":{"osmWayId":821707028,"name":null,"nameNormalized":null,"highway":"service","routingClass":"local","surface":null,"tracktype":null},"geometry":{"type":"LineString","coordinates":[[122.4304929,10.8295255],[122.4303572,10.8293833],[122.4303277,10.8293767],[122.4302807,10.8293952]]}},{"type":"Feature","id":821707029,"properties":{"osmWayId":821707029,"name":null,"nameNormalized":null,"highway":"residential","routingClass":"local","surface":null,"tracktype":null},"geometry":{"type":"LineString","coordinates":[[122.4306656,10.8294874],[122.4304929,10.8295255],[122.4304417,10.8295486]]}},{"type":"Feature","id":821707030,"properties":{"osmWayId":821707030,"name":null,"nameNormalized":null,"highway":"residential","routingClass":"local","surface":null,"tracktype":null},"geometry":{"type":"LineString","coordinates":[[122.4302942,10.8330215],[122.4307769,10.8329846],[122.4310344,10.8329951],[122.4311256,10.8330689],[122.4312276,10.8331585],[122.4313241,10.8332006],[122.4314636,10.8332006],[122.4320483,10.8331532],[122.4322307,10.8331795],[122.4323004,10.8332428],[122.4323595,10.8334008],[122.4325204,10.8336801],[122.4326223,10.8339277],[122.4326478,10.8339804],[122.4327081,10.83402],[122.4328329,10.8340568]]}},{"type":"Feature","id":821707031,"properties":{"osmWayId":821707031,"name":null,"nameNormalized":null,"highway":"service","routingClass":"local","surface":null,"tracktype":null},"geometry":{"type":"LineString","coordinates":[[122.4297792,10.8358166],[122.4294788,10.8357823],[122.4291891,10.8357639]]}},{"type":"Feature","id":821714681,"properties":{"osmWayId":821714681,"name":null,"nameNormalized":null,"highway":"residential","routingClass":"local","surface":null,"tracktype":null},"geometry":{"type":"LineString","coordinates":[[122.432574,10.8233161],[122.432861,10.8237271],[122.4328892,10.8238443],[122.4329435,10.8238542],[122.4330186,10.8238687],[122.4330696,10.8239148],[122.4330662,10.8240169],[122.4330582,10.8241104],[122.43303,10.8242777],[122.4329925,10.8244042],[122.4329871,10.8245129],[122.433034,10.8246993],[122.4330335,10.8247333],[122.4330146,10.8247506],[122.4327739,10.8247888],[122.432739,10.8247994],[122.4327028,10.8248362],[122.4327029,10.8248862]]}},{"type":"Feature","id":821716224,"properties":{"osmWayId":821716224,"name":null,"nameNormalized":null,"highway":"service","routingClass":"local","surface":null,"tracktype":null},"geometry":{"type":"LineString","coordinates":[[122.4330615,10.8209754],[122.4331145,10.8210307],[122.4331299,10.8210499],[122.4331453,10.82109],[122.4331366,10.821121],[122.4329569,10.821335]]}},{"type":"Feature","id":821716711,"properties":{"osmWayId":821716711,"name":null,"nameNormalized":null,"highway":"residential","routingClass":"local","surface":null,"tracktype":null},"geometry":{"type":"LineString","coordinates":[[122.43311,10.8222182],[122.4331708,10.8221938],[122.4332285,10.8221846],[122.4332781,10.8222057],[122.4333116,10.8222439],[122.4333894,10.8222742],[122.4334712,10.8222755],[122.4335504,10.822265],[122.4336657,10.8222202],[122.4337757,10.8222255],[122.4338534,10.8222834]]}},{"type":"Feature","id":821719364,"properties":{"osmWayId":821719364,"name":null,"nameNormalized":null,"highway":"residential","routingClass":"local","surface":null,"tracktype":null},"geometry":{"type":"LineString","coordinates":[[122.4335597,10.8252064],[122.4337918,10.8256332]]}},{"type":"Feature","id":821719365,"properties":{"osmWayId":821719365,"name":null,"nameNormalized":null,"highway":"residential","routingClass":"local","surface":null,"tracktype":null},"geometry":{"type":"LineString","coordinates":[[122.4333948,10.8252762],[122.4335664,10.825703]]}},{"type":"Feature","id":821719445,"properties":{"osmWayId":821719445,"name":null,"nameNormalized":null,"highway":"residential","routingClass":"local","surface":null,"tracktype":null},"geometry":{"type":"LineString","coordinates":[[122.4327749,10.8255175],[122.4328838,10.8257201]]}},{"type":"Feature","id":821721081,"properties":{"osmWayId":821721081,"name":null,"nameNormalized":null,"highway":"residential","routingClass":"local","surface":null,"tracktype":null},"geometry":{"type":"LineString","coordinates":[[122.4280947,10.8398116],[122.4285802,10.8399235]]}},{"type":"Feature","id":821721082,"properties":{"osmWayId":821721082,"name":null,"nameNormalized":null,"highway":"residential","routingClass":"local","surface":null,"tracktype":null},"geometry":{"type":"LineString","coordinates":[[122.4279848,10.8394546],[122.4286366,10.8392689],[122.4286728,10.8392623],[122.4287518,10.8392531]]}},{"type":"Feature","id":821721275,"properties":{"osmWayId":821721275,"name":null,"nameNormalized":null,"highway":"residential","routingClass":"local","surface":null,"tracktype":null},"geometry":{"type":"LineString","coordinates":[[122.4330264,10.8196383],[122.4332748,10.8196845],[122.4334618,10.8197089],[122.433536,10.8197182]]}},{"type":"Feature","id":821721276,"properties":{"osmWayId":821721276,"name":null,"nameNormalized":null,"highway":"residential","routingClass":"local","surface":null,"tracktype":null},"geometry":{"type":"LineString","coordinates":[[122.433536,10.8197182],[122.4340519,10.8193012]]}},{"type":"Feature","id":821721277,"properties":{"osmWayId":821721277,"name":null,"nameNormalized":null,"highway":"residential","routingClass":"local","surface":null,"tracktype":null},"geometry":{"type":"LineString","coordinates":[[122.4335936,10.8198931],[122.4340017,10.8197615]]}},{"type":"Feature","id":821721864,"properties":{"osmWayId":821721864,"name":null,"nameNormalized":null,"highway":"residential","routingClass":"local","surface":null,"tracktype":null},"geometry":{"type":"LineString","coordinates":[[122.4269333,10.8409694],[122.4270755,10.8409773],[122.4272096,10.8409694],[122.4273169,10.8409746],[122.4274161,10.8409931],[122.4274912,10.8410168],[122.4275771,10.8410431],[122.4276254,10.8410563],[122.4277005,10.8410589],[122.4277635,10.8410458],[122.4278198,10.8410339],[122.4278963,10.8410089],[122.4279687,10.8409852],[122.4280465,10.8409707],[122.4281055,10.8409615],[122.4281591,10.8409615],[122.4282007,10.8409641],[122.4282691,10.8409826]]}},{"type":"Feature","id":821783077,"properties":{"osmWayId":821783077,"name":null,"nameNormalized":null,"highway":"service","routingClass":"local","surface":null,"tracktype":null},"geometry":{"type":"LineString","coordinates":[[122.4292517,10.8010065],[122.4294198,10.8009932],[122.4294788,10.8009959],[122.4295136,10.8010117],[122.4295351,10.8010683],[122.4295726,10.8013055]]}},{"type":"Feature","id":822005892,"properties":{"osmWayId":822005892,"name":null,"nameNormalized":null,"highway":"residential","routingClass":"local","surface":null,"tracktype":null},"geometry":{"type":"LineString","coordinates":[[122.4298583,10.8059418],[122.4295519,10.8059945],[122.4294949,10.8060288],[122.4292595,10.8060676],[122.4288833,10.8061289],[122.4286345,10.8061374]]}},{"type":"Feature","id":822006230,"properties":{"osmWayId":822006230,"name":null,"nameNormalized":null,"highway":"service","routingClass":"local","surface":null,"tracktype":null},"geometry":{"type":"LineString","coordinates":[[122.4291046,10.8035792],[122.4291464,10.8038359]]}},{"type":"Feature","id":823996263,"properties":{"osmWayId":823996263,"name":null,"nameNormalized":null,"highway":"residential","routingClass":"local","surface":null,"tracktype":null},"geometry":{"type":"LineString","coordinates":[[122.4317828,10.8227207],[122.4313972,10.8219074]]}},{"type":"Feature","id":823996335,"properties":{"osmWayId":823996335,"name":null,"nameNormalized":null,"highway":"residential","routingClass":"local","surface":null,"tracktype":null},"geometry":{"type":"LineString","coordinates":[[122.4328892,10.8238443],[122.4326572,10.8239814]]}},{"type":"Feature","id":823996371,"properties":{"osmWayId":823996371,"name":null,"nameNormalized":null,"highway":"residential","routingClass":"local","surface":null,"tracktype":null},"geometry":{"type":"LineString","coordinates":[[122.4314462,10.8234729],[122.4310564,10.8233755]]}},{"type":"Feature","id":826985773,"properties":{"osmWayId":826985773,"name":null,"nameNormalized":null,"highway":"residential","routingClass":"local","surface":null,"tracktype":null},"geometry":{"type":"LineString","coordinates":[[122.4128983,10.821807],[122.4131763,10.821688],[122.413297,10.8216353],[122.4134445,10.8216195],[122.4136323,10.821638],[122.4142733,10.8216801],[122.414571,10.8217038],[122.4146917,10.8217275],[122.4148366,10.8217381],[122.414917,10.8217381],[122.4150002,10.8217144],[122.4151075,10.8216722],[122.4154723,10.8214325],[122.4158451,10.821119],[122.4159752,10.8210676],[122.4160584,10.8210544],[122.4161643,10.8210623],[122.4163091,10.8211137],[122.4166229,10.8212757],[122.416745,10.821281],[122.4168295,10.8212335],[122.4169099,10.821144],[122.4170655,10.8210465],[122.4172023,10.8210268],[122.4173485,10.821032],[122.4177132,10.8210689],[122.4180606,10.8211071],[122.4181558,10.8211453],[122.4183315,10.8213824],[122.4184495,10.8214825],[122.4186534,10.8215985],[122.4189377,10.8217144],[122.4190503,10.8218514],[122.419163,10.8221201],[122.4193293,10.8225258],[122.4194044,10.8226523],[122.419517,10.8226891],[122.4197209,10.8226417],[122.4198657,10.8225548]]}},{"type":"Feature","id":899108580,"properties":{"osmWayId":899108580,"name":null,"nameNormalized":null,"highway":"residential","routingClass":"local","surface":null,"tracktype":null},"geometry":{"type":"LineString","coordinates":[[122.3986826,10.8175772],[122.3987158,10.8176914],[122.3986595,10.8178107],[122.3984081,10.8181314],[122.3983558,10.8182368],[122.3983303,10.8183975],[122.3983725,10.8185523],[122.3983692,10.818657],[122.3983236,10.8187532],[122.3982739,10.8188763],[122.3982444,10.8191167],[122.3982699,10.8192063],[122.3984577,10.8193934],[122.3986816,10.8196634],[122.3987018,10.8197635],[122.398691,10.8198978],[122.398624,10.8199743],[122.398459,10.8200349],[122.398227,10.8199927],[122.3979253,10.8198939],[122.3978086,10.8198728],[122.3975739,10.8200217],[122.3974009,10.8202654]]}},{"type":"Feature","id":903280583,"properties":{"osmWayId":903280583,"name":null,"nameNormalized":null,"highway":"residential","routingClass":"local","surface":null,"tracktype":null},"geometry":{"type":"LineString","coordinates":[[122.3890898,10.8086282],[122.3888768,10.8084915],[122.3886743,10.80834],[122.3884195,10.8082069],[122.3880681,10.808062],[122.3879139,10.808066],[122.3877597,10.8082333]]}},{"type":"Feature","id":903280584,"properties":{"osmWayId":903280584,"name":null,"nameNormalized":null,"highway":"service","routingClass":"local","surface":null,"tracktype":null},"geometry":{"type":"LineString","coordinates":[[122.3835322,10.8194672],[122.3831543,10.819392]]}},{"type":"Feature","id":905748341,"properties":{"osmWayId":905748341,"name":null,"nameNormalized":null,"highway":"service","routingClass":"local","surface":null,"tracktype":null},"geometry":{"type":"LineString","coordinates":[[122.4325104,10.810038],[122.4326281,10.8099511],[122.4327787,10.8098666]]}},{"type":"Feature","id":905755034,"properties":{"osmWayId":905755034,"name":null,"nameNormalized":null,"highway":"residential","routingClass":"local","surface":null,"tracktype":null},"geometry":{"type":"LineString","coordinates":[[122.429918,10.8064522],[122.4301453,10.8064259],[122.4303015,10.8063923],[122.43062,10.8062797],[122.4307012,10.8062461]]}},{"type":"Feature","id":905755035,"properties":{"osmWayId":905755035,"name":null,"nameNormalized":null,"highway":"residential","routingClass":"local","surface":null,"tracktype":null},"geometry":{"type":"LineString","coordinates":[[122.4298368,10.8057846],[122.429291,10.8058713]]}},{"type":"Feature","id":905755036,"properties":{"osmWayId":905755036,"name":null,"nameNormalized":null,"highway":"service","routingClass":"local","surface":null,"tracktype":null},"geometry":{"type":"LineString","coordinates":[[122.428731,10.8113085],[122.428717,10.8112216],[122.4286862,10.811159],[122.4286694,10.811105],[122.4286707,10.8110596],[122.4287251,10.8108336]]}},{"type":"Feature","id":905765925,"properties":{"osmWayId":905765925,"name":null,"nameNormalized":null,"highway":"service","routingClass":"local","surface":null,"tracktype":null},"geometry":{"type":"LineString","coordinates":[[122.432032,10.8101645],[122.4318472,10.8097587]]}},{"type":"Feature","id":905769057,"properties":{"osmWayId":905769057,"name":null,"nameNormalized":null,"highway":"unclassified","routingClass":"local","surface":null,"tracktype":null},"geometry":{"type":"LineString","coordinates":[[122.4318311,10.8198346],[122.4319849,10.8201282]]}},{"type":"Feature","id":905773864,"properties":{"osmWayId":905773864,"name":null,"nameNormalized":null,"highway":"residential","routingClass":"local","surface":null,"tracktype":null},"geometry":{"type":"LineString","coordinates":[[122.3986846,10.7995874],[122.3986521,10.8001212],[122.3987192,10.8006665],[122.3987648,10.8011987],[122.3987769,10.8013331]]}},{"type":"Feature","id":905773865,"properties":{"osmWayId":905773865,"name":null,"nameNormalized":null,"highway":"residential","routingClass":"local","surface":null,"tracktype":null},"geometry":{"type":"LineString","coordinates":[[122.3933487,10.7975071],[122.3929471,10.7979897],[122.3927754,10.7982255],[122.3927312,10.7983493],[122.3927097,10.7984112],[122.3924844,10.7985021],[122.3922054,10.7985983],[122.3921759,10.7986642],[122.3922215,10.7989263],[122.391842,10.7991437],[122.3916569,10.7993123]]}},{"type":"Feature","id":906144644,"properties":{"osmWayId":906144644,"name":null,"nameNormalized":null,"highway":"residential","routingClass":"local","surface":null,"tracktype":null},"geometry":{"type":"LineString","coordinates":[[122.4325277,10.8050054],[122.4324962,10.8047081],[122.4325097,10.8045659],[122.4325901,10.8043498],[122.4327108,10.8041232],[122.4329603,10.8035199]]}},{"type":"Feature","id":908025610,"properties":{"osmWayId":908025610,"name":"Magtanong Street","nameNormalized":"magtanong street","highway":"unclassified","routingClass":"local","surface":null,"tracktype":null},"geometry":{"type":"LineString","coordinates":[[122.4313972,10.8219074],[122.4308035,10.820617],[122.4303885,10.8197956],[122.4303263,10.8196788],[122.4299523,10.8189509],[122.4299187,10.8188835],[122.4296231,10.8182902],[122.4292477,10.8174922],[122.4290328,10.817032]]}},{"type":"Feature","id":908500890,"properties":{"osmWayId":908500890,"name":null,"nameNormalized":null,"highway":"track","routingClass":"local","surface":null,"tracktype":null},"geometry":{"type":"LineString","coordinates":[[122.3932074,10.8481549],[122.3932055,10.848104],[122.3930623,10.8479936],[122.3930007,10.8478983],[122.3929329,10.8475699],[122.3929159,10.8474565],[122.3928343,10.8473944]]}},{"type":"Feature","id":908658640,"properties":{"osmWayId":908658640,"name":"Inocencio Street","nameNormalized":"inocencio street","highway":"residential","routingClass":"local","surface":null,"tracktype":null},"geometry":{"type":"LineString","coordinates":[[122.4270789,10.8143015],[122.4271414,10.814192],[122.4272832,10.8140679],[122.4274658,10.8139991],[122.4276614,10.813956],[122.4279702,10.8139075],[122.4283536,10.8138341],[122.4292079,10.8136085]]}},{"type":"Feature","id":916119865,"properties":{"osmWayId":916119865,"name":null,"nameNormalized":null,"highway":"unclassified","routingClass":"local","surface":null,"tracktype":null},"geometry":{"type":"LineString","coordinates":[[122.4080157,10.8379004],[122.408461,10.8381243],[122.4087962,10.8383008],[122.4090055,10.8382376],[122.4092281,10.8380242],[122.4093917,10.8380031],[122.4096143,10.8379056],[122.4101427,10.8378635],[122.410529,10.8377107],[122.4106041,10.8377476],[122.4109501,10.8379689],[122.4112371,10.8380347],[122.4117815,10.8379478],[122.4123716,10.8377871],[122.4127901,10.8378161],[122.4130127,10.837737],[122.4133453,10.8377634],[122.4137154,10.8380215],[122.4139944,10.8381559],[122.4143243,10.8381849],[122.4145523,10.8383403],[122.415255,10.8383403],[122.4154642,10.8382981],[122.415821,10.8381691],[122.4161455,10.8381664],[122.4163306,10.8382955],[122.4165532,10.8384588],[122.4167061,10.8384509],[122.4171406,10.8381743],[122.4174437,10.8380479],[122.4176905,10.8380637],[122.418007,10.8382586],[122.4183637,10.8384193],[122.4196833,10.8383377]]}},{"type":"Feature","id":916147168,"properties":{"osmWayId":916147168,"name":null,"nameNormalized":null,"highway":"service","routingClass":"local","surface":null,"tracktype":null},"geometry":{"type":"LineString","coordinates":[[122.4101199,10.8235427],[122.4101239,10.8231581],[122.4101521,10.8230632],[122.4101956,10.8229835],[122.4102554,10.8229506]]}},{"type":"Feature","id":942126556,"properties":{"osmWayId":942126556,"name":null,"nameNormalized":null,"highway":"service","routingClass":"local","surface":null,"tracktype":null},"geometry":{"type":"LineString","coordinates":[[122.4293098,10.8187571],[122.4295097,10.8191299],[122.4295686,10.8191431],[122.4296035,10.8191352],[122.4296491,10.8191194],[122.4299523,10.8189509]]}},{"type":"Feature","id":942130298,"properties":{"osmWayId":942130298,"name":null,"nameNormalized":null,"highway":"residential","routingClass":"local","surface":null,"tracktype":null},"geometry":{"type":"LineString","coordinates":[[122.4279632,10.795352],[122.427797,10.7954946],[122.4276817,10.795567],[122.4274684,10.7956566],[122.4272753,10.7957146],[122.4270916,10.7957264],[122.426641,10.7957739]]}},{"type":"Feature","id":1010821763,"properties":{"osmWayId":1010821763,"name":null,"nameNormalized":null,"highway":"service","routingClass":"local","surface":null,"tracktype":null},"geometry":{"type":"LineString","coordinates":[[122.4307392,10.8245872],[122.4301547,10.8244621],[122.4301922,10.8243565],[122.430279,10.824112],[122.4302975,10.8240597]]}},{"type":"Feature","id":1011947291,"properties":{"osmWayId":1011947291,"name":null,"nameNormalized":null,"highway":"unclassified","routingClass":"local","surface":null,"tracktype":null},"geometry":{"type":"LineString","coordinates":[[122.3967544,10.7980743],[122.3971281,10.7986367],[122.3973325,10.7988038],[122.3975865,10.7989356],[122.3978884,10.7989388],[122.3981174,10.7990195],[122.3984383,10.7991973],[122.3986846,10.7995874]]}},{"type":"Feature","id":1018539402,"properties":{"osmWayId":1018539402,"name":"Paraiso Street","nameNormalized":"paraiso street","highway":"residential","routingClass":"local","surface":null,"tracktype":null},"geometry":{"type":"LineString","coordinates":[[122.4290419,10.8147483],[122.4292854,10.8147515],[122.429662,10.8147317],[122.4299736,10.8146584],[122.4302302,10.8146168]]}},{"type":"Feature","id":1033829963,"properties":{"osmWayId":1033829963,"name":"Inocencio Street","nameNormalized":"inocencio street","highway":"residential","routingClass":"local","surface":null,"tracktype":null},"geometry":{"type":"LineString","coordinates":[[122.4301794,10.813226],[122.4296205,10.8134738]]}},{"type":"Feature","id":1038609036,"properties":{"osmWayId":1038609036,"name":null,"nameNormalized":null,"highway":"service","routingClass":"local","surface":null,"tracktype":null},"geometry":{"type":"LineString","coordinates":[[122.4317811,10.8161028],[122.4312246,10.8163638]]}},{"type":"Feature","id":1046725773,"properties":{"osmWayId":1046725773,"name":null,"nameNormalized":null,"highway":"track","routingClass":"local","surface":null,"tracktype":null},"geometry":{"type":"LineString","coordinates":[[122.3857555,10.8151183],[122.3857187,10.8151058],[122.3855787,10.815058],[122.3850786,10.8148873],[122.3850438,10.8148978],[122.3849418,10.8151086],[122.3845717,10.8150691],[122.3845824,10.8148662]]}},{"type":"Feature","id":1093758177,"properties":{"osmWayId":1093758177,"name":null,"nameNormalized":null,"highway":"unclassified","routingClass":"local","surface":null,"tracktype":null},"geometry":{"type":"LineString","coordinates":[[122.4310902,10.816083],[122.4316621,10.8158341]]}},{"type":"Feature","id":1391073545,"properties":{"osmWayId":1391073545,"name":null,"nameNormalized":null,"highway":"residential","routingClass":"local","surface":null,"tracktype":null},"geometry":{"type":"LineString","coordinates":[[122.3914411,10.808637],[122.3915086,10.8087144],[122.3915429,10.8088357],[122.391884,10.8091872]]}},{"type":"Feature","id":1391073546,"properties":{"osmWayId":1391073546,"name":"Calampinay Street","nameNormalized":"calampinay street","highway":"residential","routingClass":"local","surface":null,"tracktype":null},"geometry":{"type":"LineString","coordinates":[[122.390653,10.8081424],[122.3907578,10.8081996],[122.3909642,10.8083463],[122.3911664,10.8084866],[122.3913744,10.808696]]}},{"type":"Feature","id":1391073550,"properties":{"osmWayId":1391073550,"name":null,"nameNormalized":null,"highway":"residential","routingClass":"local","surface":null,"tracktype":null},"geometry":{"type":"LineString","coordinates":[[122.390653,10.8081424],[122.3909073,10.8079343],[122.3913512,10.8075835],[122.3915402,10.8074554],[122.3915674,10.807441]]}},{"type":"Feature","id":1391074406,"properties":{"osmWayId":1391074406,"name":"Caigoy Street","nameNormalized":"caigoy street","highway":"residential","routingClass":"local","surface":null,"tracktype":null},"geometry":{"type":"LineString","coordinates":[[122.3898695,10.8095535],[122.3896342,10.809122]]}},{"type":"Feature","id":1391074407,"properties":{"osmWayId":1391074407,"name":"Calampinay Street","nameNormalized":"calampinay street","highway":"residential","routingClass":"local","surface":null,"tracktype":null},"geometry":{"type":"LineString","coordinates":[[122.3895995,10.8076557],[122.390653,10.8081424]]}},{"type":"Feature","id":1391074411,"properties":{"osmWayId":1391074411,"name":null,"nameNormalized":null,"highway":"service","routingClass":"local","surface":"ground","tracktype":null},"geometry":{"type":"LineString","coordinates":[[122.39172,10.8097873],[122.3918373,10.8097923],[122.3920231,10.8097627],[122.3922577,10.8095242],[122.3923496,10.8094623],[122.3924012,10.8094683],[122.3924831,10.8095071]]}},{"type":"Feature","id":1474615444,"properties":{"osmWayId":1474615444,"name":null,"nameNormalized":null,"highway":"residential","routingClass":"local","surface":"ground","tracktype":null},"geometry":{"type":"LineString","coordinates":[[122.3803166,10.8470467],[122.3804225,10.8470928],[122.3806451,10.847081],[122.3807028,10.8471073],[122.3808517,10.8473852],[122.3812191,10.8476065],[122.381494,10.8477132],[122.3816979,10.8476816],[122.3818025,10.8475288],[122.3820318,10.8474274],[122.3822357,10.8474274],[122.3823778,10.8474748],[122.3825562,10.8474445],[122.3828298,10.8473708],[122.3832361,10.8474406],[122.3834521,10.8475091],[122.3837377,10.8475762],[122.3839845,10.8475696],[122.3840462,10.8474537],[122.3840569,10.847401],[122.3841388,10.8473247]]}},{"type":"Feature","id":1474615445,"properties":{"osmWayId":1474615445,"name":null,"nameNormalized":null,"highway":"residential","routingClass":"local","surface":null,"tracktype":null},"geometry":{"type":"LineString","coordinates":[[122.3840891,10.8475736],[122.3843063,10.8475393],[122.3846161,10.8473958],[122.3847757,10.847322]]}},{"type":"Feature","id":1474621065,"properties":{"osmWayId":1474621065,"name":null,"nameNormalized":null,"highway":"unclassified","routingClass":"local","surface":null,"tracktype":null},"geometry":{"type":"LineString","coordinates":[[122.3826021,10.8384848],[122.3826377,10.8387247]]}},{"type":"Feature","id":1474621066,"properties":{"osmWayId":1474621066,"name":null,"nameNormalized":null,"highway":"residential","routingClass":"local","surface":null,"tracktype":null},"geometry":{"type":"LineString","coordinates":[[122.3831007,10.8406085],[122.3834641,10.8406282],[122.3836827,10.8406019],[122.383896,10.8404662],[122.3839831,10.8402542],[122.3839483,10.839971],[122.3838262,10.8397628],[122.3836452,10.8395626],[122.3836653,10.8394257],[122.383613,10.839286],[122.3835728,10.8391991]]}},{"type":"Feature","id":1474624475,"properties":{"osmWayId":1474624475,"name":null,"nameNormalized":null,"highway":"residential","routingClass":"local","surface":null,"tracktype":null},"geometry":{"type":"LineString","coordinates":[[122.3828359,10.8356328],[122.3830175,10.8361037],[122.3831919,10.8363145],[122.3833555,10.836404],[122.3839161,10.8364567],[122.3839892,10.8364936],[122.3840234,10.8365568],[122.3840356,10.8366957]]}},{"type":"Feature","id":1474624476,"properties":{"osmWayId":1474624476,"name":null,"nameNormalized":null,"highway":"unclassified","routingClass":"local","surface":null,"tracktype":null},"geometry":{"type":"LineString","coordinates":[[122.3808429,10.8344566],[122.3806907,10.8344618],[122.3805566,10.8345297],[122.3802951,10.8347905],[122.380271,10.8349064],[122.3802401,10.8351619],[122.3801422,10.8353977],[122.3800778,10.8354636],[122.3803903,10.8363645],[122.3806371,10.8367952],[122.380731,10.8368677],[122.3808503,10.8368413],[122.3814391,10.836761],[122.3821338,10.836408],[122.3825629,10.836246],[122.3826407,10.836109],[122.3827104,10.8358245],[122.3828359,10.8356328],[122.3828673,10.8355847],[122.3829344,10.8353595],[122.3830001,10.8351158],[122.3831624,10.8348735],[122.3832992,10.8347233],[122.3836908,10.8344151],[122.3837739,10.8343189],[122.3840287,10.8341411],[122.384191,10.8339712],[122.3842299,10.833771],[122.3842245,10.8334509],[122.3841897,10.8332981],[122.3841776,10.8331901],[122.3842581,10.8329833],[122.384254,10.8328489],[122.3841494,10.8327488],[122.3839965,10.8325552],[122.3839027,10.8321403],[122.3838396,10.8317675],[122.3837498,10.8315225],[122.3835573,10.8312735],[122.3834903,10.8311346],[122.3834581,10.8309521],[122.3835037,10.8308665],[122.3836593,10.8307802],[122.3837511,10.8307374],[122.3838718,10.8305583],[122.3838986,10.8304121],[122.3838276,10.8303027],[122.3837619,10.8300986],[122.383723,10.8299049],[122.3837498,10.8297956],[122.3839375,10.8297126],[122.3841092,10.8296402],[122.3843198,10.8294136],[122.3845491,10.8292147],[122.3847274,10.8291093],[122.3848535,10.8290896],[122.3852397,10.8287985],[122.3852612,10.8287089],[122.3851982,10.8285482],[122.3852089,10.828373],[122.3853484,10.8281017],[122.3854436,10.8279739],[122.3854758,10.8277684],[122.3856287,10.8274338],[122.3857105,10.8272534],[122.3858473,10.8271309],[122.3859411,10.8270189],[122.3860055,10.8268279],[122.3860618,10.8265065],[122.3860538,10.8263366],[122.38609,10.8261443],[122.3860323,10.8258479],[122.3859713,10.8256114],[122.3857782,10.8252775],[122.3857561,10.8250049],[122.3856541,10.8242066],[122.3854181,10.8237324],[122.3851848,10.8234689],[122.3848294,10.8231699],[122.3846456,10.8227906],[122.384533,10.8225824],[122.3845102,10.822402],[122.3845679,10.8223164],[122.384596,10.8221491],[122.3845638,10.8220595],[122.3844954,10.822049],[122.3843157,10.8220819],[122.3841588,10.8220358],[122.3841119,10.8219291],[122.3841307,10.8217835],[122.3841253,10.8216419]]}},{"type":"Feature","id":1474624477,"properties":{"osmWayId":1474624477,"name":null,"nameNormalized":null,"highway":"residential","routingClass":"local","surface":"ground","tracktype":null},"geometry":{"type":"LineString","coordinates":[[122.3826021,10.8384848],[122.3823684,10.8384707],[122.3821565,10.8384944],[122.3819125,10.8385076],[122.3818146,10.8384615],[122.3816268,10.838285],[122.3813559,10.8381401],[122.3810139,10.8379267],[122.3807725,10.8378569],[122.3805177,10.8377001],[122.380444,10.8375118],[122.3804735,10.8373761],[122.3805767,10.8372233],[122.3807175,10.8369138],[122.380731,10.8368677]]}},{"type":"Feature","id":1474625174,"properties":{"osmWayId":1474625174,"name":null,"nameNormalized":null,"highway":"unclassified","routingClass":"local","surface":null,"tracktype":null},"geometry":{"type":"LineString","coordinates":[[122.3831222,10.8202509],[122.3836358,10.8206816],[122.3836733,10.8207699],[122.3836385,10.8209069],[122.3835728,10.821065],[122.3836063,10.8211954],[122.3838209,10.821277],[122.3838396,10.8213877],[122.3839067,10.8215168],[122.3840851,10.8215919],[122.3841253,10.8216419]]}},{"type":"Feature","id":1474630461,"properties":{"osmWayId":1474630461,"name":null,"nameNormalized":null,"highway":"unclassified","routingClass":"local","surface":null,"tracktype":null},"geometry":{"type":"LineString","coordinates":[[122.3981466,10.8307351],[122.3981599,10.830856],[122.3980661,10.831425],[122.3980513,10.8317504],[122.3980741,10.8319638],[122.398113,10.8320994]]}},{"type":"Feature","id":1474630462,"properties":{"osmWayId":1474630462,"name":null,"nameNormalized":null,"highway":"track","routingClass":"local","surface":null,"tracktype":null},"geometry":{"type":"LineString","coordinates":[[122.3961989,10.8322876],[122.396104,10.8322088],[122.3959284,10.8318439],[122.3956159,10.8317398],[122.3954053,10.8316661],[122.3953168,10.8316081],[122.3953289,10.8315172],[122.3954858,10.8314421],[122.3956588,10.8314224],[122.3957326,10.831317]]}},{"type":"Feature","id":1474630463,"properties":{"osmWayId":1474630463,"name":null,"nameNormalized":null,"highway":"unclassified","routingClass":"local","surface":null,"tracktype":null},"geometry":{"type":"LineString","coordinates":[[122.3967481,10.8320361],[122.3967344,10.831865],[122.3967639,10.8316121],[122.3968631,10.8314579],[122.3968671,10.831321],[122.3968631,10.8310575],[122.3971206,10.8307717],[122.3972467,10.8305477],[122.3973459,10.8302474],[122.3973566,10.8300577],[122.3972654,10.8298444],[122.3973218,10.8293965],[122.3974237,10.8293017]]}},{"type":"Feature","id":1474630464,"properties":{"osmWayId":1474630464,"name":null,"nameNormalized":null,"highway":"unclassified","routingClass":"local","surface":null,"tracktype":null},"geometry":{"type":"LineString","coordinates":[[122.3910142,10.8338661],[122.3909421,10.8338184],[122.3908214,10.8338263],[122.39069,10.8339919],[122.3905879,10.834214],[122.3904867,10.8344413],[122.3903638,10.8345867],[122.3902596,10.8346207],[122.39006,10.8345588],[122.3898021,10.8344911],[122.3895856,10.8345029],[122.389297,10.8346081],[122.3890496,10.8346841],[122.3887501,10.8347585],[122.3885355,10.8348671],[122.3882798,10.8350382],[122.3879674,10.8353314],[122.3876901,10.8355622],[122.3874192,10.835718],[122.3871959,10.8357708],[122.3870167,10.8358139],[122.386792,10.8359723],[122.3865103,10.8361325],[122.3862611,10.8363159],[122.386158,10.8364105],[122.3861053,10.8365414],[122.3860685,10.8366773],[122.3859745,10.8367834],[122.3857935,10.8367914],[122.3855606,10.8367431],[122.3853842,10.8365945],[122.3852461,10.8365257],[122.3850624,10.8365103],[122.3848107,10.8365153],[122.3845271,10.8366301],[122.3842109,10.8366783],[122.3840356,10.8366957],[122.3838473,10.8367144],[122.3832339,10.8368672],[122.3830259,10.8367948],[122.3828687,10.8368413],[122.3827755,10.8369167],[122.3826501,10.8369928],[122.3825642,10.8371356],[122.3825279,10.8375094],[122.3823959,10.8377645],[122.38229,10.8379492],[122.3822982,10.8381659],[122.3824532,10.8383464],[122.3826021,10.8384848]]}},{"type":"Feature","id":1474630465,"properties":{"osmWayId":1474630465,"name":null,"nameNormalized":null,"highway":"unclassified","routingClass":"local","surface":null,"tracktype":null},"geometry":{"type":"LineString","coordinates":[[122.3910552,10.8339393],[122.3910142,10.8338661]]}},{"type":"Feature","id":1474635946,"properties":{"osmWayId":1474635946,"name":null,"nameNormalized":null,"highway":"residential","routingClass":"local","surface":"ground","tracktype":null},"geometry":{"type":"LineString","coordinates":[[122.4016989,10.8273669],[122.4018466,10.8273166],[122.4018493,10.8271256],[122.4020813,10.8268819],[122.4020867,10.8268042],[122.4023415,10.8265144]]}},{"type":"Feature","id":1474635951,"properties":{"osmWayId":1474635951,"name":null,"nameNormalized":null,"highway":"unclassified","routingClass":"local","surface":null,"tracktype":null},"geometry":{"type":"LineString","coordinates":[[122.3970133,10.820874],[122.396898,10.8211111],[122.3968497,10.8214219],[122.3967585,10.8216775],[122.396619,10.8217776],[122.3962784,10.8217644],[122.3961523,10.8218118],[122.3961094,10.8220964],[122.3962569,10.8224231],[122.3963535,10.8227998],[122.3963132,10.8230132],[122.3959029,10.8239089],[122.3957178,10.8240288],[122.3955864,10.8240551],[122.3954858,10.8240854],[122.395404,10.8241658],[122.3953423,10.8243159],[122.395353,10.8244134],[122.3957312,10.8247506],[122.3961,10.8248758],[122.3963226,10.8249271],[122.3965225,10.8249126],[122.3967478,10.8250641],[122.3972976,10.8251339],[122.3974612,10.8254685],[122.3976021,10.8255555],[122.397763,10.8255311],[122.3979078,10.8254606],[122.3980131,10.8253921],[122.3981425,10.8254092],[122.398282,10.8255871],[122.3983718,10.8256022],[122.3985375,10.8255811],[122.3986253,10.8256279],[122.3988137,10.8256141],[122.398911,10.8255996]]}},{"type":"Feature","id":1474635952,"properties":{"osmWayId":1474635952,"name":null,"nameNormalized":null,"highway":"residential","routingClass":"local","surface":null,"tracktype":null},"geometry":{"type":"LineString","coordinates":[[122.398911,10.8255996],[122.3990652,10.825595],[122.3993348,10.8256911],[122.3995829,10.8256503],[122.3997974,10.8255831],[122.3999517,10.8256187],[122.4000442,10.8256859],[122.4001582,10.8257083],[122.4002467,10.8257478],[122.40035,10.8258966],[122.4006383,10.8259915],[122.4007577,10.8260705],[122.4008876,10.8262081]]}},{"type":"Feature","id":1474637605,"properties":{"osmWayId":1474637605,"name":null,"nameNormalized":null,"highway":"residential","routingClass":"local","surface":null,"tracktype":null},"geometry":{"type":"LineString","coordinates":[[122.4037376,10.8265408],[122.4036223,10.8262246],[122.4031261,10.8258742],[122.4030088,10.8257854]]}},{"type":"Feature","id":1474637606,"properties":{"osmWayId":1474637606,"name":null,"nameNormalized":null,"highway":"unclassified","routingClass":"local","surface":null,"tracktype":null},"geometry":{"type":"LineString","coordinates":[[122.4008876,10.8262081],[122.4010626,10.8260776],[122.4012539,10.8259994],[122.4014725,10.8259414],[122.4016133,10.8258071],[122.4017104,10.8256863],[122.4018118,10.8255634],[122.4020371,10.8255212],[122.4023455,10.825508],[122.4026325,10.8256358],[122.4030088,10.8257854]]}},{"type":"Feature","id":1474638784,"properties":{"osmWayId":1474638784,"name":null,"nameNormalized":null,"highway":"service","routingClass":"local","surface":null,"tracktype":null},"geometry":{"type":"LineString","coordinates":[[122.3913029,10.8473615],[122.3916408,10.8470546],[122.3916516,10.8469071],[122.3919117,10.8464725],[122.3919962,10.846242],[122.391956,10.8460207],[122.3917937,10.8457875]]}},{"type":"Feature","id":1476336340,"properties":{"osmWayId":1476336340,"name":null,"nameNormalized":null,"highway":"service","routingClass":"local","surface":null,"tracktype":null},"geometry":{"type":"LineString","coordinates":[[122.4003527,10.8189494],[122.4003071,10.8186056],[122.4002359,10.8183629]]}},{"type":"Feature","id":1476336341,"properties":{"osmWayId":1476336341,"name":null,"nameNormalized":null,"highway":"residential","routingClass":"local","surface":null,"tracktype":null},"geometry":{"type":"LineString","coordinates":[[122.3995259,10.8182113],[122.3997177,10.8181911],[122.3999274,10.8182251],[122.4002359,10.8183629],[122.4004606,10.8184183],[122.400628,10.8186064],[122.400725,10.8186603],[122.4007867,10.8186827],[122.4010121,10.8187143],[122.4011126,10.8187407]]}},{"type":"Feature","id":1476336342,"properties":{"osmWayId":1476336342,"name":null,"nameNormalized":null,"highway":"service","routingClass":"local","surface":null,"tracktype":null},"geometry":{"type":"LineString","coordinates":[[122.3985606,10.8173697],[122.3986065,10.817233],[122.3986548,10.8171408],[122.399084,10.8168747]]}},{"type":"Feature","id":1476336569,"properties":{"osmWayId":1476336569,"name":null,"nameNormalized":null,"highway":"unclassified","routingClass":"local","surface":null,"tracktype":null},"geometry":{"type":"LineString","coordinates":[[122.3877677,10.8015676],[122.388044,10.8018074],[122.3884544,10.8021367],[122.3887502,10.8021682]]}},{"type":"Feature","id":1476336570,"properties":{"osmWayId":1476336570,"name":null,"nameNormalized":null,"highway":"track","routingClass":"local","surface":null,"tracktype":null},"geometry":{"type":"LineString","coordinates":[[122.3864736,10.8016835],[122.3866801,10.8016598],[122.3868021,10.8015426],[122.3869027,10.8011961],[122.3868692,10.8010828],[122.3869497,10.8008035],[122.3869818,10.8002213]]}},{"type":"Feature","id":1476337521,"properties":{"osmWayId":1476337521,"name":null,"nameNormalized":null,"highway":"service","routingClass":"local","surface":null,"tracktype":null},"geometry":{"type":"LineString","coordinates":[[122.3919788,10.8085916],[122.3917312,10.8083644]]}},{"type":"Feature","id":1476343715,"properties":{"osmWayId":1476343715,"name":null,"nameNormalized":null,"highway":"unclassified","routingClass":"local","surface":null,"tracktype":null},"geometry":{"type":"LineString","coordinates":[[122.3824797,10.8038706],[122.3826771,10.8037743],[122.3830465,10.8035974],[122.383461,10.8033045],[122.3839172,10.8030079],[122.3843631,10.8027773],[122.3848352,10.8025396],[122.38534,10.8022735],[122.3858723,10.8020062],[122.3863147,10.8017481],[122.3864736,10.8016835]]}},{"type":"Feature","id":1476374869,"properties":{"osmWayId":1476374869,"name":null,"nameNormalized":null,"highway":"residential","routingClass":"local","surface":null,"tracktype":null},"geometry":{"type":"LineString","coordinates":[[122.4298677,10.7987735],[122.429814,10.7985496]]}},{"type":"Feature","id":1476374870,"properties":{"osmWayId":1476374870,"name":null,"nameNormalized":null,"highway":"residential","routingClass":"local","surface":null,"tracktype":null},"geometry":{"type":"LineString","coordinates":[[122.4295834,10.7987932],[122.4295901,10.7986602],[122.4296893,10.7985917],[122.429814,10.7985496]]}},{"type":"Feature","id":1476376394,"properties":{"osmWayId":1476376394,"name":null,"nameNormalized":null,"highway":"residential","routingClass":"local","surface":null,"tracktype":null},"geometry":{"type":"LineString","coordinates":[[122.4286728,10.8303607],[122.4281913,10.830229]]}},{"type":"Feature","id":1476376395,"properties":{"osmWayId":1476376395,"name":null,"nameNormalized":null,"highway":"residential","routingClass":"local","surface":"ground","tracktype":null},"geometry":{"type":"LineString","coordinates":[[122.4288002,10.8305438],[122.4289758,10.8303581],[122.4292266,10.8303067],[122.429199,10.8299484]]}},{"type":"Feature","id":1476376396,"properties":{"osmWayId":1476376396,"name":null,"nameNormalized":null,"highway":"residential","routingClass":"local","surface":"concrete","tracktype":null},"geometry":{"type":"LineString","coordinates":[[122.4284124,10.8299457],[122.4284206,10.8297416],[122.4284555,10.8295058]]}},{"type":"Feature","id":1476376397,"properties":{"osmWayId":1476376397,"name":null,"nameNormalized":null,"highway":"residential","routingClass":"local","surface":"ground","tracktype":null},"geometry":{"type":"LineString","coordinates":[[122.4284555,10.8295058],[122.4285132,10.829303],[122.4292146,10.8294321]]}},{"type":"Feature","id":1476376398,"properties":{"osmWayId":1476376398,"name":null,"nameNormalized":null,"highway":"residential","routingClass":"local","surface":null,"tracktype":null},"geometry":{"type":"LineString","coordinates":[[122.4286728,10.8303607],[122.4287291,10.8300433]]}},{"type":"Feature","id":1476376399,"properties":{"osmWayId":1476376399,"name":null,"nameNormalized":null,"highway":"residential","routingClass":"local","surface":null,"tracktype":null},"geometry":{"type":"LineString","coordinates":[[122.4281913,10.830229],[122.4282315,10.8299774],[122.4283147,10.82993],[122.4284124,10.8299457],[122.4284542,10.8299524],[122.4287291,10.8300433]]}},{"type":"Feature","id":1476376400,"properties":{"osmWayId":1476376400,"name":null,"nameNormalized":null,"highway":"residential","routingClass":"local","surface":null,"tracktype":null},"geometry":{"type":"LineString","coordinates":[[122.4287291,10.8300433],[122.429199,10.8299484],[122.4295901,10.8298694],[122.4304417,10.8295486]]}},{"type":"Feature","id":1476376721,"properties":{"osmWayId":1476376721,"name":null,"nameNormalized":null,"highway":"residential","routingClass":"local","surface":null,"tracktype":null},"geometry":{"type":"LineString","coordinates":[[122.4288833,10.8246176],[122.4288458,10.8243713],[122.4288994,10.8241407],[122.4290442,10.8238628],[122.4291287,10.8236729]]}},{"type":"Feature","id":1476379879,"properties":{"osmWayId":1476379879,"name":null,"nameNormalized":null,"highway":"unclassified","routingClass":"local","surface":null,"tracktype":null},"geometry":{"type":"LineString","coordinates":[[122.4346098,10.81923],[122.4345955,10.8187966],[122.4345937,10.8187426],[122.4345455,10.8184291],[122.4345267,10.8181261],[122.4344811,10.818084],[122.4344113,10.8180787],[122.4343324,10.8181062]]}},{"type":"Feature","id":1476379881,"properties":{"osmWayId":1476379881,"name":"San Juan Street","nameNormalized":"san juan street","highway":"residential","routingClass":"local","surface":null,"tracktype":null},"geometry":{"type":"LineString","coordinates":[[122.4307649,10.815624],[122.4307997,10.8157043]]}},{"type":"Feature","id":1476379882,"properties":{"osmWayId":1476379882,"name":"San Juan Street","nameNormalized":"san juan street","highway":"residential","routingClass":"local","surface":null,"tracktype":null},"geometry":{"type":"LineString","coordinates":[[122.4307997,10.8157043],[122.4309484,10.8160107],[122.4310404,10.8161044]]}},{"type":"Feature","id":1476379888,"properties":{"osmWayId":1476379888,"name":null,"nameNormalized":null,"highway":"unclassified","routingClass":"local","surface":null,"tracktype":null},"geometry":{"type":"LineString","coordinates":[[122.4340882,10.8144037],[122.4342652,10.8145182],[122.4343497,10.8147566]]}},{"type":"Feature","id":1476379892,"properties":{"osmWayId":1476379892,"name":null,"nameNormalized":null,"highway":"unclassified","routingClass":"local","surface":"ground","tracktype":null},"geometry":{"type":"LineString","coordinates":[[122.4198657,10.8225548],[122.4200159,10.822402],[122.4201608,10.8221306],[122.4207374,10.8220252],[122.4213919,10.8217302],[122.421577,10.821364],[122.4220625,10.8206474],[122.4223039,10.8203471],[122.4230924,10.8200441],[122.4233767,10.8198834],[122.4235779,10.8197727],[122.4239507,10.8196963],[122.4243718,10.8197964],[122.4247768,10.8196357],[122.4249512,10.8195145],[122.4251685,10.8195909],[122.4254273,10.8196291],[122.4256692,10.8197527]]}},{"type":"Feature","id":1476381421,"properties":{"osmWayId":1476381421,"name":"Rizal Street","nameNormalized":"rizal street","highway":"residential","routingClass":"local","surface":null,"tracktype":null},"geometry":{"type":"LineString","coordinates":[[122.4300458,10.8172821],[122.4303401,10.8179854]]}},{"type":"Feature","id":1476381422,"properties":{"osmWayId":1476381422,"name":"Rizal Street","nameNormalized":"rizal street","highway":"residential","routingClass":"local","surface":null,"tracktype":null},"geometry":{"type":"LineString","coordinates":[[122.4300176,10.8172147],[122.4300458,10.8172821]]}},{"type":"Feature","id":1476381423,"properties":{"osmWayId":1476381423,"name":"Alvior Street","nameNormalized":"alvior street","highway":"unclassified","routingClass":"local","surface":null,"tracktype":null},"geometry":{"type":"LineString","coordinates":[[122.4304309,10.8163649],[122.4305458,10.8163158]]}},{"type":"Feature","id":1476381424,"properties":{"osmWayId":1476381424,"name":"Alvior Street","nameNormalized":"alvior street","highway":"unclassified","routingClass":"local","surface":null,"tracktype":null},"geometry":{"type":"LineString","coordinates":[[122.4305458,10.8163158],[122.4310404,10.8161044],[122.4310902,10.816083]]}},{"type":"Feature","id":1476381428,"properties":{"osmWayId":1476381428,"name":"Inocencio Street","nameNormalized":"inocencio street","highway":"residential","routingClass":"local","surface":null,"tracktype":null},"geometry":{"type":"LineString","coordinates":[[122.4293503,10.8135611],[122.4296205,10.8134738]]}},{"type":"Feature","id":1476381429,"properties":{"osmWayId":1476381429,"name":"Inocencio Street","nameNormalized":"inocencio street","highway":"residential","routingClass":"local","surface":null,"tracktype":null},"geometry":{"type":"LineString","coordinates":[[122.4292079,10.8136085],[122.4293503,10.8135611]]}},{"type":"Feature","id":1476403285,"properties":{"osmWayId":1476403285,"name":null,"nameNormalized":null,"highway":"track","routingClass":"local","surface":null,"tracktype":null},"geometry":{"type":"LineString","coordinates":[[122.4296665,10.8414659],[122.4298033,10.8409615],[122.4297698,10.8406282],[122.429806,10.8397484],[122.429869,10.8395574],[122.4302419,10.8393216],[122.4304269,10.8391016],[122.4306884,10.8391293],[122.430903,10.8388118],[122.4311203,10.8384905],[122.4315816,10.8382507]]}},{"type":"Feature","id":1476403286,"properties":{"osmWayId":1476403286,"name":null,"nameNormalized":null,"highway":"track","routingClass":"local","surface":null,"tracktype":null},"geometry":{"type":"LineString","coordinates":[[122.4259423,10.8461577],[122.426118,10.8459456],[122.4260657,10.8455676],[122.4261542,10.8453331],[122.426405,10.8451316],[122.4266088,10.8450473],[122.4266839,10.8449512],[122.4268126,10.8445244],[122.4271131,10.8441688],[122.4272686,10.8438724],[122.4274778,10.8434233],[122.4277407,10.843306],[122.4280847,10.8432716]]}},{"type":"Feature","id":1476403288,"properties":{"osmWayId":1476403288,"name":null,"nameNormalized":null,"highway":"residential","routingClass":"local","surface":null,"tracktype":null},"geometry":{"type":"LineString","coordinates":[[122.4280608,10.8431536],[122.4285319,10.8431611],[122.4290818,10.8432639],[122.429232,10.8432454],[122.4293795,10.8427265],[122.4296316,10.8418334],[122.4296665,10.8414659]]}},{"type":"Feature","id":1494289956,"properties":{"osmWayId":1494289956,"name":null,"nameNormalized":null,"highway":"service","routingClass":"local","surface":null,"tracktype":null},"geometry":{"type":"LineString","coordinates":[[122.4293903,10.8022022],[122.4292494,10.8022948],[122.4290442,10.8023317],[122.4288176,10.8023817],[122.4286486,10.8024015],[122.4285494,10.8024634]]}},{"type":"Feature","id":251210421,"properties":{"osmWayId":251210421,"name":null,"nameNormalized":null,"highway":"unclassified","routingClass":"local","surface":"ground","tracktype":null},"geometry":{"type":"LineString","coordinates":[[122.3382354,10.8529146],[122.3382024,10.8528017],[122.3382032,10.8525273],[122.3382104,10.8523108],[122.3382244,10.8521851],[122.3382383,10.8518199],[122.3382963,10.8516452],[122.3383963,10.8515313],[122.3385902,10.8513939],[122.3386602,10.8513271],[122.3387122,10.8512603],[122.3387142,10.8511975],[122.3386642,10.8511582],[122.3384303,10.8510738],[122.3383123,10.8510463],[122.3381944,10.8510542],[122.3380124,10.8510856],[122.3378305,10.8511366],[122.3376566,10.8511465],[122.3375466,10.8511523],[122.3374629,10.8511654],[122.3373637,10.8511786],[122.3372247,10.8511877],[122.3371148,10.8511975],[122.3369328,10.8512407],[122.3368109,10.8512898],[122.3366929,10.8513369],[122.336549,10.8513821],[122.336469,10.8513821],[122.336417,10.8513565],[122.336377,10.8512976],[122.3363591,10.8512328],[122.3363591,10.8511406],[122.336381,10.8510502],[122.336399,10.8509206],[122.336379,10.8508087],[122.3363351,10.8507341],[122.3362011,10.8505653],[122.3360132,10.8504298],[122.3359812,10.8504042],[122.3357933,10.8503512],[122.3357673,10.8503552],[122.3356673,10.8503846],[122.3355853,10.85042],[122.3354974,10.8504239],[122.3354154,10.850418],[122.3353274,10.850469],[122.3352455,10.8505574],[122.3351635,10.8506085],[122.3350895,10.8506143],[122.3350176,10.8506026],[122.3349156,10.8505378],[122.3347717,10.8504376],[122.3346837,10.8503571],[122.3345837,10.8502531],[122.3345038,10.8501392]]}},{"type":"Feature","id":274635319,"properties":{"osmWayId":274635319,"name":null,"nameNormalized":null,"highway":"unclassified","routingClass":"local","surface":null,"tracktype":null},"geometry":{"type":"LineString","coordinates":[[122.3717746,10.8570317],[122.3719584,10.8568423],[122.3721392,10.856647],[122.3722507,10.8565227],[122.3723531,10.8564251],[122.3724074,10.856354],[122.3724398,10.8562538],[122.3724077,10.8561032],[122.3722364,10.8559018],[122.3721801,10.8557753],[122.3721197,10.8556858],[122.3718689,10.8555448],[122.3715791,10.8553836],[122.3714099,10.8552767],[122.3711527,10.8552437],[122.3709458,10.8552038],[122.3708299,10.8551024],[122.3707109,10.85488],[122.3705583,10.8546312],[122.3704601,10.8543022],[122.3703575,10.8540644],[122.370156,10.8537167],[122.370059,10.8535],[122.3699995,10.8530742],[122.3700143,10.8529072],[122.3700988,10.8527478],[122.3703898,10.8524865],[122.370728,10.8522665],[122.3710581,10.8519397],[122.3712705,10.851567],[122.3713475,10.8513633],[122.3713982,10.8512221],[122.3715349,10.8510831],[122.371729,10.851011],[122.3718452,10.8508574],[122.3718343,10.8507219],[122.3717281,10.8505836],[122.371713,10.8504015],[122.3718484,10.8501225],[122.3720985,10.8498299],[122.3723975,10.8495498],[122.3726508,10.8493386],[122.3728949,10.8490743],[122.3731191,10.8489573],[122.3734563,10.8488972],[122.3737605,10.8488805],[122.3740723,10.8488962],[122.3745528,10.8490631],[122.374784,10.8491641],[122.375049,10.8491576],[122.3752646,10.8492371],[122.3753748,10.8493263],[122.3754095,10.8493544],[122.3754846,10.849436],[122.3755347,10.8494615],[122.3755883,10.8494888],[122.3757179,10.8495032],[122.3759063,10.8494957],[122.3761462,10.8495229],[122.3764417,10.8496072],[122.3767289,10.8496066],[122.3770288,10.8496222],[122.3772712,10.8496049],[122.3775753,10.8494653],[122.3777445,10.8494354],[122.3779195,10.8494967],[122.3782193,10.8496875],[122.3784188,10.8497519],[122.3787272,10.8497082],[122.3792312,10.8494989],[122.3794385,10.8494394],[122.3796546,10.8494438],[122.380019,10.8495218],[122.3802817,10.8495374],[122.3806036,10.8495512],[122.3808746,10.8495685],[122.3812709,10.8497445],[122.3815025,10.8498707],[122.3816324,10.8498948],[122.3818388,10.8497783],[122.3822966,10.8494823],[122.3826558,10.8492398],[122.3829623,10.8491062],[122.3830837,10.8490054],[122.3831815,10.8488268],[122.3834357,10.8482454],[122.383525,10.8479525],[122.38356,10.84781],[122.3836729,10.8477725],[122.3839033,10.8477274],[122.3840411,10.8476643],[122.3840891,10.8475736],[122.3840938,10.847454],[122.3841388,10.8473247],[122.3841706,10.8471874],[122.3842665,10.8469884],[122.3844645,10.8468177],[122.3847093,10.8466904],[122.3849831,10.8466424],[122.3852768,10.8466476],[122.3854772,10.8466676],[122.3855377,10.8468249],[122.3856012,10.8470138],[122.3857136,10.8471998],[122.3857892,10.8472859],[122.3859522,10.8473097],[122.3860886,10.8474001],[122.3862055,10.847562],[122.3863522,10.8476867],[122.3866305,10.8477896],[122.3869057,10.8479115],[122.3872115,10.8480352],[122.3876828,10.8482213],[122.3879119,10.8482004],[122.3882449,10.8480129],[122.3886571,10.8477475],[122.388778,10.8477576],[122.3889796,10.8478443],[122.3892146,10.8478933],[122.3894102,10.8479904],[122.3894771,10.8481059],[122.389472,10.8482615],[122.3892105,10.8484546],[122.3891656,10.8486798],[122.3891324,10.8489717],[122.389196,10.8491831],[122.3892765,10.8492964],[122.3895849,10.8493293],[122.3900395,10.8491689],[122.3904259,10.8488886],[122.3906895,10.8485223],[122.3908316,10.848426],[122.39103,10.8483368],[122.3911482,10.8481586],[122.3912317,10.8479634],[122.3912383,10.847707],[122.3912195,10.8474607],[122.3912431,10.847393],[122.3913029,10.8473615],[122.3913651,10.8473998],[122.3915683,10.8476533],[122.3917601,10.8477682],[122.39218,10.8478054],[122.3925412,10.8479988],[122.3928946,10.8481412],[122.3931737,10.8481384],[122.3932074,10.8481549],[122.3933667,10.8482838],[122.3934206,10.8484327],[122.3933683,10.8487736],[122.3934619,10.8489856],[122.3935766,10.8492405],[122.3936997,10.8495571],[122.3938823,10.8498377],[122.3939795,10.8499312]]}},{"type":"Feature","id":589334526,"properties":{"osmWayId":589334526,"name":null,"nameNormalized":null,"highway":"track","routingClass":"local","surface":null,"tracktype":null},"geometry":{"type":"LineString","coordinates":[[122.3679193,10.8568186],[122.3678426,10.8567228],[122.367789,10.8566386],[122.367789,10.8565648],[122.3678024,10.8564937],[122.3678721,10.8564252],[122.3679767,10.8564384],[122.368135,10.8563514],[122.3682584,10.8562566],[122.3683442,10.8561749],[122.3683657,10.8559905],[122.3683308,10.8556902],[122.3683254,10.8553267],[122.3683102,10.8549744],[122.3682493,10.8547388],[122.3680582,10.8545152],[122.3678956,10.8542916],[122.3678224,10.854084],[122.3677086,10.8539882],[122.3676516,10.8538644],[122.3676435,10.8537287],[122.3677167,10.8536288],[122.3678224,10.8534372],[122.3678793,10.8532655],[122.3678427,10.8531258],[122.3677411,10.8528942],[122.3677817,10.8526586],[122.3678264,10.852455],[122.3677655,10.8523032],[122.3675622,10.8522034],[122.3674443,10.8521356],[122.3673061,10.8520277],[122.3671272,10.8519639],[122.3670377,10.8519199],[122.3669605,10.8517642],[122.3668914,10.8516325],[122.3668101,10.8514927],[122.3667328,10.8514288],[122.3666475,10.8514009],[122.3665499,10.851349],[122.3665214,10.8512731],[122.3664726,10.8511374],[122.3663669,10.8510375],[122.3662531,10.8509697],[122.3661108,10.8508818],[122.366058,10.8507301],[122.3660986,10.8505664],[122.3661637,10.8504666],[122.3663954,10.8503867],[122.3665296,10.850243],[122.366558,10.8500593],[122.3665987,10.8498836],[122.3666902,10.8498098],[122.3668182,10.8497598],[122.3668995,10.8497239],[122.3670113,10.8496061],[122.3671333,10.8494843],[122.3671943,10.8493965],[122.367176,10.8493107],[122.3672024,10.8491589],[122.3671861,10.8490631],[122.3671252,10.8489473],[122.3671638,10.8488375],[122.3671963,10.8486818],[122.367302,10.848568],[122.3672939,10.8483165],[122.3673081,10.8481967],[122.3673528,10.8480809],[122.3674382,10.8479691],[122.367672,10.8477195],[122.3678285,10.8475339],[122.3679179,10.8473442],[122.3679626,10.8472025],[122.3679773,10.8469704],[122.3679808,10.8468035],[122.3678711,10.8465741],[122.3677685,10.8464072],[122.3676233,10.8462786],[122.3675349,10.8460909],[122.3675561,10.8459449],[122.3677472,10.8457955],[122.367864,10.8456634],[122.3679843,10.8456078],[122.3681294,10.8455834],[122.3682038,10.8454826],[122.3682144,10.8452949],[122.3681684,10.8451768],[122.3682144,10.8449161],[122.3682073,10.8447284],[122.3681755,10.8446241],[122.3680764,10.8445476],[122.3679454,10.8444711],[122.3678959,10.8443495],[122.3678994,10.8442556],[122.367995,10.8441131],[122.368041,10.8440192],[122.3680587,10.8439323],[122.368041,10.8438003],[122.368041,10.8436856],[122.3680834,10.8435743],[122.3680834,10.84347],[122.3679808,10.8432928],[122.3679171,10.8431363],[122.3678711,10.8429938],[122.3678109,10.8427262],[122.3677755,10.8425489],[122.3678428,10.8423021],[122.3678746,10.8421422],[122.3678357,10.8419927],[122.3677861,10.8418954],[122.3677755,10.8417807],[122.3678038,10.8415791],[122.3678109,10.8413497],[122.3677932,10.8410612],[122.3677472,10.84079],[122.3677189,10.8406093],[122.3676587,10.8403451],[122.3675948,10.8400987],[122.3675875,10.8398993],[122.3676029,10.8397563],[122.3676822,10.8396962]]}},{"type":"Feature","id":248760854,"properties":{"osmWayId":248760854,"name":null,"nameNormalized":null,"highway":"residential","routingClass":"local","surface":"unpaved","tracktype":null},"geometry":{"type":"LineString","coordinates":[[122.3695247,10.8808532],[122.3693699,10.8810763],[122.369284,10.8812049],[122.3689373,10.8815513],[122.3685819,10.8822032],[122.3682535,10.8827988],[122.3680506,10.8829728],[122.3677672,10.8830866],[122.36754,10.8831103]]}},{"type":"Feature","id":248763758,"properties":{"osmWayId":248763758,"name":null,"nameNormalized":null,"highway":"residential","routingClass":"local","surface":null,"tracktype":null},"geometry":{"type":"LineString","coordinates":[[122.3670333,10.898685],[122.367108,10.8985857],[122.3672537,10.8984741],[122.3674111,10.8983796],[122.3675277,10.8983338],[122.3675801,10.8982852],[122.3676093,10.8982308],[122.3676355,10.8981306],[122.3676472,10.8980419],[122.3676705,10.8979246],[122.3677317,10.8977815]]}},{"type":"Feature","id":248763759,"properties":{"osmWayId":248763759,"name":null,"nameNormalized":null,"highway":"residential","routingClass":"local","surface":null,"tracktype":null},"geometry":{"type":"LineString","coordinates":[[122.3677317,10.8977815],[122.3677616,10.8977156],[122.3678509,10.8975624],[122.3679256,10.8974734],[122.3679768,10.8973674],[122.3680255,10.897218],[122.3681373,10.896961],[122.3684986,10.8966174]]}},{"type":"Feature","id":248763760,"properties":{"osmWayId":248763760,"name":null,"nameNormalized":null,"highway":"unclassified","routingClass":"local","surface":"unpaved","tracktype":null},"geometry":{"type":"LineString","coordinates":[[122.3748411,10.892212],[122.3749375,10.8922715],[122.3750321,10.8923573],[122.3751656,10.8924979],[122.3752724,10.89266],[122.375304,10.8927196],[122.3753137,10.8927887],[122.3753137,10.8929651],[122.3753258,10.8931534],[122.3753137,10.8932654],[122.3752773,10.8934513],[122.3752724,10.8935585],[122.3752846,10.8936872],[122.3753258,10.8938279],[122.3753889,10.893897],[122.3754569,10.8938898],[122.3755467,10.8938422],[122.3756486,10.8937564],[122.3757336,10.8937063],[122.3757894,10.8936896],[122.3758646,10.8936944],[122.3759593,10.8937373],[122.3761171,10.8937826],[122.3761972,10.8938398],[122.3762772,10.8938612],[122.3763671,10.8938565],[122.3764593,10.8938088],[122.3765709,10.8937373],[122.3767627,10.8936944],[122.3769477,10.8936634],[122.3770899,10.8936858],[122.3774313,10.893693]]}},{"type":"Feature","id":248765996,"properties":{"osmWayId":248765996,"name":null,"nameNormalized":null,"highway":"unclassified","routingClass":"local","surface":"unpaved","tracktype":null},"geometry":{"type":"LineString","coordinates":[[122.3602588,10.8935763],[122.3603301,10.8934777],[122.3603797,10.8933592],[122.3603824,10.8932433],[122.3603877,10.8930958],[122.3603716,10.8927718],[122.3603556,10.8926006],[122.360318,10.8924636],[122.3602509,10.8923372],[122.3601853,10.8922331],[122.3601222,10.8921687],[122.3600551,10.8920949],[122.3599854,10.8920053],[122.3599237,10.8919053],[122.3598754,10.891821],[122.3597722,10.8917393],[122.3597199,10.8916735],[122.3596609,10.8916182],[122.3596032,10.8915391],[122.3595643,10.8914496],[122.3595187,10.8913416],[122.3594865,10.8912586],[122.3594651,10.891152],[122.3594195,10.8910492],[122.3593873,10.890936],[122.3593685,10.8908122],[122.35939,10.8906779],[122.3594356,10.8905909],[122.3594812,10.8904909],[122.3595107,10.8904066],[122.3595536,10.8902907],[122.3595723,10.8901801],[122.3595359,10.890048],[122.3594729,10.8899429],[122.3593642,10.8898176],[122.3592808,10.8897109],[122.3591674,10.889629],[122.3590382,10.8895872],[122.3588934,10.8895176]]}},{"type":"Feature","id":248765998,"properties":{"osmWayId":248765998,"name":null,"nameNormalized":null,"highway":"unclassified","routingClass":"local","surface":"unpaved","tracktype":null},"geometry":{"type":"LineString","coordinates":[[122.3601853,10.8922331],[122.360267,10.8921989],[122.3603113,10.8921673],[122.3603475,10.8921476],[122.3604172,10.8921028],[122.3604736,10.8920462],[122.3605098,10.8919645],[122.3605473,10.8918737],[122.3607552,10.8916761],[122.3609483,10.8914628],[122.3610556,10.8913021],[122.3612326,10.8908991],[122.3614097,10.8906963],[122.3616162,10.8904909],[122.3619407,10.8902327],[122.3621124,10.8901932],[122.3623645,10.8901827],[122.362791,10.8901748]]}},{"type":"Feature","id":248766004,"properties":{"osmWayId":248766004,"name":null,"nameNormalized":null,"highway":"track","routingClass":"local","surface":null,"tracktype":null},"geometry":{"type":"LineString","coordinates":[[122.3651849,10.8819954],[122.3652768,10.8819537],[122.3653637,10.8818713],[122.3654566,10.8817624],[122.3656267,10.88157]]}},{"type":"Feature","id":250698772,"properties":{"osmWayId":250698772,"name":null,"nameNormalized":null,"highway":"residential","routingClass":"local","surface":null,"tracktype":null},"geometry":{"type":"LineString","coordinates":[[122.3700444,10.8595867],[122.3699447,10.8593382],[122.3698318,10.8592018],[122.3697057,10.8591713],[122.3696049,10.8590902],[122.3696145,10.8589824],[122.369695,10.8589074],[122.3698372,10.8588718],[122.3700693,10.8588654],[122.3702417,10.8587575],[122.3704034,10.8585544],[122.3704685,10.8584318],[122.3705382,10.8581817],[122.3706084,10.8579305],[122.3706167,10.8577399],[122.370645,10.8575559],[122.3707767,10.8574055],[122.3709514,10.8572631],[122.3711389,10.8572152],[122.3716842,10.8570761],[122.3717746,10.8570317]]}},{"type":"Feature","id":251207017,"properties":{"osmWayId":251207017,"name":null,"nameNormalized":null,"highway":"residential","routingClass":"local","surface":null,"tracktype":null},"geometry":{"type":"LineString","coordinates":[[122.3413659,10.8569192],[122.3415868,10.8568889],[122.3416398,10.8569001],[122.3416563,10.856932]]}},{"type":"Feature","id":251207018,"properties":{"osmWayId":251207018,"name":null,"nameNormalized":null,"highway":"residential","routingClass":"local","surface":null,"tracktype":null},"geometry":{"type":"LineString","coordinates":[[122.3418855,10.8568956],[122.3419016,10.8570428],[122.3419519,10.8573019],[122.3419836,10.8574631],[122.342001,10.8575582],[122.3420171,10.8576927],[122.3420095,10.8578262]]}},{"type":"Feature","id":251207019,"properties":{"osmWayId":251207019,"name":null,"nameNormalized":null,"highway":"residential","routingClass":"local","surface":null,"tracktype":null},"geometry":{"type":"LineString","coordinates":[[122.3418855,10.8568956],[122.3418695,10.8565693],[122.3418244,10.8565504],[122.3416487,10.856499],[122.3414065,10.8565062]]}},{"type":"Feature","id":251207020,"properties":{"osmWayId":251207020,"name":null,"nameNormalized":null,"highway":"unclassified","routingClass":"local","surface":null,"tracktype":null},"geometry":{"type":"LineString","coordinates":[[122.3413659,10.8569192],[122.3412968,10.8573106],[122.3412382,10.8577496],[122.3412287,10.857846],[122.3412062,10.857932],[122.3411828,10.8580323],[122.3411384,10.8581682],[122.3410195,10.8582594],[122.3408988,10.8583898],[122.3407955,10.8585623],[122.3407017,10.8587177],[122.3406547,10.8588521],[122.3405863,10.8589785],[122.3405032,10.8591177],[122.3403324,10.8592365],[122.340158,10.8594916],[122.3400477,10.8596873],[122.340037,10.8598621],[122.3400263,10.8600403],[122.3399694,10.8601417],[122.3398804,10.860222],[122.3397417,10.8603059],[122.3396207,10.8604492],[122.3395459,10.8606274],[122.3394214,10.8608231],[122.3392826,10.8609524],[122.3391652,10.8610258],[122.3389931,10.8611306],[122.3388979,10.8611859],[122.3388013,10.8612294],[122.3386793,10.8612834],[122.3384714,10.8613756],[122.3382716,10.8614586],[122.3381536,10.8615613],[122.3380087,10.861664],[122.3378867,10.8618036],[122.3378371,10.8619248],[122.3377687,10.8621329],[122.3377271,10.8622198],[122.3376748,10.862291],[122.3375715,10.8623318],[122.337475,10.8623529],[122.3371786,10.8623595],[122.3370592,10.8623489],[122.3367079,10.8622738],[122.3364866,10.8622435],[122.3362579,10.8622175],[122.3360764,10.8622245],[122.3359381,10.8622488],[122.3357811,10.8622874],[122.3355782,10.8623573],[122.3354473,10.8624002],[122.3354288,10.8624063],[122.3353007,10.8624936],[122.3352509,10.862588],[122.3352117,10.8627767],[122.3351619,10.8629165],[122.3350765,10.8630283],[122.3349743,10.863135],[122.3347767,10.8632347],[122.3346771,10.863319],[122.3345923,10.8634265],[122.3344721,10.8635606],[122.3343868,10.8637635],[122.3343533,10.8638307],[122.3343114,10.8639055],[122.3342767,10.8640445],[122.3342509,10.864213],[122.3342549,10.8644051],[122.3343215,10.8646303],[122.3343717,10.8647116],[122.3344891,10.8647828],[122.3345902,10.8648373],[122.334653,10.8649015],[122.3346886,10.8650203],[122.3347135,10.8651531],[122.3347413,10.8654939],[122.3347642,10.8656708],[122.3348035,10.8658959],[122.3348101,10.8660567],[122.3347904,10.8662368],[122.3347748,10.8663888],[122.3347567,10.8664639],[122.3346988,10.866494],[122.3346496,10.8664973],[122.3345874,10.8665294],[122.3345373,10.8665744],[122.3345487,10.8666589],[122.3345727,10.866795],[122.3346226,10.8669339],[122.3346791,10.8670343],[122.3347675,10.867179],[122.3348137,10.8672691],[122.3348154,10.8673385],[122.3347867,10.8673898],[122.3346596,10.8674483],[122.3345101,10.8674764],[122.334379,10.8675126],[122.3342862,10.867597],[122.3342207,10.8676871],[122.334165,10.8677353],[122.3341061,10.867761],[122.3339653,10.8678061],[122.3338801,10.8678382],[122.3338147,10.8678929],[122.3337688,10.8680022],[122.333723,10.8682016],[122.3337096,10.8683969],[122.3336854,10.8686187],[122.3336618,10.8687559],[122.3335974,10.8689102],[122.3335854,10.8690763],[122.3336051,10.8691856],[122.3336566,10.8692679],[122.3337059,10.8693159],[122.3337623,10.8693786],[122.3338258,10.8695339],[122.3338539,10.8696808],[122.3338539,10.8697677],[122.3338619,10.8699058],[122.3338906,10.8700497],[122.3339974,10.8701443],[122.3341598,10.8702356],[122.3343189,10.8702857],[122.3344961,10.8703523],[122.3345425,10.870382],[122.3345664,10.8704351]]}},{"type":"Feature","id":251210416,"properties":{"osmWayId":251210416,"name":null,"nameNormalized":null,"highway":"residential","routingClass":"local","surface":"dirt","tracktype":null},"geometry":{"type":"LineString","coordinates":[[122.3303168,10.8595666],[122.330215,10.8596256],[122.3301472,10.8596588],[122.3300949,10.8597042],[122.3300702,10.8597436],[122.3300147,10.8598101],[122.3299346,10.8598525],[122.3297436,10.8598949],[122.3295772,10.8599191],[122.3295279,10.8599584],[122.3294694,10.8600462],[122.3294324,10.8600825],[122.329343,10.8600552],[122.3292321,10.8600704],[122.3291058,10.8601279],[122.3290503,10.8601763],[122.3289825,10.860264],[122.3289147,10.8602973],[122.328773,10.8602792],[122.3286436,10.8603155],[122.3285419,10.8602943],[122.3283786,10.8603094],[122.3282831,10.8602943],[122.3281896,10.8602588],[122.3281528,10.8602056],[122.3281373,10.859991],[122.3279962,10.8599245],[122.3278135,10.8598542]]}},{"type":"Feature","id":251210417,"properties":{"osmWayId":251210417,"name":null,"nameNormalized":null,"highway":"unclassified","routingClass":"local","surface":null,"tracktype":null},"geometry":{"type":"LineString","coordinates":[[122.3354473,10.8624002],[122.3354053,10.8623363],[122.3353231,10.8622462],[122.3352362,10.8621386],[122.3351707,10.8619766],[122.3351814,10.861846],[122.3352297,10.861729],[122.3352845,10.8616309],[122.3353102,10.8615693],[122.3353312,10.8614617],[122.3353328,10.861283],[122.3353392,10.8611138],[122.3353441,10.8608876],[122.3353118,10.8606598],[122.3352281,10.8601585],[122.3352338,10.8600746],[122.3352547,10.8599629],[122.3353156,10.8598392],[122.3354068,10.8597251],[122.335519,10.859616],[122.3356156,10.8594977],[122.3356677,10.8593371],[122.3357176,10.859151],[122.3358385,10.8588711],[122.3358763,10.8588046],[122.3358958,10.8587538],[122.335926,10.8587111],[122.3360145,10.8586268],[122.3361017,10.8585676],[122.336221,10.8584741],[122.3363216,10.8583753],[122.3363833,10.8583002],[122.3364142,10.8582106],[122.3364168,10.8580776],[122.3364168,10.8579314],[122.3364262,10.8577852],[122.336437,10.8576588],[122.336453,10.8575547],[122.3364906,10.8574309],[122.3365335,10.8573269],[122.3366073,10.8572215],[122.336677,10.8570687],[122.336728,10.8569396],[122.3367575,10.8568264],[122.3367695,10.8567355],[122.3367816,10.8566328],[122.336795,10.8565208],[122.3368111,10.8564449],[122.3368095,10.8563943],[122.336777,10.8562533]]}},{"type":"Feature","id":251210418,"properties":{"osmWayId":251210418,"name":null,"nameNormalized":null,"highway":"residential","routingClass":"local","surface":"concrete","tracktype":null},"geometry":{"type":"LineString","coordinates":[[122.337361,10.8560381],[122.3374644,10.8561299],[122.3375572,10.8562149],[122.3376238,10.8562976]]}},{"type":"Feature","id":251210420,"properties":{"osmWayId":251210420,"name":null,"nameNormalized":null,"highway":"unclassified","routingClass":"local","surface":"ground","tracktype":null},"geometry":{"type":"LineString","coordinates":[[122.3375584,10.855725],[122.3375792,10.8556438],[122.3376129,10.855582],[122.3376601,10.8554805],[122.3377117,10.8553239],[122.3377836,10.8551739],[122.3379543,10.8549798],[122.3380823,10.8548893],[122.3381362,10.8548232],[122.3381812,10.8547151],[122.3382912,10.8546423],[122.3384013,10.8545805],[122.3385181,10.8544746],[122.3386214,10.8543003],[122.3386821,10.8542253],[122.3387989,10.8541195],[122.338855,10.8540511],[122.3389112,10.853965],[122.3389202,10.8539011],[122.3388123,10.85374],[122.3386776,10.8535327],[122.3385675,10.8534113],[122.3384619,10.8533121],[122.3383114,10.8531025],[122.3382845,10.8530518],[122.3382354,10.8529146]]}},{"type":"Feature","id":255472064,"properties":{"osmWayId":255472064,"name":null,"nameNormalized":null,"highway":"track","routingClass":"local","surface":null,"tracktype":null},"geometry":{"type":"LineString","coordinates":[[122.3325116,10.8894346],[122.3325221,10.8895279],[122.3324904,10.889616],[122.3324166,10.8897352],[122.3324429,10.8899787],[122.3323879,10.8900144],[122.332397,10.890164],[122.3324214,10.8903017],[122.332458,10.8905232]]}},{"type":"Feature","id":255472065,"properties":{"osmWayId":255472065,"name":null,"nameNormalized":null,"highway":"track","routingClass":"local","surface":null,"tracktype":null},"geometry":{"type":"LineString","coordinates":[[122.332458,10.8905232],[122.3325118,10.8908294],[122.3325898,10.8910826],[122.3327067,10.891271],[122.3327906,10.8917419],[122.3328206,10.8918126],[122.3328476,10.8921216],[122.3328775,10.89236],[122.3328775,10.8924248],[122.3329225,10.8924925],[122.3329345,10.8925484],[122.3329525,10.8925926],[122.3330295,10.8927318],[122.3330553,10.8928141],[122.3331413,10.8929322],[122.3332374,10.8930201],[122.3333052,10.8931121],[122.333373,10.8930824],[122.3334119,10.8930767],[122.3334537,10.8931206],[122.3334912,10.8932183],[122.3334724,10.8932721],[122.3335286,10.8934929],[122.3337218,10.8936171],[122.3339341,10.893671],[122.3340732,10.8937572]]}},{"type":"Feature","id":255472070,"properties":{"osmWayId":255472070,"name":null,"nameNormalized":null,"highway":"residential","routingClass":"local","surface":null,"tracktype":null},"geometry":{"type":"LineString","coordinates":[[122.3276608,10.9066059],[122.3278111,10.9067083],[122.3280228,10.9068583],[122.3282896,10.9069906],[122.3283586,10.9070322],[122.3286197,10.9069878],[122.3288358,10.9069538],[122.3289498,10.9068853],[122.3290751,10.9066984],[122.3291668,10.9066692],[122.3292177,10.9067394],[122.3293424,10.9067209],[122.3295302,10.9065919],[122.3296027,10.9064984]]}},{"type":"Feature","id":255472071,"properties":{"osmWayId":255472071,"name":null,"nameNormalized":null,"highway":"residential","routingClass":"local","surface":"unpaved","tracktype":null},"geometry":{"type":"LineString","coordinates":[[122.3276608,10.9066059],[122.3277199,10.9067524],[122.3278526,10.9069657],[122.3280115,10.9072408],[122.3280363,10.9073711],[122.3280135,10.9074395],[122.3279753,10.907631],[122.3279873,10.9078541],[122.3280376,10.9080614],[122.3280859,10.9082312],[122.3281087,10.9083363],[122.32812,10.9085708],[122.3280537,10.9087426],[122.327915,10.9088624],[122.327874,10.9090374],[122.3279052,10.9091278],[122.3279868,10.9095303],[122.3280671,10.9097902],[122.3281583,10.9099223],[122.3282028,10.9099751],[122.3281601,10.9100792]]}},{"type":"Feature","id":274635311,"properties":{"osmWayId":274635311,"name":null,"nameNormalized":null,"highway":"unclassified","routingClass":"local","surface":null,"tracktype":null},"geometry":{"type":"LineString","coordinates":[[122.377361,10.8722784],[122.377407,10.8723277],[122.3773905,10.8724763],[122.377217,10.8727318],[122.3770885,10.872812],[122.3768324,10.8727219],[122.3767652,10.872702],[122.3765094,10.8726004],[122.3763172,10.8725259],[122.3763073,10.8724044],[122.3763309,10.8722689]]}},{"type":"Feature","id":274635321,"properties":{"osmWayId":274635321,"name":null,"nameNormalized":null,"highway":"unclassified","routingClass":"local","surface":null,"tracktype":null},"geometry":{"type":"LineString","coordinates":[[122.357666,10.871796],[122.3577678,10.8717855],[122.3579962,10.8715861],[122.358155,10.8715131],[122.3583896,10.8715026],[122.3587989,10.8716014],[122.3592071,10.8716507],[122.3595441,10.8716997],[122.3599271,10.8718232],[122.3602085,10.8718699],[122.3606387,10.8718188],[122.36081,10.8718124]]}},{"type":"Feature","id":274635344,"properties":{"osmWayId":274635344,"name":null,"nameNormalized":null,"highway":"residential","routingClass":"local","surface":null,"tracktype":null},"geometry":{"type":"LineString","coordinates":[[122.3629294,10.8644372],[122.3632596,10.8643486],[122.3634466,10.8643344],[122.3638381,10.8643272],[122.3642246,10.8643059],[122.3644369,10.8643443],[122.3646923,10.8644363],[122.3649436,10.8644583],[122.3653651,10.8644462],[122.3655305,10.864474],[122.3657108,10.8645599],[122.3659405,10.8647435],[122.3662217,10.8648231],[122.3664346,10.8649225],[122.3667262,10.8651624],[122.3669705,10.8653647],[122.3671044,10.8653451],[122.3672999,10.8652466],[122.3674505,10.8652607],[122.3677316,10.8653633],[122.3677731,10.8653538],[122.3679725,10.8653083],[122.3681673,10.8652287],[122.3683982,10.8651991],[122.3685054,10.8652346],[122.3686758,10.8653373],[122.3687906,10.8653442],[122.3692682,10.8649402]]}},{"type":"Feature","id":274635347,"properties":{"osmWayId":274635347,"name":null,"nameNormalized":null,"highway":"unclassified","routingClass":"local","surface":null,"tracktype":null},"geometry":{"type":"LineString","coordinates":[[122.3411384,10.8581682],[122.3411675,10.8584536],[122.3412448,10.858561],[122.3413695,10.8586571],[122.341446,10.858669],[122.3415264,10.8586519],[122.3416268,10.8586073],[122.3417397,10.8585004],[122.3418818,10.8584016],[122.3420468,10.8583792],[122.3422372,10.8584227],[122.3424675,10.8585044],[122.3425732,10.8585471],[122.3427831,10.8586216],[122.3430473,10.858615],[122.3433124,10.8586093],[122.3435971,10.8586334],[122.3439753,10.8587322],[122.3443522,10.8587757],[122.344792,10.8588402],[122.3450361,10.8588152],[122.3453486,10.8587203],[122.3457751,10.858669],[122.346109,10.8586202],[122.3464899,10.8586005],[122.3468332,10.8585597],[122.3471349,10.8584833],[122.3473276,10.8584682],[122.3475866,10.8584576],[122.3480523,10.8584846],[122.3483473,10.8584424],[122.3487335,10.8584372],[122.3488154,10.8584885],[122.3488529,10.8585498]]}},{"type":"Feature","id":274635354,"properties":{"osmWayId":274635354,"name":null,"nameNormalized":null,"highway":"track","routingClass":"local","surface":"unpaved","tracktype":null},"geometry":{"type":"LineString","coordinates":[[122.3669238,10.8819354],[122.3666784,10.8818371],[122.3664227,10.8816998]]}},{"type":"Feature","id":274635363,"properties":{"osmWayId":274635363,"name":null,"nameNormalized":null,"highway":"unclassified","routingClass":"local","surface":null,"tracktype":null},"geometry":{"type":"LineString","coordinates":[[122.3354932,10.8707552],[122.3352395,10.8707033],[122.3348228,10.8705212],[122.3345664,10.8704351]]}},{"type":"Feature","id":274635380,"properties":{"osmWayId":274635380,"name":null,"nameNormalized":null,"highway":"residential","routingClass":"local","surface":null,"tracktype":null},"geometry":{"type":"LineString","coordinates":[[122.3465721,10.8742131],[122.3465539,10.8741912],[122.3465228,10.8741778],[122.3464625,10.8741886],[122.3463964,10.8742223],[122.3463798,10.8742527],[122.3463783,10.8742792]]}},{"type":"Feature","id":274635382,"properties":{"osmWayId":274635382,"name":null,"nameNormalized":null,"highway":"unclassified","routingClass":"local","surface":null,"tracktype":null},"geometry":{"type":"LineString","coordinates":[[122.36081,10.8718124],[122.3610868,10.8720558],[122.361226,10.8721133],[122.36157,10.8720712],[122.3617181,10.8721013],[122.3618685,10.8721879],[122.3623053,10.8722402],[122.3628114,10.872327],[122.3630859,10.8724471],[122.3633677,10.8725824],[122.363652,10.8726772],[122.3638864,10.8728524],[122.3642125,10.8732537],[122.3643031,10.8734831],[122.3643773,10.8738365],[122.3645601,10.8742223],[122.3646896,10.874323],[122.3650097,10.8743427],[122.3654903,10.8744383],[122.3659454,10.8745081],[122.366404,10.8745591],[122.3669542,10.874683],[122.3672453,10.8748142],[122.3674983,10.8750927],[122.3676378,10.8752191],[122.3677964,10.8752951],[122.3679301,10.8752524],[122.3681098,10.8750057],[122.3681635,10.8748214],[122.3681635,10.8745685],[122.3680106,10.8740601],[122.368024,10.8739363],[122.3681313,10.8738757],[122.368252,10.8739021],[122.3687386,10.8740509],[122.368983,10.8740082],[122.3693138,10.8738411],[122.3695719,10.8738278],[122.3700593,10.8738561],[122.3703736,10.873872],[122.370601,10.873782],[122.3708805,10.8735333],[122.371079,10.8733884],[122.3712432,10.8732461],[122.3713338,10.8729617],[122.3714197,10.8726825],[122.3715092,10.8724653],[122.371704,10.8722979],[122.3718971,10.8722268],[122.372216,10.8721566],[122.3724728,10.8720148],[122.372675,10.8718968],[122.3728776,10.8716942],[122.3731705,10.8715378],[122.3733862,10.8715329],[122.3736943,10.8715814],[122.3740013,10.8716252],[122.3743564,10.8717665],[122.3747549,10.8718318],[122.3752227,10.8719506],[122.3755888,10.8720536],[122.3758955,10.8722582],[122.3761358,10.87229],[122.3763309,10.8722689],[122.3765036,10.8722422],[122.3769601,10.8722367],[122.377099,10.8722396],[122.377361,10.8722784]]}},{"type":"Feature","id":274635392,"properties":{"osmWayId":274635392,"name":null,"nameNormalized":null,"highway":"track","routingClass":"local","surface":null,"tracktype":null},"geometry":{"type":"LineString","coordinates":[[122.3738111,10.8656192],[122.3738883,10.8661602],[122.3740877,10.866548],[122.3746753,10.8668979],[122.3750014,10.8671183],[122.3752687,10.867545],[122.3756711,10.8678619],[122.3759261,10.8682037],[122.3760163,10.8684876],[122.3760381,10.8685563],[122.3763676,10.8688856],[122.3767208,10.8692849],[122.3772073,10.8696317],[122.3774672,10.8698477],[122.3775539,10.8700703],[122.3774606,10.8703975],[122.3772806,10.8706593],[122.3772273,10.8709735],[122.3773606,10.871484]]}},{"type":"Feature","id":278481893,"properties":{"osmWayId":278481893,"name":null,"nameNormalized":null,"highway":"residential","routingClass":"local","surface":null,"tracktype":null},"geometry":{"type":"LineString","coordinates":[[122.325693,10.891535],[122.325746,10.8914433],[122.3259264,10.8913053],[122.3267385,10.8908502]]}},{"type":"Feature","id":302139719,"properties":{"osmWayId":302139719,"name":null,"nameNormalized":null,"highway":"residential","routingClass":"local","surface":null,"tracktype":null},"geometry":{"type":"LineString","coordinates":[[122.3523711,10.8811054],[122.3524897,10.8811937],[122.352545,10.8812984],[122.3525711,10.8814271]]}},{"type":"Feature","id":302139720,"properties":{"osmWayId":302139720,"name":null,"nameNormalized":null,"highway":"residential","routingClass":"local","surface":null,"tracktype":null},"geometry":{"type":"LineString","coordinates":[[122.3521101,10.8815862],[122.3521699,10.8815415],[122.3522485,10.8814972],[122.3524127,10.8814557],[122.3525711,10.8814271],[122.3526499,10.8814072],[122.3528027,10.8813195]]}},{"type":"Feature","id":302139721,"properties":{"osmWayId":302139721,"name":null,"nameNormalized":null,"highway":"residential","routingClass":"local","surface":null,"tracktype":null},"geometry":{"type":"LineString","coordinates":[[122.3521101,10.8815862],[122.3520666,10.881486],[122.3521736,10.8814096],[122.3522553,10.881277],[122.3522952,10.8811527],[122.3523711,10.8811054],[122.3524137,10.8810124],[122.3524396,10.8809119]]}},{"type":"Feature","id":480322142,"properties":{"osmWayId":480322142,"name":null,"nameNormalized":null,"highway":"residential","routingClass":"local","surface":null,"tracktype":null},"geometry":{"type":"LineString","coordinates":[[122.3286164,10.8867405],[122.3285752,10.8867886],[122.3284919,10.8869044],[122.3284329,10.8869404],[122.328376,10.8869424],[122.3283191,10.8869104],[122.3282777,10.8868764],[122.3282501,10.8868465],[122.3282032,10.8867926],[122.3281585,10.8866928],[122.3280121,10.8863695],[122.3279857,10.8862916],[122.3279898,10.8862397]]}},{"type":"Feature","id":555578409,"properties":{"osmWayId":555578409,"name":null,"nameNormalized":null,"highway":"residential","routingClass":"local","surface":"unpaved","tracktype":null},"geometry":{"type":"LineString","coordinates":[[122.3725596,10.8960878],[122.3725605,10.8963628],[122.3725643,10.8965846],[122.3726019,10.8968764],[122.3725949,10.8972097],[122.3726072,10.8973217],[122.372752,10.8974306],[122.3728167,10.8974578],[122.3729523,10.8974397],[122.3730971,10.8973822],[122.3731957,10.897364],[122.3733097,10.8973943],[122.3733836,10.8974185],[122.3735069,10.8974034],[122.3736301,10.8973307],[122.3737534,10.8972702],[122.3737934,10.897237]]}},{"type":"Feature","id":556862740,"properties":{"osmWayId":556862740,"name":null,"nameNormalized":null,"highway":"residential","routingClass":"local","surface":null,"tracktype":null},"geometry":{"type":"LineString","coordinates":[[122.3416563,10.856932],[122.3416889,10.8571245],[122.341746,10.8573133],[122.3418056,10.8574652],[122.3418871,10.8576428],[122.3419645,10.8577646],[122.3420095,10.8578262],[122.3420333,10.8578589],[122.3420767,10.857906],[122.3421794,10.8579748],[122.3422837,10.85806]]}},{"type":"Feature","id":560025857,"properties":{"osmWayId":560025857,"name":null,"nameNormalized":null,"highway":"service","routingClass":"local","surface":null,"tracktype":null},"geometry":{"type":"LineString","coordinates":[[122.371642,10.856937],[122.3716285,10.8568579],[122.3717453,10.8567157],[122.371834,10.8566378],[122.371876,10.8564635],[122.371848,10.8563672],[122.3716239,10.8563855],[122.3714838,10.856569],[122.371297,10.856679],[122.3710728,10.8566469],[122.3708887,10.8565947]]}},{"type":"Feature","id":598846867,"properties":{"osmWayId":598846867,"name":null,"nameNormalized":null,"highway":"residential","routingClass":"local","surface":null,"tracktype":null},"geometry":{"type":"LineString","coordinates":[[122.3280363,10.9073711],[122.3281369,10.9074022],[122.3282777,10.9075739],[122.3283454,10.9076298],[122.3284312,10.9076825],[122.328513,10.9077049],[122.3286096,10.9077062],[122.328678,10.9077207],[122.3287638,10.9077516],[122.3288536,10.9077861],[122.3289186,10.9077861],[122.3289442,10.9077385],[122.3289509,10.9076845],[122.3289013,10.90762],[122.3287591,10.907508],[122.3286706,10.9074028],[122.328621,10.9072841],[122.3285741,10.9071788],[122.3283586,10.9070322]]}},{"type":"Feature","id":666270681,"properties":{"osmWayId":666270681,"name":null,"nameNormalized":null,"highway":"residential","routingClass":"local","surface":null,"tracktype":null},"geometry":{"type":"LineString","coordinates":[[122.3465539,10.8741912],[122.3465954,10.874176],[122.3466165,10.8741626],[122.3466446,10.8741111],[122.3466239,10.8740063],[122.3465531,10.8739706]]}},{"type":"Feature","id":668032133,"properties":{"osmWayId":668032133,"name":null,"nameNormalized":null,"highway":"residential","routingClass":"local","surface":null,"tracktype":null},"geometry":{"type":"LineString","coordinates":[[122.3422837,10.85806],[122.3423522,10.8581721],[122.3423826,10.8582522],[122.3424059,10.8583189],[122.3424292,10.8583991],[122.3424411,10.8584325],[122.3424675,10.8585044]]}},{"type":"Feature","id":775184305,"properties":{"osmWayId":775184305,"name":null,"nameNormalized":null,"highway":"residential","routingClass":"local","surface":null,"tracktype":null},"geometry":{"type":"LineString","coordinates":[[122.3774274,10.8729299],[122.3772396,10.8729036],[122.3770885,10.872812]]}},{"type":"Feature","id":810142739,"properties":{"osmWayId":810142739,"name":null,"nameNormalized":null,"highway":"residential","routingClass":"local","surface":"unpaved","tracktype":null},"geometry":{"type":"LineString","coordinates":[[122.3547954,10.903326],[122.3548815,10.9032534],[122.3549802,10.9032029],[122.3550747,10.9031263],[122.3553562,10.9028357],[122.355383,10.9028276],[122.3554631,10.9028801],[122.3556522,10.9030556]]}},{"type":"Feature","id":916159904,"properties":{"osmWayId":916159904,"name":null,"nameNormalized":null,"highway":"service","routingClass":"local","surface":null,"tracktype":null},"geometry":{"type":"LineString","coordinates":[[122.3345664,10.8704351],[122.3345366,10.8704934],[122.3344854,10.8705157],[122.3344218,10.8705301],[122.3343099,10.8704981]]}},{"type":"Feature","id":916207562,"properties":{"osmWayId":916207562,"name":null,"nameNormalized":null,"highway":"unclassified","routingClass":"local","surface":null,"tracktype":null},"geometry":{"type":"LineString","coordinates":[[122.3248528,10.8921145],[122.3248572,10.8921994],[122.3248917,10.8922705],[122.3248944,10.8923812],[122.3248675,10.892476],[122.3247804,10.8925695],[122.3246959,10.892638],[122.3246342,10.8926933],[122.324602,10.892767],[122.3245993,10.8928619],[122.3246154,10.8929909],[122.3246436,10.8931174],[122.3246678,10.8932543],[122.3246409,10.8935059]]}},{"type":"Feature","id":917709425,"properties":{"osmWayId":917709425,"name":null,"nameNormalized":null,"highway":"residential","routingClass":"local","surface":null,"tracktype":null},"geometry":{"type":"LineString","coordinates":[[122.36081,10.8718124],[122.3610148,10.8717717],[122.3612231,10.8716752],[122.3614065,10.8715844]]}},{"type":"Feature","id":917725616,"properties":{"osmWayId":917725616,"name":null,"nameNormalized":null,"highway":"residential","routingClass":"local","surface":null,"tracktype":null},"geometry":{"type":"LineString","coordinates":[[122.3506471,10.8819983],[122.3507962,10.8820017],[122.3510376,10.8819324],[122.3512334,10.8817989],[122.3513868,10.8816987],[122.3515106,10.8816594],[122.3517644,10.8816593],[122.3520077,10.881632],[122.3521101,10.8815862]]}},{"type":"Feature","id":917725617,"properties":{"osmWayId":917725617,"name":null,"nameNormalized":null,"highway":"residential","routingClass":"local","surface":null,"tracktype":null},"geometry":{"type":"LineString","coordinates":[[122.3466759,10.8744363],[122.3465721,10.8742131]]}},{"type":"Feature","id":923718003,"properties":{"osmWayId":923718003,"name":null,"nameNormalized":null,"highway":"service","routingClass":"local","surface":null,"tracktype":null},"geometry":{"type":"LineString","coordinates":[[122.3677317,10.8977815],[122.3677171,10.89773],[122.3676501,10.8976584],[122.3675219,10.8975411],[122.3674882,10.8974983]]}},{"type":"Feature","id":1136460930,"properties":{"osmWayId":1136460930,"name":"Mayang Road","nameNormalized":"mayang","highway":"unclassified","routingClass":"local","surface":null,"tracktype":null},"geometry":{"type":"LineString","coordinates":[[122.342257,10.8528364],[122.3422743,10.8529617],[122.3423317,10.8531229],[122.3425335,10.8532231],[122.3427426,10.8533185],[122.3428743,10.8533795],[122.3429534,10.8534546],[122.3429118,10.853608],[122.3428756,10.8537628],[122.3428508,10.853853],[122.3428654,10.8540108],[122.3429085,10.8541421],[122.343009,10.8542106],[122.3431465,10.854235],[122.3432203,10.8543067],[122.3433182,10.8545179],[122.3433624,10.854636],[122.3434415,10.8547539],[122.3435871,10.8548869],[122.3437634,10.8549436],[122.3439398,10.8549475],[122.3440699,10.85491],[122.344145,10.8548776],[122.3442914,10.854817],[122.3443568,10.8547605],[122.3444545,10.8547336],[122.3444936,10.8547394],[122.3446573,10.8547697]]}},{"type":"Feature","id":1136460931,"properties":{"osmWayId":1136460931,"name":null,"nameNormalized":null,"highway":"track","routingClass":"local","surface":null,"tracktype":null},"geometry":{"type":"LineString","coordinates":[[122.3444545,10.8547336],[122.3444994,10.8542183],[122.3445767,10.853867],[122.3447271,10.8536953],[122.344845,10.8535515]]}},{"type":"Feature","id":1136579953,"properties":{"osmWayId":1136579953,"name":"Sitio Mayang Road","nameNormalized":"sitio mayang","highway":"service","routingClass":"local","surface":null,"tracktype":null},"geometry":{"type":"LineString","coordinates":[[122.3447587,10.8549191],[122.3449403,10.8550092],[122.3450277,10.8550373],[122.3451293,10.855055],[122.3452502,10.8550981],[122.3453427,10.8551374]]}},{"type":"Feature","id":1474041940,"properties":{"osmWayId":1474041940,"name":null,"nameNormalized":null,"highway":"residential","routingClass":"local","surface":null,"tracktype":null},"geometry":{"type":"LineString","coordinates":[[122.3292177,10.9067394],[122.3293224,10.9068272],[122.3296349,10.9069773]]}},{"type":"Feature","id":1474066181,"properties":{"osmWayId":1474066181,"name":null,"nameNormalized":null,"highway":"service","routingClass":"local","surface":null,"tracktype":null},"geometry":{"type":"LineString","coordinates":[[122.3267405,10.8912164],[122.3267499,10.8912267],[122.3268802,10.8913679]]}},{"type":"Feature","id":1474579769,"properties":{"osmWayId":1474579769,"name":null,"nameNormalized":null,"highway":"service","routingClass":"local","surface":null,"tracktype":null},"geometry":{"type":"LineString","coordinates":[[122.3465531,10.8739706],[122.3464901,10.8739575],[122.3464885,10.8738007]]}},{"type":"Feature","id":1474579770,"properties":{"osmWayId":1474579770,"name":null,"nameNormalized":null,"highway":"residential","routingClass":"local","surface":null,"tracktype":null},"geometry":{"type":"LineString","coordinates":[[122.3463783,10.8742792],[122.3464934,10.8745438],[122.3465461,10.8746597]]}},{"type":"Feature","id":1474580619,"properties":{"osmWayId":1474580619,"name":null,"nameNormalized":null,"highway":"track","routingClass":"local","surface":null,"tracktype":null},"geometry":{"type":"LineString","coordinates":[[122.3692055,10.8576772],[122.3690405,10.8574467],[122.3689882,10.8572096],[122.3688743,10.8569054],[122.3687951,10.856854],[122.3686704,10.8568474],[122.3684987,10.8568593]]}},{"type":"Feature","id":1474580620,"properties":{"osmWayId":1474580620,"name":null,"nameNormalized":null,"highway":"residential","routingClass":"local","surface":null,"tracktype":null},"geometry":{"type":"LineString","coordinates":[[122.3678522,10.8568892],[122.3681273,10.8569001],[122.3684987,10.8568593]]}},{"type":"Feature","id":1474580621,"properties":{"osmWayId":1474580621,"name":null,"nameNormalized":null,"highway":"unclassified","routingClass":"local","surface":null,"tracktype":null},"geometry":{"type":"LineString","coordinates":[[122.3738111,10.8656192],[122.3737437,10.8648948],[122.3736324,10.8645638],[122.3731395,10.8639269],[122.3726378,10.8633956],[122.372052,10.8628257],[122.3716531,10.8624826],[122.3713035,10.8621219],[122.3710988,10.8617612],[122.3707989,10.8614959],[122.3705974,10.8611592],[122.3703539,10.8607733],[122.3701264,10.8604362],[122.3700944,10.8600252],[122.3700444,10.8595867]]}},{"type":"Feature","id":1474580622,"properties":{"osmWayId":1474580622,"name":null,"nameNormalized":null,"highway":"service","routingClass":"local","surface":null,"tracktype":null},"geometry":{"type":"LineString","coordinates":[[122.3708887,10.8565947],[122.3707706,10.8565037],[122.3704112,10.8562567]]}},{"type":"Feature","id":1474589783,"properties":{"osmWayId":1474589783,"name":null,"nameNormalized":null,"highway":"residential","routingClass":"local","surface":null,"tracktype":null},"geometry":{"type":"LineString","coordinates":[[122.3375584,10.855725],[122.3375594,10.8558886]]}},{"type":"Feature","id":1474589784,"properties":{"osmWayId":1474589784,"name":null,"nameNormalized":null,"highway":"unclassified","routingClass":"local","surface":"ground","tracktype":null},"geometry":{"type":"LineString","coordinates":[[122.3374298,10.8558037],[122.3375112,10.8557735],[122.3375584,10.855725]]}},{"type":"Feature","id":1474589785,"properties":{"osmWayId":1474589785,"name":null,"nameNormalized":null,"highway":"unclassified","routingClass":"local","surface":null,"tracktype":null},"geometry":{"type":"LineString","coordinates":[[122.3368714,10.8554645],[122.3369345,10.8554737],[122.3370163,10.8555172],[122.3371933,10.8556423],[122.3374298,10.8558037],[122.3375031,10.8558544],[122.3375594,10.8558886],[122.3377767,10.8560796],[122.3378773,10.8561981],[122.3379631,10.8563166],[122.3380302,10.8564115],[122.3381267,10.8564694]]}},{"type":"Feature","id":1474589786,"properties":{"osmWayId":1474589786,"name":null,"nameNormalized":null,"highway":"unclassified","routingClass":"local","surface":null,"tracktype":null},"geometry":{"type":"LineString","coordinates":[[122.3381267,10.8564694],[122.338286,10.8565396],[122.3385116,10.8566169],[122.3387866,10.8566802],[122.3389314,10.8567052],[122.339221,10.8567709],[122.339326,10.8567861],[122.339474,10.8568605],[122.339614,10.8569357],[122.3396865,10.8569989],[122.3397857,10.8570476],[122.339901,10.8570648],[122.3400097,10.8570542],[122.3401036,10.8569752],[122.3401692,10.8568962],[122.340322,10.8566538],[122.3404373,10.8565237],[122.3404872,10.8565085],[122.3405199,10.8565101],[122.340563,10.8565321],[122.3406386,10.8566202],[122.3407526,10.8567717],[122.3408525,10.8568409],[122.340933,10.8568382],[122.3410557,10.8567678],[122.3411626,10.8566407],[122.3412624,10.8564649],[122.3413605,10.8562232],[122.3414422,10.8560737]]}},{"type":"Feature","id":1474589793,"properties":{"osmWayId":1474589793,"name":"Mayang Road","nameNormalized":"mayang","highway":"unclassified","routingClass":"local","surface":null,"tracktype":null},"geometry":{"type":"LineString","coordinates":[[122.3446573,10.8547697],[122.344851,10.8547572],[122.3450053,10.8547625],[122.3451179,10.8548283],[122.3453325,10.8549811],[122.345484,10.8550193]]}},{"type":"Feature","id":1474589794,"properties":{"osmWayId":1474589794,"name":"Sitio Mayang Road","nameNormalized":"sitio mayang","highway":"service","routingClass":"local","surface":null,"tracktype":null},"geometry":{"type":"LineString","coordinates":[[122.3446573,10.8547697],[122.3447156,10.8548527],[122.3447587,10.8549191]]}},{"type":"Feature","id":1474649467,"properties":{"osmWayId":1474649467,"name":null,"nameNormalized":null,"highway":"track","routingClass":"local","surface":null,"tracktype":null},"geometry":{"type":"LineString","coordinates":[[122.3623216,10.8837875],[122.3629251,10.8835979],[122.3631424,10.8834978],[122.363255,10.8834293],[122.3635527,10.8833845],[122.3638719,10.8832186],[122.3640597,10.882971],[122.3642233,10.8826233],[122.36423,10.8824231],[122.3642099,10.8822348],[122.364226,10.8820846],[122.3643132,10.8819608],[122.3644701,10.8819121],[122.3646967,10.8819845],[122.3649663,10.8820346],[122.3651849,10.8819954]]}},{"type":"Feature","id":1474649686,"properties":{"osmWayId":1474649686,"name":null,"nameNormalized":null,"highway":"track","routingClass":"local","surface":null,"tracktype":null},"geometry":{"type":"LineString","coordinates":[[122.3506607,10.8894544],[122.3507787,10.8891489],[122.3508015,10.888975],[122.3507653,10.8888025],[122.35076,10.8886656],[122.3507506,10.8883771],[122.3507801,10.8881783],[122.3508471,10.8880255],[122.3511086,10.8878583],[122.351397,10.8877305],[122.3516893,10.887454],[122.3519629,10.887101],[122.3519307,10.8869851],[122.3517939,10.8867349],[122.3518208,10.8865558],[122.3517242,10.8863714],[122.3516692,10.8862476],[122.3516545,10.8860659],[122.3517296,10.8859631],[122.3519455,10.8858064],[122.3519951,10.8856471],[122.3519924,10.8854732],[122.3520353,10.8851756],[122.3520775,10.8849514]]}},{"type":"Feature","id":1474656702,"properties":{"osmWayId":1474656702,"name":null,"nameNormalized":null,"highway":"service","routingClass":"local","surface":null,"tracktype":null},"geometry":{"type":"LineString","coordinates":[[122.3252951,10.8979526],[122.3255941,10.8979842],[122.3259079,10.8979579],[122.3261517,10.8979454]]}},{"type":"Feature","id":1476712097,"properties":{"osmWayId":1476712097,"name":null,"nameNormalized":null,"highway":"track","routingClass":"local","surface":null,"tracktype":null},"geometry":{"type":"LineString","coordinates":[[122.3534623,10.9078135],[122.3537359,10.9076529],[122.3545781,10.9076608],[122.3552594,10.9074685],[122.3555946,10.9072789],[122.355836,10.9071735],[122.3564878,10.9067074],[122.357016,10.9060815]]}},{"type":"Feature","id":1476712098,"properties":{"osmWayId":1476712098,"name":null,"nameNormalized":null,"highway":"residential","routingClass":"local","surface":"ground","tracktype":null},"geometry":{"type":"LineString","coordinates":[[122.3538257,10.9045029],[122.3539585,10.9043883],[122.3539907,10.9042803],[122.3541623,10.9042079],[122.3542535,10.9040802],[122.3543287,10.9040102]]}},{"type":"Feature","id":1528038707,"properties":{"osmWayId":1528038707,"name":null,"nameNormalized":null,"highway":"unclassified","routingClass":"local","surface":"dirt","tracktype":null},"geometry":{"type":"LineString","coordinates":[[122.3290021,10.8554737],[122.3294525,10.855961],[122.3297073,10.8560809],[122.3299594,10.8561665],[122.3302612,10.8561678],[122.3305361,10.8562969],[122.3306622,10.8564615],[122.3307118,10.8565932],[122.3308137,10.8566578],[122.330925,10.8565985],[122.3309934,10.8564523],[122.3311289,10.8563048],[122.3312177,10.8562105],[122.3312536,10.8561508],[122.3313406,10.8561217],[122.3314092,10.8561876],[122.3314843,10.8563799],[122.3316452,10.8565287],[122.331782,10.8566828]]}},{"type":"Feature","id":1528038708,"properties":{"osmWayId":1528038708,"name":null,"nameNormalized":null,"highway":"unclassified","routingClass":"local","surface":"dirt","tracktype":null},"geometry":{"type":"LineString","coordinates":[[122.3303168,10.8595666],[122.3304248,10.8595422],[122.3305213,10.8595514],[122.330803,10.8594158],[122.3308647,10.8593196],[122.3310068,10.8592024],[122.3314145,10.8589337],[122.3316854,10.8586347],[122.3318557,10.858395],[122.3318678,10.8581474],[122.3318799,10.8579907],[122.3320636,10.8578735],[122.3321843,10.8577325],[122.3321253,10.8576469],[122.3319027,10.8574915],[122.3316023,10.8574125],[122.3314467,10.8573282],[122.3314226,10.8571965],[122.3315862,10.8570648],[122.3318008,10.8568672],[122.3318249,10.8567592],[122.331782,10.8566828]]}},{"type":"Feature","id":1528038709,"properties":{"osmWayId":1528038709,"name":null,"nameNormalized":null,"highway":"unclassified","routingClass":"local","surface":"dirt","tracktype":null},"geometry":{"type":"LineString","coordinates":[[122.331782,10.8566828],[122.3318557,10.8566446],[122.3319349,10.8564405],[122.331959,10.8561744],[122.3320234,10.8560901],[122.3321843,10.8561191],[122.3322353,10.856235],[122.3323023,10.8563272],[122.3324633,10.8566248],[122.3326698,10.8567434],[122.3329065,10.8567829],[122.3330494,10.8567276],[122.3331177,10.8566749],[122.3331606,10.8565485],[122.3332143,10.8563904],[122.3333216,10.8563166],[122.3334637,10.856422],[122.3335817,10.8565748],[122.3337856,10.8566617],[122.3340082,10.8567302],[122.3340189,10.8569172],[122.3343059,10.8573466],[122.3343274,10.8579156],[122.3342603,10.8583581],[122.3343167,10.8584747],[122.3344407,10.8585998],[122.3345125,10.8586637],[122.3345715,10.8589548],[122.3347297,10.8590615],[122.335006,10.8591286],[122.335466,10.859043],[122.3356631,10.8589403],[122.3357905,10.8588283],[122.3358958,10.8587538]]}},{"type":"Feature","id":1528038710,"properties":{"osmWayId":1528038710,"name":null,"nameNormalized":null,"highway":"residential","routingClass":"local","surface":"concrete","tracktype":null},"geometry":{"type":"LineString","coordinates":[[122.336764,10.8561805],[122.3370403,10.8561101],[122.337361,10.8560381]]}},{"type":"Feature","id":1528038711,"properties":{"osmWayId":1528038711,"name":null,"nameNormalized":null,"highway":"unclassified","routingClass":"local","surface":null,"tracktype":null},"geometry":{"type":"LineString","coordinates":[[122.336777,10.8562533],[122.336764,10.8561805],[122.3367306,10.856019],[122.3367346,10.8558728],[122.3367507,10.8556858],[122.3367813,10.8555348],[122.3368177,10.8554885],[122.3368714,10.8554645]]}},{"type":"Feature","id":85049439,"properties":{"osmWayId":85049439,"name":"Rizal Street","nameNormalized":"rizal street","highway":"tertiary","routingClass":"trunk","surface":null,"tracktype":null},"geometry":{"type":"LineString","coordinates":[[122.4311352,10.8921753],[122.4313321,10.8921358],[122.4320813,10.8918562],[122.4324382,10.8917348],[122.4326671,10.8916629],[122.4327975,10.8916306],[122.4328068,10.8916283],[122.4328709,10.8916299],[122.4329732,10.8916387],[122.4333942,10.8915252]]}},{"type":"Feature","id":168243164,"properties":{"osmWayId":168243164,"name":"Bancal-Leon Road","nameNormalized":"bancal leon","highway":"secondary","routingClass":"trunk","surface":"concrete","tracktype":null},"geometry":{"type":"LineString","coordinates":[[122.4305193,10.7876557],[122.4305784,10.7876929],[122.430624,10.787716],[122.4306801,10.7877414],[122.4307394,10.7877561],[122.4308303,10.7877651],[122.4309107,10.7877625],[122.4310015,10.7877488]]}},{"type":"Feature","id":168243167,"properties":{"osmWayId":168243167,"name":"Bancal-Leon Road","nameNormalized":"bancal leon","highway":"secondary","routingClass":"trunk","surface":"concrete","tracktype":null},"geometry":{"type":"LineString","coordinates":[[122.4306322,10.788125],[122.4306327,10.788069],[122.4306287,10.7879979],[122.4306197,10.7879251],[122.4306025,10.7878507],[122.4305762,10.7877762],[122.4305476,10.7877154],[122.4305193,10.7876557]]}},{"type":"Feature","id":168243170,"properties":{"osmWayId":168243170,"name":"Mandurriao-San Miguel-Alimodian-Maasin-Cabatuan Road","nameNormalized":"mandurriao san miguel alimodian maasin cabatuan","highway":"secondary","routingClass":"trunk","surface":null,"tracktype":null},"geometry":{"type":"LineString","coordinates":[[122.4279603,10.8755885],[122.4279697,10.8755569],[122.427973,10.875519],[122.4279683,10.8754795],[122.4279516,10.8754413],[122.4279138,10.8754007],[122.4278627,10.8753771],[122.4277957,10.8753587],[122.4277152,10.875359],[122.4275959,10.8753778],[122.4274698,10.8754081],[122.4274101,10.8754163],[122.4273477,10.8754102],[122.4273092,10.8753977],[122.427278,10.8753766],[122.4272638,10.87535],[122.4272571,10.8753146],[122.4272616,10.8752698],[122.4272787,10.875201],[122.4273598,10.8749932],[122.427565,10.8745988],[122.4276683,10.8743841],[122.4277487,10.8741905],[122.4278346,10.8739205],[122.4279043,10.8737019],[122.4279968,10.8733608],[122.4280968,10.8729986],[122.428143,10.872859],[122.4282148,10.8726687],[122.4282939,10.872533],[122.4283838,10.8723888],[122.4285045,10.8722025],[122.4285906,10.872094],[122.428654,10.8719871],[122.4287412,10.8718238],[122.4288055,10.8716809],[122.4288712,10.8715084],[122.4289075,10.8713615],[122.4289182,10.8712351],[122.4289276,10.871056],[122.4289269,10.8708782],[122.4289162,10.8707109],[122.4288947,10.8705845],[122.4288531,10.8704482],[122.4288109,10.8703639],[122.4287499,10.8702618],[122.4286828,10.8701689],[122.4286272,10.870082],[122.4285675,10.8699549],[122.4285293,10.869818],[122.4284904,10.8696132],[122.4284448,10.8694577],[122.4283817,10.8693339],[122.4282845,10.8691983],[122.428194,10.8690923],[122.4281115,10.8690103],[122.4280455,10.8689415],[122.4279968,10.8688644],[122.4279466,10.8687449],[122.4278869,10.8685668],[122.4278013,10.868246],[122.4276321,10.8674505]]}},{"type":"Feature","id":168244471,"properties":{"osmWayId":168244471,"name":"Alimodian-Maasin Road","nameNormalized":"alimodian maasin","highway":"secondary","routingClass":"trunk","surface":null,"tracktype":null},"geometry":{"type":"LineString","coordinates":[[122.4295183,10.8463483],[122.4290979,10.8457296],[122.428986,10.8455298],[122.4288548,10.8452939]]}},{"type":"Feature","id":168244472,"properties":{"osmWayId":168244472,"name":"Aleosan-Alimodian Road","nameNormalized":"aleosan alimodian","highway":"secondary","routingClass":"trunk","surface":null,"tracktype":null},"geometry":{"type":"LineString","coordinates":[[122.4290635,10.7972091],[122.4283643,10.7960605],[122.4281939,10.7957579],[122.4279632,10.795352],[122.4277996,10.7949121],[122.4277352,10.7946024],[122.4277459,10.794119],[122.4277876,10.7936792],[122.4278614,10.7935765],[122.4279512,10.7934553],[122.4282302,10.7932498],[122.4286929,10.7929178],[122.4289557,10.792707],[122.429034,10.7925952],[122.4290761,10.7925363],[122.4290829,10.7924935],[122.4290901,10.7924482],[122.4290902,10.7923095],[122.4291247,10.791582],[122.4291385,10.791352],[122.4291745,10.7909692],[122.4291958,10.7908535],[122.4292173,10.7907957],[122.4292667,10.7907266],[122.4293442,10.7906688],[122.429629,10.7904431],[122.4297383,10.7903588],[122.4297959,10.7903061],[122.4298321,10.7902685],[122.4298717,10.790202],[122.4299522,10.7899541],[122.4300926,10.78947],[122.4302566,10.78888],[122.4302923,10.788768],[122.4303646,10.7885895],[122.4304356,10.7884338],[122.4305979,10.7881693],[122.4306322,10.788125],[122.4306713,10.788076],[122.430725,10.7880117],[122.4308007,10.7879317],[122.430915,10.787821],[122.4310015,10.7877488],[122.431096,10.7876973],[122.4311912,10.7876285],[122.4312527,10.7875818],[122.4313208,10.7875191],[122.4313872,10.7874519],[122.4314542,10.7873834],[122.4315454,10.7872952],[122.4316031,10.7872398],[122.431685,10.7871512]]}},{"type":"Feature","id":170098433,"properties":{"osmWayId":170098433,"name":"Aguinaldo Street","nameNormalized":"aguinaldo street","highway":"tertiary","routingClass":"trunk","surface":null,"tracktype":null},"geometry":{"type":"LineString","coordinates":[[122.4333942,10.8915252],[122.4338208,10.8929313]]}},{"type":"Feature","id":170098438,"properties":{"osmWayId":170098438,"name":null,"nameNormalized":null,"highway":"tertiary","routingClass":"trunk","surface":null,"tracktype":null},"geometry":{"type":"LineString","coordinates":[[122.4339935,10.8935556],[122.4341977,10.8942506]]}},{"type":"Feature","id":170098443,"properties":{"osmWayId":170098443,"name":"Mabini Street","nameNormalized":"mabini street","highway":"tertiary","routingClass":"trunk","surface":null,"tracktype":null},"geometry":{"type":"LineString","coordinates":[[122.4311352,10.8921753],[122.4313995,10.8931993],[122.431439,10.8932464],[122.4315081,10.8932644],[122.4315842,10.8932588],[122.4325351,10.8931142],[122.4332057,10.8930233],[122.4335209,10.8929694],[122.4338208,10.8929313],[122.4341083,10.8929272],[122.4344663,10.8928877],[122.4346755,10.8928745],[122.4348463,10.8928374],[122.4355872,10.8926717],[122.4358664,10.8926391],[122.4360897,10.8926756],[122.436268,10.8926764],[122.4364367,10.8926619],[122.4371449,10.8925321],[122.4377118,10.8924182],[122.4378902,10.8923971],[122.438039,10.8923741],[122.4381782,10.8923352],[122.4382527,10.8922887]]}},{"type":"Feature","id":170098444,"properties":{"osmWayId":170098444,"name":null,"nameNormalized":null,"highway":"tertiary","routingClass":"trunk","surface":null,"tracktype":null},"geometry":{"type":"LineString","coordinates":[[122.4338208,10.8929313],[122.4339935,10.8935556]]}},{"type":"Feature","id":170098445,"properties":{"osmWayId":170098445,"name":null,"nameNormalized":null,"highway":"tertiary","routingClass":"trunk","surface":null,"tracktype":null},"geometry":{"type":"LineString","coordinates":[[122.4341977,10.8942506],[122.4343368,10.8948482],[122.4344493,10.8953502],[122.4344731,10.8954301],[122.4345479,10.8956817],[122.4345796,10.8957514],[122.4346962,10.8959065],[122.4347938,10.8960052],[122.4349239,10.8961092],[122.4349451,10.8962248],[122.4350575,10.8963097],[122.4351936,10.8965649],[122.4353476,10.8973202],[122.4354503,10.8976583],[122.4355839,10.8979451],[122.4357376,10.8982397],[122.4361339,10.8990401],[122.4362834,10.8993749],[122.4363015,10.8994761]]}},{"type":"Feature","id":170211686,"properties":{"osmWayId":170211686,"name":null,"nameNormalized":null,"highway":"tertiary","routingClass":"trunk","surface":null,"tracktype":null},"geometry":{"type":"LineString","coordinates":[[122.4330541,10.7397647],[122.433423,10.7397515],[122.4336818,10.7397146],[122.4338749,10.7396863],[122.4341471,10.7396593],[122.4344999,10.7396171],[122.4347828,10.7395763],[122.4350773,10.7395242],[122.4358127,10.7394347],[122.4358881,10.7394262],[122.4360443,10.7394086],[122.4363827,10.7393705],[122.4364715,10.7393605],[122.4368008,10.7393318],[122.4372914,10.7392891],[122.4376694,10.7392614],[122.4380089,10.7392297],[122.438314,10.7391533],[122.4386499,10.7390538],[122.4389912,10.7390018],[122.4392153,10.7389695],[122.4398039,10.7389438],[122.4400535,10.7389272],[122.4402862,10.7389425],[122.4408594,10.7390065],[122.4409693,10.7390274],[122.4412067,10.7390914],[122.4415205,10.7391454],[122.4419001,10.7391922],[122.442061,10.7392323],[122.4421131,10.7392402],[122.4424308,10.7392902],[122.4429797,10.7393744],[122.4437892,10.7394936],[122.4442738,10.7395487],[122.4448412,10.7396238],[122.4453997,10.7396737],[122.4459782,10.7397083],[122.4461782,10.7397252],[122.4464039,10.7397532],[122.4471334,10.7398439],[122.4479401,10.7399148],[122.4482824,10.7399544],[122.4486551,10.7400627],[122.4489543,10.740104]]}},{"type":"Feature","id":170211690,"properties":{"osmWayId":170211690,"name":null,"nameNormalized":null,"highway":"tertiary","routingClass":"trunk","surface":null,"tracktype":null},"geometry":{"type":"LineString","coordinates":[[122.4019473,10.7330935],[122.40234,10.7330024],[122.4026512,10.7328864],[122.4028658,10.7327599],[122.402955,10.7327338],[122.4030589,10.7327388],[122.4032198,10.7328126],[122.4050759,10.7340038],[122.4090779,10.736457],[122.4100112,10.7370291],[122.4105583,10.737398],[122.4107622,10.7376931],[122.4112128,10.7385786],[122.4114381,10.7388975],[122.4115485,10.7390544],[122.4117492,10.7391583],[122.4126826,10.7392743],[122.413386,10.7392131],[122.4135302,10.7392005],[122.4144047,10.7388421],[122.4151074,10.7388316],[122.4157243,10.7387169],[122.416663,10.7384943],[122.4176501,10.7383151],[122.4178647,10.7383203],[122.4187606,10.7383678],[122.4191146,10.7383151],[122.4214145,10.737729],[122.421711,10.7377353],[122.4226076,10.7378254],[122.42339,10.737904],[122.423728,10.737958],[122.4240983,10.7380861]]}},{"type":"Feature","id":170409006,"properties":{"osmWayId":170409006,"name":"Alimodian-San Miguel Road","nameNormalized":"alimodian san miguel","highway":"secondary","routingClass":"trunk","surface":null,"tracktype":null},"geometry":{"type":"LineString","coordinates":[[122.4348868,10.8164061],[122.4337238,10.8166407]]}},{"type":"Feature","id":170409009,"properties":{"osmWayId":170409009,"name":null,"nameNormalized":null,"highway":"secondary","routingClass":"trunk","surface":null,"tracktype":null},"geometry":{"type":"LineString","coordinates":[[122.4337238,10.8166407],[122.432957,10.8168004],[122.4327464,10.8168556],[122.4323883,10.8169801],[122.432291,10.8170372],[122.4322616,10.8170545]]}},{"type":"Feature","id":170410209,"properties":{"osmWayId":170410209,"name":"Alimodian-Maasin Road","nameNormalized":"alimodian maasin","highway":"secondary","routingClass":"trunk","surface":null,"tracktype":null},"geometry":{"type":"LineString","coordinates":[[122.4307775,10.8267493],[122.4307724,10.8266289]]}},{"type":"Feature","id":170410210,"properties":{"osmWayId":170410210,"name":"Kune Alejo Road","nameNormalized":"kune alejo","highway":"tertiary","routingClass":"trunk","surface":null,"tracktype":null},"geometry":{"type":"LineString","coordinates":[[122.4310105,10.8235824],[122.4304054,10.823428],[122.4303196,10.8234021],[122.4302584,10.8233835],[122.4301305,10.8233783],[122.4299929,10.8233868],[122.4298747,10.8234038],[122.4296872,10.8234365],[122.4294247,10.8235173],[122.4292387,10.8236065],[122.4291287,10.8236729],[122.4288136,10.8238776],[122.4286647,10.8240242],[122.4284744,10.8242592],[122.4282959,10.8244363],[122.4281293,10.824583],[122.4280581,10.8246101],[122.4279901,10.8246206],[122.4272368,10.8246948],[122.4268798,10.8247399],[122.4265975,10.8247779],[122.4264559,10.8248257],[122.4263206,10.8249016],[122.4261882,10.8249917],[122.4259464,10.8251033],[122.4257358,10.8251385],[122.4254992,10.8251359],[122.4253733,10.825111],[122.4252664,10.8251036],[122.4251322,10.8250207],[122.4250341,10.8248859],[122.424991,10.8248161],[122.4248489,10.8247087],[122.4246521,10.8246338],[122.4244659,10.8245982],[122.4243051,10.8245895],[122.4242202,10.8246089],[122.4241377,10.8246439],[122.4238933,10.8247601],[122.4237338,10.8248309],[122.4234762,10.8248751],[122.4230284,10.8249199],[122.4227083,10.8249699],[122.4223736,10.8250128],[122.4221481,10.82507],[122.4219953,10.8251557],[122.4216897,10.8253844],[122.4215475,10.8256002]]}},{"type":"Feature","id":170410211,"properties":{"osmWayId":170410211,"name":null,"nameNormalized":null,"highway":"tertiary","routingClass":"trunk","surface":null,"tracktype":null},"geometry":{"type":"LineString","coordinates":[[122.4095245,10.8227827],[122.4096894,10.8227128],[122.4099295,10.8226654],[122.4101368,10.8226453],[122.4103533,10.8226193],[122.4105631,10.8225607],[122.4108194,10.8224587],[122.4110182,10.8223524],[122.411228,10.8222786],[122.4114401,10.8222482],[122.4117074,10.8221354],[122.4118687,10.8220356],[122.4119681,10.82199],[122.412094,10.82199],[122.4123171,10.821951],[122.4125071,10.8219423],[122.4126683,10.8219271],[122.4128983,10.821807],[122.4130704,10.8216689],[122.4132507,10.8215091],[122.4134128,10.8213933],[122.4136779,10.8212849],[122.4139098,10.8211785],[122.4140622,10.8210397],[122.4141904,10.8208813],[122.41425,10.8207815],[122.4143338,10.8205741],[122.4143654,10.8204458],[122.414481,10.8201801],[122.4145609,10.8200182],[122.4146521,10.8198217],[122.4147471,10.8195323],[122.4147936,10.8193794],[122.4149412,10.819171],[122.4149888,10.8190427],[122.414964,10.8187018],[122.4149843,10.8185692],[122.415095,10.8182802],[122.4151383,10.8181169],[122.4151232,10.8179211],[122.4151553,10.8172462],[122.4152,10.8170936],[122.4153644,10.8169181],[122.4156704,10.8167131],[122.4158273,10.8166893],[122.4160296,10.816657],[122.4161118,10.816572],[122.4161841,10.8163857],[122.4163298,10.8161696],[122.4165406,10.8158634],[122.4169507,10.8153452],[122.4171172,10.8151795],[122.4173515,10.815025],[122.4176321,10.8148797],[122.4177804,10.8147607],[122.4178152,10.8146871],[122.4178353,10.8145655],[122.4179981,10.8141159],[122.4180814,10.8139531],[122.4183084,10.8136449],[122.4185231,10.8133106],[122.4186438,10.8131915],[122.4188233,10.8129924],[122.4189752,10.812807],[122.4191406,10.812535],[122.4194548,10.812248],[122.4197329,10.8119113],[122.4198124,10.8118484],[122.4203291,10.8114935],[122.4207743,10.811219],[122.4210215,10.8110842],[122.421105,10.8110233],[122.4213074,10.8107625],[122.4214182,10.810582],[122.4215478,10.8104296],[122.4216286,10.8103654],[122.4217272,10.8103541],[122.4219083,10.8103358],[122.4220855,10.8102952],[122.4222363,10.810247],[122.4226482,10.8100392],[122.4227806,10.8099952],[122.4229163,10.8100001],[122.4233235,10.8100076],[122.4237435,10.809988],[122.4239305,10.8100237],[122.4241508,10.8101146],[122.4243978,10.8102637],[122.4247602,10.8104706],[122.4252662,10.8107278],[122.4257946,10.8108659],[122.4261203,10.8109257],[122.4262915,10.81093],[122.4264439,10.8108959],[122.4266494,10.8108438],[122.4268337,10.810815],[122.4269707,10.8108254],[122.42726,10.8109002],[122.4277406,10.8110391],[122.4281361,10.8111606],[122.4286203,10.8112646],[122.428731,10.8113085],[122.428822,10.8113446],[122.429002,10.8115989],[122.429079,10.8117201],[122.4291483,10.811798],[122.4292449,10.8118604],[122.4293285,10.8119255],[122.4294223,10.8120304],[122.429807,10.8125775]]}},{"type":"Feature","id":170410223,"properties":{"osmWayId":170410223,"name":"Alibango Street","nameNormalized":"alibango street","highway":"secondary","routingClass":"trunk","surface":null,"tracktype":null},"geometry":{"type":"LineString","coordinates":[[122.4307724,10.8266289],[122.4307572,10.826461],[122.4307019,10.8259022],[122.4306724,10.8251941],[122.4306747,10.8251327],[122.4306879,10.8247798],[122.4307392,10.8245872],[122.4307874,10.8244107],[122.4307984,10.8243703],[122.4309292,10.8238918],[122.4309483,10.823836],[122.4310105,10.8235824],[122.4310564,10.8233755],[122.4311286,10.8230499],[122.4311706,10.8228591],[122.4312551,10.8224896],[122.4313972,10.8219074],[122.4314851,10.8216959],[122.4316165,10.8211163],[122.4316916,10.8207343],[122.4317922,10.8202325],[122.4318311,10.8199756],[122.4318311,10.8198346],[122.4316037,10.8192715],[122.4312564,10.8184397],[122.4312396,10.8184001],[122.4309828,10.8177441],[122.4315018,10.8175051],[122.4316231,10.8174414],[122.4317888,10.8173543],[122.4320751,10.8171922],[122.4321945,10.8171059],[122.4322616,10.8170545],[122.4319907,10.8165579],[122.4318304,10.8161904],[122.4317811,10.8161028],[122.4317057,10.8159434],[122.4316621,10.8158341]]}},{"type":"Feature","id":184271949,"properties":{"osmWayId":184271949,"name":"Tigbauan - Leon Road","nameNormalized":"tigbauan leon","highway":"secondary","routingClass":"trunk","surface":null,"tracktype":null},"geometry":{"type":"LineString","coordinates":[[122.4022545,10.7630486],[122.4022599,10.7625269],[122.4023296,10.7616363],[122.402394,10.7607825],[122.4024369,10.7601922],[122.4025334,10.7591171],[122.4026568,10.757515],[122.4027598,10.7561954],[122.4030806,10.7519866],[122.4032576,10.7495412],[122.4032743,10.7493014],[122.4034815,10.7463247],[122.403499,10.7460733],[122.4036546,10.7440653],[122.4037717,10.7428208],[122.4037931,10.7422305],[122.403836,10.7416297],[122.403836,10.7413556],[122.4038338,10.741109],[122.403773,10.7405479],[122.4036322,10.740175],[122.4035785,10.7400064],[122.403482,10.7397639],[122.402967,10.7385517],[122.4025271,10.7374766],[122.402179,10.7365131],[122.402055,10.7360746],[122.4019477,10.7355634],[122.4019478,10.7345883],[122.4019335,10.7337461],[122.401945,10.7335649],[122.4019473,10.7330935],[122.4019478,10.7329861],[122.4019585,10.7322166],[122.4019585,10.7319125],[122.4019585,10.7315946],[122.4019253,10.7309941],[122.4019048,10.7306248],[122.4017976,10.7296023],[122.4017888,10.7294031],[122.4017813,10.7292351],[122.4017439,10.7283901],[122.401701,10.727473],[122.4017332,10.7269775],[122.4017713,10.7260351],[122.4018051,10.7257745],[122.4018654,10.7253101],[122.4018618,10.7248716],[122.4018849,10.7246286],[122.4019037,10.724373],[122.4019137,10.7241242],[122.4019084,10.7239055],[122.4018849,10.7236851],[122.4018339,10.7234559],[122.40174,10.7230869],[122.4016482,10.7227301],[122.4015791,10.7224834],[122.4015147,10.7222462],[122.401447,10.7220581],[122.4013692,10.7218868],[122.4011037,10.7214045],[122.3998008,10.7196319],[122.3988298,10.7183406],[122.3986521,10.7180786],[122.3984865,10.717795],[122.3983149,10.7174788],[122.3981486,10.717181],[122.3980037,10.7169596],[122.3976443,10.7164193],[122.3973942,10.7160177],[122.3969221,10.7152771],[122.3964775,10.7146035],[122.39564,10.7132821],[122.3952545,10.7126691],[122.3947737,10.7118484],[122.3944739,10.7112987],[122.3944133,10.7111963],[122.3940334,10.7105544],[122.393851,10.710279],[122.3935694,10.7098455],[122.3928827,10.7087623],[122.3926252,10.7082438],[122.392428,10.7078524],[122.3922524,10.7074893],[122.3921007,10.7070976],[122.3920385,10.7069369],[122.3917701,10.7061779],[122.39137,10.7050859],[122.3911071,10.704398],[122.3910052,10.7040711],[122.3908389,10.7036732],[122.3906329,10.7030734],[122.3900798,10.7015825]]}},{"type":"Feature","id":184271952,"properties":{"osmWayId":184271952,"name":"R. Tabiana Street","nameNormalized":"r tabiana street","highway":"tertiary","routingClass":"trunk","surface":null,"tracktype":null},"geometry":{"type":"LineString","coordinates":[[122.3904976,10.7890568],[122.3904485,10.7886097],[122.3903875,10.7880545],[122.3903667,10.7878656],[122.3903494,10.7877214],[122.3902879,10.7872164],[122.3902414,10.7867458],[122.3902029,10.7864746],[122.3901395,10.7857024],[122.3899718,10.7844047],[122.3899327,10.7840672],[122.3898521,10.7833386],[122.3898491,10.7833113],[122.3898083,10.7826624],[122.3898062,10.7826288],[122.3897665,10.7821345],[122.3897633,10.782094],[122.389708,10.7812714]]}},{"type":"Feature","id":184271961,"properties":{"osmWayId":184271961,"name":"Bancal-Leon Road","nameNormalized":"bancal leon","highway":"secondary","routingClass":"trunk","surface":"concrete","tracktype":null},"geometry":{"type":"LineString","coordinates":[[122.4110285,10.7679848],[122.4113224,10.7681793],[122.4117753,10.7684792],[122.4125995,10.7690179],[122.4126568,10.7690554],[122.4137852,10.769789],[122.4141714,10.7700683],[122.4149385,10.7706005],[122.4153328,10.7708456],[122.4159631,10.771146],[122.4165505,10.7714121],[122.416745,10.7715307],[122.4169408,10.7716677],[122.4171942,10.7718614],[122.4175941,10.7722714]]}},{"type":"Feature","id":184271962,"properties":{"osmWayId":184271962,"name":null,"nameNormalized":null,"highway":"tertiary","routingClass":"trunk","surface":null,"tracktype":null},"geometry":{"type":"LineString","coordinates":[[122.3894167,10.773026],[122.3894652,10.7720505]]}},{"type":"Feature","id":184273685,"properties":{"osmWayId":184273685,"name":null,"nameNormalized":null,"highway":"secondary","routingClass":"trunk","surface":null,"tracktype":null},"geometry":{"type":"LineString","coordinates":[[122.352691,10.743731],[122.3525231,10.7436545],[122.3522043,10.7434696],[122.3519621,10.7431649],[122.3518352,10.7428985],[122.3518879,10.7424366],[122.3518848,10.7422855],[122.3518775,10.7419271],[122.3519603,10.7417551],[122.3522649,10.7415919],[122.3525818,10.7414144],[122.3528415,10.7410209],[122.3531962,10.7407177],[122.3534836,10.7405581],[122.353674,10.7404232],[122.3543534,10.739768],[122.3546167,10.7395102],[122.3552808,10.7388878],[122.3559331,10.7382827],[122.3562433,10.7380139],[122.3568244,10.7375077],[122.3574092,10.7369836],[122.3620897,10.7327452],[122.3647247,10.7303565],[122.3666452,10.7281639],[122.3673274,10.7269004],[122.3675786,10.7264352],[122.3679005,10.7259819],[122.3682331,10.7255919],[122.3685083,10.7250716],[122.3685805,10.7244536],[122.3686127,10.7241453],[122.3686048,10.7240807],[122.3684155,10.7238736],[122.3682647,10.7236949],[122.3680362,10.723501],[122.3678109,10.7231742],[122.3669097,10.7210237],[122.36673,10.7205018],[122.3653288,10.7163575],[122.3651527,10.71585],[122.3647593,10.7147523],[122.3624177,10.7077882],[122.3623644,10.7076209],[122.362335,10.70755],[122.3615301,10.7054027],[122.3609825,10.7040076],[122.3603794,10.702466],[122.3601639,10.7017897],[122.3601112,10.7016243],[122.3598324,10.7008923],[122.3595819,10.7001296],[122.3595604,10.6993179],[122.3594704,10.6988889],[122.3594462,10.6987733],[122.3588883,10.6975504],[122.3582086,10.6965347],[122.3579135,10.6960286],[122.3578194,10.6956251],[122.3578209,10.695263],[122.3579538,10.6949349],[122.3581107,10.6944762],[122.3580664,10.6943273],[122.357966,10.6942032],[122.3578545,10.6940361],[122.3576464,10.6937104],[122.3575245,10.6934945],[122.3574643,10.6932836],[122.357511,10.6929236],[122.3576117,10.6926972],[122.3577484,10.6925441],[122.3581802,10.6922054],[122.3582874,10.6919418],[122.3583196,10.6915201],[122.3584591,10.6910457],[122.3586979,10.6904632],[122.360082,10.6878318],[122.3611146,10.6858682],[122.3613199,10.6855021],[122.3620246,10.6841836],[122.3621888,10.6838765],[122.362673,10.6829576],[122.3630819,10.6821833],[122.3632967,10.6817765],[122.3636386,10.6811055],[122.364151,10.6801397],[122.3641899,10.6800594],[122.3643075,10.6798164],[122.3647352,10.6789328],[122.3648606,10.6786939],[122.3651632,10.6781177],[122.365181,10.6780838],[122.3652514,10.6779517],[122.3655413,10.6774073],[122.3657818,10.6769557],[122.3659159,10.6766447],[122.3675628,10.6733974],[122.3679222,10.6727068]]}},{"type":"Feature","id":223619485,"properties":{"osmWayId":223619485,"name":"Aleosan-Alimodian Road","nameNormalized":"aleosan alimodian","highway":"secondary","routingClass":"trunk","surface":null,"tracktype":null},"geometry":{"type":"LineString","coordinates":[[122.4314138,10.814349],[122.431374,10.8141813],[122.4311854,10.8134808],[122.431031,10.812919],[122.4310194,10.8128767],[122.4308807,10.8120758],[122.4308429,10.8118181],[122.4307887,10.8113705],[122.4308008,10.8108891],[122.4308025,10.810732],[122.4307922,10.8106744],[122.4306678,10.8101203],[122.4306043,10.8097831],[122.4305577,10.8095291],[122.4304883,10.8092738],[122.4303529,10.8089366],[122.4301686,10.8085657],[122.4300235,10.8082909],[122.4299449,10.8080688],[122.4299178,10.8079039],[122.4299063,10.8075814],[122.4299237,10.8071229],[122.4299312,10.8068284],[122.4299342,10.8066181],[122.429918,10.8064522],[122.4299103,10.8063726],[122.4298783,10.8060941],[122.4298583,10.8059418],[122.4298368,10.8057846],[122.4297888,10.8054331],[122.4297463,10.8051488],[122.4296568,10.8045117],[122.4295743,10.803788],[122.4295176,10.803357],[122.4294795,10.8029774],[122.4294653,10.8028311],[122.4293903,10.8022022],[122.4292912,10.8013717],[122.4292517,10.8010065],[122.4291623,10.8001791],[122.4290684,10.7991384],[122.4290925,10.7988539],[122.4291323,10.7985402],[122.4291603,10.7983564],[122.4292167,10.7980778],[122.4292497,10.7977632],[122.4292334,10.7975944],[122.4291631,10.7974318],[122.4290635,10.7972091]]}},{"type":"Feature","id":240471750,"properties":{"osmWayId":240471750,"name":"Tubungan - San Remigio Road","nameNormalized":"tubungan san remigio","highway":"tertiary","routingClass":"trunk","surface":null,"tracktype":null},"geometry":{"type":"LineString","coordinates":[[122.296882,10.7909452],[122.296789,10.79127],[122.2965733,10.7920047],[122.2962598,10.7930715],[122.2961991,10.7934732],[122.2961824,10.7936305],[122.2961421,10.7937794],[122.2960396,10.7939816],[122.2958018,10.7941861],[122.2956726,10.7942698],[122.2954289,10.7944277],[122.2943115,10.7949703],[122.294168,10.7950282],[122.2939132,10.7951376],[122.2937509,10.7951969],[122.2936061,10.7952133],[122.2933775,10.7951503],[122.2926593,10.794936],[122.2917487,10.7945896],[122.2916286,10.79455],[122.291524,10.7945395],[122.2914147,10.7945507],[122.291235,10.7946238],[122.2908945,10.7948128],[122.2906099,10.7949757],[122.2903274,10.7951511],[122.2900855,10.7953001],[122.2898188,10.795484],[122.2893803,10.7957581],[122.2875524,10.7961151],[122.2869314,10.7962692],[122.2867772,10.7963127],[122.2865774,10.7964075],[122.2863883,10.7965248],[122.2862542,10.7966894],[122.2861589,10.7967896],[122.2860557,10.7968488],[122.2859806,10.7968778],[122.285884,10.796895],[122.2857445,10.7969002],[122.2856426,10.7969332],[122.2855622,10.7969766],[122.2855005,10.7970188],[122.2854213,10.7970912],[122.2853114,10.7972006],[122.2851893,10.7973152],[122.2850995,10.7974614],[122.2849167,10.79783],[122.2848555,10.7979194],[122.284781,10.7980036],[122.2847393,10.7980272],[122.2846977,10.7980521],[122.2846561,10.7980692],[122.2846104,10.7980783],[122.2845608,10.7980814],[122.2845099,10.798074],[122.2843952,10.7980488],[122.2842611,10.7979968]]}},{"type":"Feature","id":240471753,"properties":{"osmWayId":240471753,"name":null,"nameNormalized":null,"highway":"tertiary","routingClass":"trunk","surface":null,"tracktype":null},"geometry":{"type":"LineString","coordinates":[[122.3093963,10.8259046],[122.3093576,10.8260144],[122.3093563,10.8260952],[122.3093762,10.8262309],[122.3094533,10.8263293],[122.3094861,10.8263807],[122.3095404,10.8264103],[122.3096403,10.8264479],[122.3100118,10.8265151],[122.3102244,10.826627],[122.3104423,10.8267699],[122.3105684,10.8267752],[122.3107776,10.8267989],[122.310991,10.8268978],[122.3112215,10.8270439],[122.3114066,10.8273811],[122.3115917,10.8273627],[122.3122438,10.8275254],[122.3123816,10.8275077],[122.3126546,10.8270969],[122.3128651,10.8266078],[122.3130361,10.8262344],[122.3131206,10.8259436],[122.313213,10.8257608],[122.313374,10.825568],[122.31383,10.8253618],[122.3140541,10.8252515],[122.3142397,10.8251036],[122.3147882,10.8249996],[122.3151463,10.82499],[122.3153742,10.8249001],[122.3156772,10.8248954],[122.3157963,10.8248482],[122.3159472,10.824717],[122.3160748,10.8245759],[122.3162169,10.8244478],[122.3163529,10.8243287],[122.3164914,10.8241808],[122.3165821,10.8239941],[122.3166402,10.8238847],[122.3167576,10.8237515],[122.3171009,10.8235809],[122.3178488,10.8232439],[122.3180327,10.8231334],[122.3182156,10.8230236],[122.3184004,10.8227853],[122.3185238,10.8224639],[122.3187183,10.8221662],[122.319044,10.8215657],[122.3194798,10.8214809],[122.320506,10.8215379],[122.3206615,10.8215616],[122.3216003,10.8217038],[122.3218442,10.8216166],[122.3223637,10.8215223]]}},{"type":"Feature","id":240471759,"properties":{"osmWayId":240471759,"name":"Paz Street","nameNormalized":"paz street","highway":"tertiary","routingClass":"trunk","surface":"concrete","tracktype":null},"geometry":{"type":"LineString","coordinates":[[122.3190375,10.7669313],[122.3182073,10.7659729],[122.3176416,10.7652592],[122.3170614,10.7645608],[122.3165015,10.7638869]]}},{"type":"Feature","id":240471762,"properties":{"osmWayId":240471762,"name":"Talento Street","nameNormalized":"talento street","highway":"tertiary","routingClass":"trunk","surface":"concrete","tracktype":null},"geometry":{"type":"LineString","coordinates":[[122.3165015,10.7638869],[122.3169026,10.7637193],[122.3176201,10.7634015],[122.3187748,10.762992]]}},{"type":"Feature","id":240471764,"properties":{"osmWayId":240471764,"name":"San Antonio Street","nameNormalized":"san antonio street","highway":"tertiary","routingClass":"trunk","surface":null,"tracktype":null},"geometry":{"type":"LineString","coordinates":[[122.3180876,10.7700475],[122.3180615,10.7701297],[122.3180203,10.7702241],[122.317986,10.7703028],[122.3178653,10.770507],[122.3176471,10.7708226]]}},{"type":"Feature","id":245644063,"properties":{"osmWayId":245644063,"name":"Igbaras-Tubungan Road","nameNormalized":"igbaras tubungan","highway":"tertiary","routingClass":"trunk","surface":null,"tracktype":null},"geometry":{"type":"LineString","coordinates":[[122.2703231,10.7460442],[122.2705649,10.7461593]]}},{"type":"Feature","id":245644078,"properties":{"osmWayId":245644078,"name":"Igbaras-Tubungan Road","nameNormalized":"igbaras tubungan","highway":"tertiary","routingClass":"trunk","surface":null,"tracktype":null},"geometry":{"type":"LineString","coordinates":[[122.2705649,10.7461593],[122.2706464,10.746159],[122.2707469,10.7461142],[122.2708234,10.7460642],[122.2708999,10.7459706],[122.2711802,10.7456386],[122.2712526,10.7455358],[122.2713411,10.7454172],[122.2714001,10.7452288],[122.271392,10.7450997],[122.2714014,10.7447624],[122.271392,10.744599],[122.2713478,10.7444751],[122.2713022,10.7443421],[122.2712365,10.744213],[122.271215,10.7441182],[122.271207,10.7439732],[122.2712257,10.7438942],[122.2712848,10.743823],[122.2714511,10.743736],[122.2715342,10.7437308],[122.2716596,10.7437642],[122.2718869,10.7438374],[122.2720116,10.7438783],[122.2721136,10.7438928],[122.2722141,10.7438954],[122.2723335,10.7438638],[122.2724716,10.7437689],[122.272536,10.7436806],[122.2725655,10.7435344],[122.2725776,10.7433724],[122.2726232,10.7432196],[122.2727224,10.7431549],[122.2729745,10.7429994],[122.2733729,10.7427491],[122.2735244,10.7426226],[122.2736813,10.7424342],[122.2737765,10.7423274],[122.2738288,10.7422682],[122.2738764,10.7422234],[122.2739502,10.7422115],[122.2740152,10.7422069],[122.2740555,10.7422161],[122.2741024,10.7422339],[122.2741976,10.7422747],[122.2742768,10.742311],[122.2743385,10.7423301],[122.2744102,10.7423419],[122.2744887,10.7423182],[122.2745705,10.7422484],[122.2745799,10.7420415],[122.2742801,10.7416423],[122.2738945,10.7412404],[122.273688,10.7410322],[122.273568,10.7408801],[122.2735378,10.7408102],[122.2735432,10.7407331],[122.2735995,10.7406014],[122.2736713,10.7404525],[122.2736974,10.7403405],[122.2737148,10.7402628],[122.2737269,10.7402054],[122.2737309,10.740127],[122.2737497,10.7400388],[122.2738396,10.7399096],[122.273918,10.7399189],[122.2739924,10.7399834],[122.2740179,10.7400842],[122.2740286,10.7401575],[122.2741172,10.740521],[122.2742593,10.7409796],[122.2743733,10.7411126],[122.2745235,10.7412338],[122.2746456,10.7413386],[122.2748072,10.7414723],[122.2750285,10.7416759],[122.2752833,10.7418518],[122.2754583,10.7419164],[122.2756427,10.7419249],[122.2760564,10.7418584],[122.2761845,10.7418663],[122.2762535,10.7418821]]}},{"type":"Feature","id":245644083,"properties":{"osmWayId":245644083,"name":"Igbaras-Tubungan Road","nameNormalized":"igbaras tubungan","highway":"tertiary","routingClass":"trunk","surface":null,"tracktype":null},"geometry":{"type":"LineString","coordinates":[[122.2681498,10.7399396],[122.2683276,10.7401132],[122.268561,10.7403372],[122.2687192,10.7405395],[122.2688091,10.7407503],[122.2688379,10.7413847],[122.2688802,10.7421021],[122.2688332,10.7424949],[122.2688802,10.7427148],[122.2689727,10.7431958],[122.2690465,10.7433525],[122.2691041,10.74345],[122.2692087,10.7435251],[122.2694287,10.7436793],[122.2696701,10.7439178],[122.2698116,10.7441753],[122.269943,10.7444916],[122.2700469,10.7447993],[122.2701113,10.7449112],[122.2701998,10.7450285],[122.2703339,10.7451748],[122.2703487,10.7453303],[122.2703239,10.7454771],[122.270289,10.745601],[122.2702682,10.7457546],[122.2702789,10.7458929],[122.2702924,10.7459989],[122.2703231,10.7460442]]}},{"type":"Feature","id":245906180,"properties":{"osmWayId":245906180,"name":null,"nameNormalized":null,"highway":"tertiary","routingClass":"trunk","surface":null,"tracktype":null},"geometry":{"type":"LineString","coordinates":[[122.4095245,10.8227827],[122.409499,10.822838],[122.4094963,10.8229605],[122.409495,10.8231028],[122.4095567,10.8232055],[122.4096183,10.8233043],[122.4097042,10.8233372],[122.409833,10.8233878],[122.4099409,10.8234056],[122.4100317,10.8234647],[122.4101199,10.8235427],[122.4101347,10.8236481],[122.4101119,10.823843],[122.410026,10.8239958],[122.4099751,10.8240973],[122.409963,10.8241908],[122.409967,10.8242606],[122.4099778,10.8243278],[122.410009,10.8243771],[122.4101089,10.8244139],[122.4102017,10.8244398],[122.4102902,10.8245056],[122.4103452,10.824665],[122.4103707,10.8247888],[122.4104324,10.8249364],[122.4105223,10.8250865],[122.4106403,10.8252538],[122.4109299,10.8255779],[122.4110895,10.8256885],[122.4112344,10.8258321],[122.4113202,10.8259928],[122.4114168,10.8262299],[122.4114811,10.8264301],[122.4114946,10.8265803],[122.4114771,10.8266685],[122.4114463,10.8267752],[122.4112853,10.8268147],[122.4111578,10.8268306],[122.4110183,10.8268385],[122.4107796,10.82682],[122.4104765,10.8268306],[122.4103048,10.8268464],[122.410195,10.8269596],[122.4100971,10.8271388],[122.4099925,10.8273772],[122.4098195,10.8278553],[122.4097927,10.8280055],[122.4097913,10.8281188],[122.4098182,10.8282611],[122.4099576,10.8285245],[122.4100314,10.8286707],[122.4100421,10.8288169],[122.4100019,10.8290448],[122.4099201,10.8294202],[122.4098825,10.8295598],[122.409896,10.8296468],[122.4099442,10.8296981],[122.4100549,10.829789],[122.4101266,10.8298154],[122.4102125,10.8298905],[122.4102699,10.8300894],[122.4103316,10.8302053],[122.410396,10.8303686],[122.4104845,10.8304582],[122.4105891,10.8305214],[122.4107018,10.8305715],[122.4108198,10.8306821],[122.4109003,10.8308191],[122.4110076,10.8308982],[122.4111792,10.830964],[122.4112355,10.8309825],[122.4113133,10.8310009],[122.4114608,10.8309719],[122.4115601,10.8309324],[122.4117317,10.8308639],[122.4120107,10.8308323],[122.4122467,10.8308613],[122.4124479,10.8309271],[122.4138346,10.8322206],[122.4139473,10.8323313],[122.4140224,10.8323629],[122.414186,10.8324051],[122.4144408,10.8324946],[122.4146366,10.8325684],[122.4148351,10.8327027],[122.4150309,10.8327765],[122.4152052,10.8328213],[122.4153527,10.8328266],[122.4155029,10.8327897],[122.4157175,10.8327054],[122.4159696,10.8325763],[122.4162057,10.8324577],[122.4164417,10.8323629],[122.4167126,10.8322707],[122.4169647,10.8321179],[122.4171728,10.8320046],[122.4173418,10.8317965],[122.4177173,10.8311537],[122.4177924,10.8309614],[122.4178246,10.8308217],[122.4178299,10.8305398],[122.4178514,10.8303344],[122.4179023,10.8301104],[122.417956,10.8299603],[122.4180767,10.8297838],[122.4182119,10.8296758],[122.4183112,10.829602],[122.4184844,10.8294387],[122.4186063,10.8292833],[122.4186975,10.8290936],[122.4187538,10.828983],[122.4188825,10.8288749],[122.4190461,10.828759],[122.419309,10.8286009],[122.4196013,10.8283638],[122.4197247,10.8282795],[122.4197987,10.8282242],[122.4198535,10.8282005],[122.4199849,10.8281873],[122.4201512,10.8281873],[122.4203738,10.8281663],[122.4205509,10.828132],[122.4206918,10.8281083],[122.4207815,10.828053],[122.4209773,10.8278369],[122.4211839,10.8274997],[122.4213235,10.8273087],[122.421349,10.8272244],[122.4213597,10.8270795],[122.4213061,10.826762],[122.4212873,10.8264064],[122.421302,10.8262878],[122.4213584,10.8261021],[122.4214429,10.8257899],[122.4215475,10.8256002]]}},{"type":"Feature","id":245936073,"properties":{"osmWayId":245936073,"name":null,"nameNormalized":null,"highway":"tertiary","routingClass":"trunk","surface":null,"tracktype":null},"geometry":{"type":"LineString","coordinates":[[122.2818077,10.7985999],[122.281622,10.7981003],[122.2815563,10.7979291],[122.2814831,10.7977398],[122.2814208,10.7976775],[122.281329,10.797703],[122.2810064,10.7978171],[122.2808321,10.7978092],[122.2804651,10.7976684],[122.2804132,10.7975282],[122.2804009,10.7973028],[122.2803907,10.7970838],[122.2803443,10.7969727],[122.2802299,10.7968791],[122.2801575,10.7968014],[122.2800837,10.7967579],[122.2798343,10.7967197],[122.279676,10.7967408],[122.2795165,10.7967355],[122.2791235,10.7964879],[122.2789679,10.7964839],[122.2786219,10.7967461],[122.2785214,10.7967817],[122.2784154,10.7968014],[122.2782397,10.7967606],[122.2779474,10.7967145],[122.2775745,10.7966552],[122.2774404,10.7966091],[122.2773506,10.7965538],[122.2771457,10.7964021],[122.2770915,10.7963424],[122.2770319,10.7962564],[122.2769099,10.7960328],[122.2766465,10.7957238],[122.2763474,10.7954946],[122.2759625,10.7951863],[122.2757547,10.7951046],[122.2755347,10.794969],[122.2754783,10.7947497],[122.275266,10.7945942],[122.2750203,10.7944633],[122.2749004,10.7944407],[122.274726,10.7944552],[122.2745477,10.7944802],[122.2742271,10.7945158],[122.2740394,10.7945],[122.2738838,10.7944644],[122.2736974,10.7944229],[122.273515,10.7944275],[122.2732669,10.7944407],[122.272945,10.7943722],[122.2726393,10.7943208],[122.2725159,10.7943458],[122.2724341,10.7943669],[122.2723845,10.7943748],[122.2723322,10.7943669],[122.2722115,10.7942997],[122.2720572,10.7941983],[122.2717556,10.7940461],[122.2714224,10.793952],[122.2711684,10.7938293],[122.2710768,10.7937393],[122.271034,10.7936305],[122.2709575,10.7935567],[122.2707041,10.793454],[122.2706692,10.7934013],[122.2706229,10.7931871],[122.2706152,10.7928586]]}},{"type":"Feature","id":245936074,"properties":{"osmWayId":245936074,"name":null,"nameNormalized":null,"highway":"tertiary","routingClass":"trunk","surface":null,"tracktype":null},"geometry":{"type":"LineString","coordinates":[[122.3026035,10.7717715],[122.302687,10.7718155],[122.3028019,10.7720826],[122.3028716,10.772305],[122.3028106,10.7726898],[122.3026478,10.7729615],[122.3025083,10.7733277],[122.3024118,10.7734357],[122.3022616,10.773528],[122.3020416,10.7736228],[122.3013228,10.7739601],[122.3010385,10.7740918],[122.3007038,10.7745286],[122.3005558,10.7748323],[122.3002092,10.7751704],[122.3000558,10.7753094],[122.2999845,10.7753874],[122.2999212,10.775476],[122.2998223,10.7756217],[122.2997287,10.7757727],[122.2993809,10.7762288],[122.298937,10.7764764],[122.2987345,10.7765766],[122.2984367,10.776711],[122.2981551,10.776848],[122.2978386,10.7769323],[122.2975221,10.7769138],[122.2972512,10.7767478],[122.2970061,10.7766931],[122.2969562,10.776682],[122.2965243,10.7768611],[122.2960362,10.7772274],[122.2958484,10.7774645],[122.2956868,10.7777208],[122.2955212,10.7779731],[122.2951658,10.7784935],[122.2948205,10.7788521]]}},{"type":"Feature","id":245936094,"properties":{"osmWayId":245936094,"name":null,"nameNormalized":null,"highway":"tertiary","routingClass":"trunk","surface":null,"tracktype":null},"geometry":{"type":"LineString","coordinates":[[122.3244761,10.7484447],[122.3246476,10.7482713],[122.3248781,10.7481102],[122.325157,10.748051],[122.3253347,10.7480645],[122.3265318,10.7481506],[122.3272326,10.7481591],[122.3276368,10.7481036],[122.3281773,10.7480479],[122.3285603,10.748065],[122.3293743,10.7487065],[122.3296742,10.748997],[122.3297184,10.7490695],[122.3297532,10.7491419],[122.3298662,10.7495448],[122.3300665,10.7499083],[122.3302058,10.7502761],[122.330319,10.7507764],[122.3303103,10.7510972],[122.3305105,10.7513837],[122.3307281,10.7515933],[122.3307456,10.7517943],[122.3307412,10.7520808],[122.3305236,10.7522904],[122.3303146,10.7525897],[122.3299794,10.752949],[122.3296617,10.7532569],[122.3295746,10.7537359],[122.3292655,10.753924],[122.328926,10.7540181],[122.3285255,10.7541849],[122.3284254,10.7543859],[122.3284733,10.7545441],[122.3286213,10.7547451],[122.3287867,10.7549504],[122.3290435,10.7548563],[122.3292742,10.7546254],[122.3294614,10.7545698],[122.3298314,10.7546468],[122.3300752,10.7547622],[122.3303668,10.7549504],[122.3305584,10.7550445],[122.3308587,10.7550188],[122.3311373,10.7550359],[122.3312785,10.7550301],[122.3314116,10.7546724],[122.3315857,10.7545142],[122.3318948,10.7541678],[122.3321603,10.753924],[122.3325434,10.7538684],[122.3328568,10.7537188],[122.3330353,10.7535049],[122.333118,10.75315],[122.3331789,10.7528335],[122.3334836,10.7526325],[122.3336665,10.7523887],[122.3340452,10.7522604],[122.3342933,10.752145],[122.3344848,10.751837],[122.3347373,10.7516061],[122.3352205,10.7513794],[122.3355165,10.7512127],[122.3360563,10.7508511],[122.33651,10.7506251],[122.3367131,10.7506133],[122.3369576,10.7504245],[122.3372011,10.7499853],[122.3373013,10.7498912],[122.3374754,10.7498527],[122.3376252,10.7498258],[122.3377453,10.7497201],[122.3378672,10.7494849],[122.3378577,10.7492359],[122.3382589,10.7490358],[122.33845,10.7488245],[122.3385063,10.7486084],[122.3385975,10.7485056],[122.3388013,10.7483712],[122.3389685,10.7481891],[122.3390776,10.7476624],[122.3392993,10.7472396],[122.3395094,10.7468402],[122.3395765,10.7467875],[122.3396911,10.746782],[122.3399392,10.746936],[122.3402309,10.747051],[122.3404858,10.7471063],[122.3408881,10.7470958],[122.3411603,10.747076],[122.3414236,10.7469574],[122.3416543,10.7466751],[122.3417631,10.7464484],[122.3417283,10.746102],[122.3415281,10.7456316],[122.3411319,10.7451611],[122.3410318,10.7449901],[122.3410057,10.7447677],[122.3411015,10.744216],[122.3412277,10.7439423],[122.3412349,10.7437849],[122.3412415,10.7436801],[122.3412776,10.7436091],[122.3414007,10.7434898],[122.3417169,10.7432853],[122.3417765,10.743169],[122.3417863,10.7430916],[122.341847,10.7428723],[122.3416452,10.7425015],[122.3416206,10.7423935],[122.3416419,10.7422984],[122.3417059,10.7421645],[122.3417502,10.7420839],[122.3419263,10.7418485],[122.3420303,10.7417287],[122.3421324,10.7415823],[122.3421582,10.7414655],[122.3421652,10.7411522],[122.3422092,10.7408634],[122.3422682,10.740721],[122.3423821,10.7405521],[122.3424071,10.7404598],[122.3424161,10.7403606],[122.3423642,10.7402339],[122.3422285,10.739945],[122.3421908,10.7396591],[122.3422689,10.7393362],[122.3422689,10.7391351],[122.3423418,10.7388924],[122.3424169,10.7387659],[122.3425603,10.7386572]]}},{"type":"Feature","id":246006200,"properties":{"osmWayId":246006200,"name":"Guimbal-Igbaras-Tubungan-Leon Road","nameNormalized":"guimbal igbaras tubungan leon","highway":"secondary","routingClass":"trunk","surface":null,"tracktype":null},"geometry":{"type":"LineString","coordinates":[[122.3667547,10.7680216],[122.3665287,10.7676355],[122.3664341,10.7674909],[122.366363,10.7674178],[122.366303,10.7673743],[122.366243,10.7673483],[122.3661713,10.7673411],[122.3661096,10.7673417],[122.3660459,10.7673549],[122.3659674,10.7673806],[122.3658232,10.7674287],[122.3655047,10.7675644],[122.3653297,10.7676428],[122.3651795,10.7676981],[122.3650038,10.7677357],[122.3648509,10.7677488],[122.3646726,10.7677423],[122.3644204,10.7677113],[122.3638947,10.7676382],[122.3637613,10.7676043],[122.3636647,10.7675766],[122.363588,10.7675361],[122.3635326,10.767486],[122.363479,10.7674116],[122.3634271,10.7672951],[122.3634133,10.767264],[122.3633476,10.7671612],[122.3631974,10.7669287]]}},{"type":"Feature","id":246006205,"properties":{"osmWayId":246006205,"name":"Guimbal-Igbaras-Tubungan-Leon Road","nameNormalized":"guimbal igbaras tubungan leon","highway":"secondary","routingClass":"trunk","surface":null,"tracktype":null},"geometry":{"type":"LineString","coordinates":[[122.3831958,10.7804507],[122.3826248,10.7802906],[122.3823847,10.7801479],[122.382172,10.7799192],[122.3820538,10.7795783],[122.3819782,10.7790474],[122.3818962,10.7784709],[122.3818271,10.7777504],[122.3817066,10.7775646],[122.3811667,10.7773916],[122.3809098,10.7774248],[122.3805821,10.7776437],[122.3802933,10.7777102],[122.3799114,10.7777461]]}},{"type":"Feature","id":246006207,"properties":{"osmWayId":246006207,"name":"Guimbal-Igbaras-Tubungan-Leon Road","nameNormalized":"guimbal igbaras tubungan leon","highway":"secondary","routingClass":"trunk","surface":null,"tracktype":null},"geometry":{"type":"LineString","coordinates":[[122.3684481,10.7719043],[122.3680689,10.7705163],[122.3679559,10.7701787],[122.3675648,10.7694879],[122.3672067,10.768824]]}},{"type":"Feature","id":246990393,"properties":{"osmWayId":246990393,"name":null,"nameNormalized":null,"highway":"tertiary","routingClass":"trunk","surface":null,"tracktype":null},"geometry":{"type":"LineString","coordinates":[[122.4291673,10.8921184],[122.4272033,10.8920098],[122.4270889,10.8920185],[122.425398,10.8922402],[122.4246149,10.8924428],[122.4236664,10.892756],[122.4225023,10.8931485],[122.4215743,10.8933934],[122.4207428,10.8936252],[122.4195895,10.8938859],[122.4182028,10.8941625],[122.4178031,10.8942389],[122.4171567,10.8943047],[122.4162528,10.8943284],[122.4154508,10.8944022],[122.4152818,10.8945023],[122.4150565,10.8947657],[122.4146476,10.8953222],[122.4144141,10.8956783],[122.4140789,10.8959649],[122.4136578,10.8963868],[122.413285,10.8965865],[122.4131247,10.8967233]]}},{"type":"Feature","id":246990394,"properties":{"osmWayId":246990394,"name":null,"nameNormalized":null,"highway":"tertiary","routingClass":"trunk","surface":null,"tracktype":null},"geometry":{"type":"LineString","coordinates":[[122.4109113,10.8975004],[122.4106537,10.8968946],[122.4104794,10.8966997],[122.4103185,10.8965865],[122.4100583,10.8965075],[122.4097311,10.8963784],[122.4095916,10.8963521],[122.4094682,10.8963863]]}},{"type":"Feature","id":248698742,"properties":{"osmWayId":248698742,"name":"Igbaras-Tubungan Road","nameNormalized":"igbaras tubungan","highway":"tertiary","routingClass":"trunk","surface":null,"tracktype":null},"geometry":{"type":"LineString","coordinates":[[122.2762535,10.7418821],[122.2763421,10.742055],[122.2763716,10.7422418],[122.2763877,10.7424829],[122.2763662,10.7426608],[122.2763139,10.742757],[122.2762831,10.7428532],[122.2763287,10.7429454],[122.2764078,10.7430258],[122.276511,10.7431325],[122.2765955,10.7432537],[122.2766894,10.7433868],[122.2768289,10.7434645],[122.2769348,10.7435317],[122.2770287,10.7436016],[122.2770291,10.7436293],[122.27703,10.7437004],[122.2769885,10.7437966],[122.2769523,10.7438598],[122.2769,10.7439468],[122.2767924,10.7440733],[122.276755,10.7441329],[122.2767243,10.7442116],[122.276727,10.744321],[122.2767511,10.7446108],[122.2767503,10.7448074],[122.276769,10.7449313],[122.2768157,10.7450368],[122.2769402,10.7450918],[122.2771333,10.7451445],[122.2779125,10.7451168],[122.2781472,10.7451761],[122.2785187,10.7454541],[122.2786729,10.7454949],[122.2788365,10.7455147],[122.2789465,10.745549],[122.2790954,10.7456346],[122.2792737,10.7458046],[122.2793716,10.7459139],[122.2794802,10.7460826],[122.279557,10.7462526],[122.2795775,10.7463678],[122.2795663,10.7465142],[122.2794916,10.7465967],[122.2793944,10.7466557],[122.2792831,10.7467084],[122.2791718,10.7466939],[122.279039,10.7466347],[122.2788043,10.7465148],[122.2785911,10.7463909],[122.2782451,10.7462855],[122.2780801,10.7462578],[122.277887,10.7463105],[122.2778334,10.7463896],[122.2777864,10.7464476],[122.2776926,10.7466834],[122.2775544,10.7468402],[122.2772741,10.7469219],[122.277136,10.7470312],[122.2770394,10.7471735],[122.277132,10.7474463],[122.2772978,10.7478911],[122.2772317,10.7480608],[122.2770663,10.7481301],[122.2767699,10.7480458],[122.2765835,10.7480418],[122.2764681,10.748163],[122.2764145,10.7483488],[122.2764547,10.7485517],[122.2766465,10.7488152],[122.2768879,10.7490682],[122.2771119,10.7492316],[122.2773184,10.7492329],[122.2778521,10.7489918],[122.2781432,10.7488113],[122.2784851,10.7487599],[122.2786595,10.7488284],[122.2788231,10.749088],[122.2790477,10.7498168],[122.279161,10.7504122],[122.2791831,10.7506952],[122.279335,10.7514261],[122.2799858,10.7529959]]}},{"type":"Feature","id":248743305,"properties":{"osmWayId":248743305,"name":null,"nameNormalized":null,"highway":"tertiary","routingClass":"trunk","surface":null,"tracktype":null},"geometry":{"type":"LineString","coordinates":[[122.414017,10.8977385],[122.4136258,10.8973358]]}},{"type":"Feature","id":248743306,"properties":{"osmWayId":248743306,"name":null,"nameNormalized":null,"highway":"tertiary","routingClass":"trunk","surface":null,"tracktype":null},"geometry":{"type":"LineString","coordinates":[[122.4094682,10.8963863],[122.4093475,10.8964441],[122.409237,10.8964786],[122.4091416,10.8964491],[122.4090462,10.8963554],[122.4090161,10.8963061],[122.4089458,10.8961138],[122.4088901,10.8959957],[122.4088043,10.8958508],[122.4087077,10.8957217],[122.4085897,10.8955005],[122.4084958,10.895303],[122.4083617,10.8950396],[122.408243,10.8948271],[122.4081426,10.8946891],[122.4080271,10.8945511],[122.4078112,10.894344],[122.407722,10.894231],[122.4076416,10.8941546],[122.4075651,10.8940255],[122.407549,10.8938794],[122.4076104,10.8933728],[122.4076606,10.8932151],[122.407756,10.8930623],[122.4079267,10.8929094],[122.4081275,10.8927319],[122.4083936,10.8925101],[122.4085141,10.8924164],[122.4085693,10.8923178],[122.4086045,10.8920615],[122.4086647,10.8915586],[122.4086547,10.8912924],[122.4085693,10.8910361],[122.4084739,10.8909079],[122.4083936,10.8907797],[122.4083283,10.8906663],[122.4082451,10.8905672],[122.4080814,10.8903895],[122.4079916,10.890317],[122.4079286,10.8902643],[122.4077582,10.89008],[122.407663,10.8898679],[122.407608,10.889727],[122.4075182,10.8896204],[122.4073787,10.8895282],[122.4072097,10.8894623],[122.406971,10.8892872],[122.4067122,10.8890422],[122.4064775,10.8888262],[122.4063125,10.8885615],[122.4060886,10.8882046],[122.406043,10.8879794],[122.4060054,10.8877674],[122.4060039,10.8876295],[122.4059638,10.8875062],[122.4058726,10.8874395],[122.4057828,10.8873815],[122.4056634,10.8872722],[122.4055776,10.8871511],[122.4054971,10.8870286],[122.4052785,10.8868376],[122.40508,10.8867165],[122.4049741,10.8866875],[122.4048682,10.8866664],[122.4048038,10.8866941],[122.4047187,10.8868703],[122.4046284,10.8872548],[122.4044094,10.8874275]]}},{"type":"Feature","id":248759120,"properties":{"osmWayId":248759120,"name":null,"nameNormalized":null,"highway":"tertiary","routingClass":"trunk","surface":null,"tracktype":null},"geometry":{"type":"LineString","coordinates":[[122.4029375,10.8815727],[122.402889,10.881473],[122.402823,10.8813524],[122.4027774,10.8812734],[122.4026822,10.8811575],[122.4025829,10.8810613],[122.4025266,10.8810258],[122.4023898,10.8809349],[122.4023146,10.8808822],[122.402104,10.8807289],[122.4019297,10.8806233],[122.4017009,10.8804968],[122.401566,10.8803822],[122.401513,10.8803271],[122.4014251,10.8801768],[122.4013475,10.8800244],[122.4013107,10.8799043],[122.401304,10.8798172],[122.4013174,10.8797481],[122.4013023,10.8795524],[122.4012521,10.8794258],[122.4012102,10.8793107],[122.4011825,10.8792075],[122.4011739,10.8791357],[122.4011739,10.8790745],[122.4011997,10.8790154],[122.4012276,10.8789648],[122.4012728,10.8788993],[122.4013179,10.8788424],[122.401363,10.878779],[122.4013845,10.8787157],[122.4013799,10.8786446],[122.4013679,10.8785604],[122.4013585,10.8784734],[122.4013544,10.8784076],[122.4013544,10.8783675],[122.4013523,10.8783126],[122.4013394,10.878243],[122.4013243,10.8781902],[122.4012861,10.8780783],[122.4012069,10.8780112],[122.4011023,10.8779782],[122.4009203,10.877956],[122.4007785,10.8779475],[122.4006323,10.8779707],[122.400527,10.8780066],[122.4004016,10.8780243],[122.4002896,10.8780197],[122.4001421,10.8780052],[122.400008,10.8779545],[122.3998699,10.8779282],[122.3993723,10.8777754],[122.399096,10.8777056],[122.3989686,10.8776622],[122.3988131,10.8775423],[122.3987313,10.8774738],[122.3986267,10.8773619],[122.3984872,10.8772565],[122.3982753,10.8771656],[122.3981479,10.8771406],[122.3979534,10.8771037],[122.3977576,10.8770432],[122.3975444,10.8769918],[122.3973821,10.8769549],[122.3971957,10.8769444],[122.3968951,10.8769387],[122.3966845,10.8769218],[122.3964395,10.8768712],[122.3962719,10.8768332],[122.3961389,10.8768351],[122.3957929,10.8768878],[122.395585,10.8769115],[122.3953542,10.8769387],[122.3952511,10.8769873],[122.395163,10.8770358],[122.3950546,10.8770932],[122.3950067,10.8771238]]}},{"type":"Feature","id":248759122,"properties":{"osmWayId":248759122,"name":null,"nameNormalized":null,"highway":"tertiary","routingClass":"trunk","surface":"unpaved","tracktype":null},"geometry":{"type":"LineString","coordinates":[[122.3937292,10.8762554],[122.3935061,10.8762697],[122.3934796,10.8762763],[122.3933879,10.8762993],[122.3933126,10.8763436],[122.393059,10.8765884],[122.393001,10.8766285],[122.392928,10.8766602],[122.392799,10.8766855],[122.3926464,10.8766855],[122.3925005,10.8766823],[122.392355,10.8766784],[122.3922123,10.8766813],[122.392107,10.8766897],[122.3920017,10.8767319],[122.3918534,10.8768311],[122.3916536,10.8769662],[122.3913978,10.8771434],[122.3912023,10.8772553],[122.3911299,10.8772723],[122.3910494,10.8772657],[122.3908322,10.877192],[122.3903869,10.8770721],[122.3902488,10.8770458],[122.3901844,10.8770326],[122.3901261,10.877028],[122.3900617,10.8770056],[122.3899725,10.8769641],[122.3898958,10.876935],[122.3898336,10.8769224],[122.3897753,10.8769347],[122.3897194,10.8769556],[122.3896071,10.877003],[122.3894486,10.8770654],[122.3893132,10.8771223],[122.3892396,10.8772157],[122.3890983,10.877403],[122.3890791,10.8774203],[122.3890467,10.8774495],[122.3888541,10.8775383],[122.3886783,10.8775845],[122.3885871,10.8776253],[122.3884386,10.8777112],[122.3881678,10.8779581],[122.3879314,10.8782367],[122.3876069,10.8786334],[122.3875037,10.8787896],[122.3874264,10.8789141],[122.3873425,10.8789985],[122.3872093,10.8790661],[122.386943,10.8792281],[122.3866334,10.8794776],[122.3863561,10.879714],[122.3860445,10.8799714],[122.3859457,10.880039],[122.3858575,10.8800833],[122.3857888,10.8801297],[122.3857353,10.8802079],[122.3856736,10.8803113],[122.385563,10.8804028],[122.3852773,10.8806426],[122.3852116,10.8806847],[122.3850996,10.880709],[122.3849226,10.8807591],[122.3847551,10.8808135],[122.3844267,10.8809057]]}},{"type":"Feature","id":248759123,"properties":{"osmWayId":248759123,"name":null,"nameNormalized":null,"highway":"tertiary","routingClass":"trunk","surface":null,"tracktype":null},"geometry":{"type":"LineString","coordinates":[[122.3844267,10.8809057],[122.3843768,10.8809676],[122.384235,10.8811448],[122.3841361,10.8812588],[122.3840437,10.8813791],[122.3839641,10.8814713],[122.3839317,10.8815089],[122.3838143,10.8817122]]}},{"type":"Feature","id":248759124,"properties":{"osmWayId":248759124,"name":null,"nameNormalized":null,"highway":"tertiary","routingClass":"trunk","surface":"unpaved","tracktype":null},"geometry":{"type":"LineString","coordinates":[[122.3838143,10.8817122],[122.3836676,10.8820375],[122.3835043,10.8822169],[122.3833969,10.8823182],[122.383255,10.8824723],[122.3829671,10.8827509],[122.382793,10.882907],[122.3826454,10.8829624],[122.3824865,10.8830013],[122.3823954,10.8830864],[122.3823121,10.8832383],[122.3821941,10.883478],[122.3820945,10.8836288],[122.3820064,10.8837406],[122.3819183,10.8838525],[122.3817743,10.8840973],[122.381727,10.8842155],[122.3816561,10.8843273],[122.3815809,10.8844012],[122.3814451,10.8844796],[122.3813273,10.8845489],[122.3812459,10.8845816],[122.3811159,10.8845961],[122.3809569,10.8846146],[122.3808496,10.884633],[122.3807268,10.8846991],[122.3806286,10.8847666],[122.3804868,10.8848687],[122.3803742,10.885011],[122.3802529,10.885225],[122.3801301,10.8853297],[122.3799161,10.8855269],[122.3797838,10.8856715],[122.3797039,10.8858431],[122.3795682,10.8860883],[122.3794596,10.8862779],[122.3792021,10.8866875],[122.3791423,10.8868309],[122.3791148,10.8869437],[122.3791098,10.8871128],[122.3791223,10.8873138],[122.3791298,10.887456],[122.3791248,10.8876497],[122.3790799,10.8878507],[122.379,10.8880272],[122.3789675,10.8880737],[122.3789301,10.8881105],[122.3788588,10.8881658],[122.3787314,10.8881961],[122.3786087,10.8882231],[122.3784883,10.8882772],[122.3783285,10.8883924],[122.3778742,10.8886596],[122.377755,10.8887696],[122.3776645,10.8889758],[122.3776146,10.8890493],[122.3772751,10.8892822],[122.3771628,10.8893582],[122.3770804,10.8894562],[122.377018,10.8895763],[122.3769431,10.889721],[122.3768633,10.8898509],[122.3767734,10.8899759],[122.376706,10.8901769],[122.3766586,10.8903754],[122.3765762,10.8906304],[122.3764689,10.8908118],[122.3763166,10.8909613],[122.3761444,10.8910765],[122.3759771,10.8911378],[122.3757475,10.8911696],[122.3754255,10.8913265],[122.3752657,10.8914515],[122.3751334,10.8915545],[122.3749861,10.8917898],[122.3748563,10.8920864],[122.3748411,10.892212],[122.3748364,10.8922506],[122.3747914,10.8924859]]}},{"type":"Feature","id":248759125,"properties":{"osmWayId":248759125,"name":null,"nameNormalized":null,"highway":"tertiary","routingClass":"trunk","surface":"unpaved","tracktype":null},"geometry":{"type":"LineString","coordinates":[[122.3747914,10.8924859],[122.3746741,10.8927605],[122.3746101,10.892985],[122.374517,10.8932373],[122.3744671,10.8936057],[122.3742896,10.8940747],[122.3741399,10.8944297],[122.3740001,10.8945793],[122.3738828,10.8946994],[122.3738361,10.8947774],[122.3738013,10.8949392],[122.3736656,10.8951283],[122.3735833,10.8952239],[122.3734235,10.8953734],[122.3732064,10.8955401],[122.3730236,10.8957138],[122.3728769,10.895849],[122.3727205,10.8959693],[122.3725596,10.8960878],[122.3724014,10.8962116],[122.3720795,10.8964513],[122.3717885,10.8967412],[122.3716437,10.8968956],[122.3715439,10.8969961],[122.3714465,10.8971481],[122.3713467,10.8972952],[122.3711021,10.8975746],[122.3709348,10.8977339],[122.3707152,10.8979276],[122.3706553,10.8979668],[122.3705954,10.8980011],[122.3704955,10.8980158],[122.3703682,10.8980256],[122.3700512,10.8980428]]}},{"type":"Feature","id":248759126,"properties":{"osmWayId":248759126,"name":null,"nameNormalized":null,"highway":"tertiary","routingClass":"trunk","surface":"unpaved","tracktype":null},"geometry":{"type":"LineString","coordinates":[[122.3700512,10.8980428],[122.3699014,10.8981457],[122.3698091,10.8982315],[122.3697117,10.898305],[122.369512,10.8983712],[122.3692225,10.8984864],[122.3691156,10.8985189],[122.3689454,10.8985551],[122.3687632,10.8986114],[122.3686334,10.8986825],[122.3684711,10.8987487],[122.3682939,10.8987757],[122.3680567,10.8987879],[122.3677123,10.8987855],[122.3673179,10.8987683],[122.3671356,10.8987242],[122.3670333,10.898685],[122.3669559,10.8987462],[122.3668436,10.898832],[122.3666414,10.898957],[122.3665191,10.8989914],[122.3663518,10.8989889],[122.3660523,10.8989668],[122.3660174,10.8989668],[122.3657827,10.8990134],[122.3656504,10.8990821],[122.3656205,10.8991605],[122.3656429,10.8993076],[122.3656879,10.8994546],[122.3657478,10.8995576],[122.3658027,10.8996262],[122.3658975,10.8996875],[122.3660323,10.8997659],[122.3661322,10.8998395],[122.3661796,10.899962]]}},{"type":"Feature","id":248759127,"properties":{"osmWayId":248759127,"name":null,"nameNormalized":null,"highway":"tertiary","routingClass":"trunk","surface":"unpaved","tracktype":null},"geometry":{"type":"LineString","coordinates":[[122.3661796,10.899962],[122.3661746,10.9000478],[122.3661122,10.9001042],[122.3660224,10.9001213],[122.3658926,10.900114],[122.3658227,10.9001091],[122.3657103,10.9001164],[122.3655855,10.9001385],[122.3654008,10.9001508],[122.3652336,10.9001336]]}},{"type":"Feature","id":248759128,"properties":{"osmWayId":248759128,"name":null,"nameNormalized":null,"highway":"tertiary","routingClass":"trunk","surface":"unpaved","tracktype":null},"geometry":{"type":"LineString","coordinates":[[122.3652336,10.9001336],[122.3650638,10.9000674],[122.3649715,10.9000159],[122.3648616,10.899962],[122.3647593,10.8998909],[122.3646719,10.8997953],[122.3646145,10.8997071],[122.3645446,10.8996458],[122.3645172,10.8996311],[122.3644647,10.8996262],[122.3643749,10.8996262],[122.3642326,10.8996311],[122.3640928,10.8996287],[122.3639455,10.899614],[122.3638307,10.8995992],[122.3637134,10.8995747],[122.3636085,10.8995036],[122.3635661,10.899413],[122.3635212,10.8993296],[122.3634971,10.899282],[122.3634548,10.8992485],[122.3633881,10.8992268],[122.3633092,10.8992268]]}},{"type":"Feature","id":248760856,"properties":{"osmWayId":248760856,"name":null,"nameNormalized":null,"highway":"tertiary","routingClass":"trunk","surface":"unpaved","tracktype":null},"geometry":{"type":"LineString","coordinates":[[122.36754,10.8831103],[122.3676552,10.883197],[122.3678605,10.8833343],[122.3680993,10.8834333],[122.3684125,10.8835741],[122.3686496,10.8836905],[122.3688425,10.883859],[122.368961,10.8840675],[122.3690212,10.8842256],[122.3690591,10.884424],[122.369062,10.8845645],[122.3690389,10.8847278],[122.3690282,10.8849362],[122.3689805,10.885143],[122.3688778,10.885322],[122.3686974,10.8857077],[122.3686691,10.8857546],[122.3686124,10.8858432],[122.3685629,10.8859405],[122.3684762,10.8860535],[122.3683842,10.8861455],[122.3682922,10.8862898],[122.3682143,10.8865365],[122.3681542,10.8866251],[122.3681046,10.8867259],[122.3680675,10.886811],[122.3679843,10.8869118],[122.3678446,10.8870438],[122.367657,10.8872228],[122.3675756,10.8872645],[122.3675225,10.8873288],[122.367496,10.8874156],[122.3674978,10.8875043],[122.3674783,10.8876016],[122.3673314,10.8877545],[122.3672536,10.8878361],[122.3671315,10.8879421],[122.3670448,10.8880742],[122.3669404,10.8882097],[122.3668697,10.8883296],[122.3667918,10.8885798],[122.3667423,10.8887257],[122.3666733,10.8888838],[122.3666078,10.8889533],[122.3665282,10.8889811],[122.3664273,10.8890176],[122.3663813,10.8890645],[122.366353,10.8891566],[122.3663318,10.8893025],[122.3663176,10.8894276],[122.3662787,10.8895545],[122.3662132,10.8896657],[122.3661248,10.8897612],[122.366054,10.8898012],[122.3659584,10.8898377],[122.3659001,10.8898446],[122.3658027,10.8898794],[122.3656541,10.8899315],[122.3655073,10.8899663],[122.3654489,10.8899645],[122.3653905,10.8899888],[122.3653427,10.890041],[122.3653197,10.8901695],[122.3653091,10.890239],[122.3653038,10.8905275],[122.3653038,10.8906769],[122.3653321,10.8909045],[122.3653525,10.8910598],[122.3654188,10.8911738],[122.3655108,10.891278],[122.3655338,10.8913684],[122.3655214,10.8914622],[122.3654737,10.8915873],[122.3653887,10.8916342],[122.365279,10.8916672],[122.36521,10.8916863],[122.3651782,10.8917975],[122.3651693,10.8918723],[122.3652029,10.8919487],[122.3652295,10.8920564],[122.3652737,10.8922736],[122.3653392,10.8927653],[122.3652843,10.892913],[122.3652366,10.892986],[122.3652206,10.8930798],[122.3652383,10.8931719],[122.3653215,10.893469],[122.3653463,10.8936236],[122.3653498,10.8937852],[122.3653215,10.8939085],[122.3652914,10.8940128],[122.3652737,10.8940666],[122.3652189,10.8941396],[122.3651552,10.8941813],[122.3650862,10.8942456],[122.3650172,10.8943134],[122.3649375,10.8943655],[122.3648615,10.8944211],[122.3647535,10.8945045],[122.3646244,10.8946105],[122.3645801,10.8946748],[122.3644846,10.8948607],[122.3644528,10.8949284],[122.3643944,10.8950031],[122.3643201,10.8950744],[122.3642334,10.8951265],[122.3641522,10.89522],[122.3641227,10.8954399],[122.3641388,10.89559],[122.3641388,10.895835],[122.3640706,10.8960717],[122.364021,10.8961655],[122.3638494,10.8964139],[122.3637043,10.8966363],[122.3635539,10.8968865],[122.3635185,10.8969977],[122.3634301,10.8973469],[122.3634035,10.8974772],[122.363354,10.8976579],[122.3632938,10.8978369],[122.3632638,10.8980245],[122.3632018,10.8982208],[122.3630957,10.898438],[122.3630391,10.8985909],[122.3630178,10.8987316],[122.3630408,10.8988289],[122.3630659,10.8988883],[122.3630992,10.8989419],[122.363143,10.898987],[122.3632027,10.899047],[122.3632478,10.899126],[122.3633092,10.8992268]]}},{"type":"Feature","id":248763757,"properties":{"osmWayId":248763757,"name":null,"nameNormalized":null,"highway":"tertiary","routingClass":"trunk","surface":"unpaved","tracktype":null},"geometry":{"type":"LineString","coordinates":[[122.3633092,10.8992268],[122.3632971,10.8993621],[122.363273,10.8994775],[122.3631562,10.8996128],[122.3630169,10.8998019],[122.3628983,10.8999125],[122.3628183,10.8999387],[122.3626553,10.8999998],[122.3624746,10.9000871],[122.3623916,10.900218],[122.3623768,10.9003374],[122.3623886,10.9004363],[122.362359,10.9005614],[122.3623294,10.9006429],[122.362279,10.9007127],[122.3621516,10.9008117],[122.3620152,10.9009135],[122.3619086,10.9009863],[122.3618404,10.9010561],[122.3618137,10.901091],[122.3618048,10.9011492],[122.3617989,10.9012074],[122.3618108,10.9013064],[122.3618404,10.901481],[122.3618463,10.9016526],[122.3617871,10.9017894],[122.3616922,10.9018738],[122.36155,10.9019553],[122.3614137,10.9020397],[122.3613277,10.9021095],[122.3612833,10.9022259],[122.3612537,10.9024674],[122.3611974,10.9026245],[122.3611233,10.902706],[122.3610166,10.9027409],[122.3608625,10.9027642],[122.3607262,10.902802],[122.3606373,10.9028457],[122.3605069,10.9030028],[122.3604713,10.9031367],[122.3604654,10.9032647],[122.3605158,10.9034946],[122.3605573,10.9036692],[122.3605602,10.9037769],[122.3605306,10.9038729],[122.3604535,10.9040097],[122.3603143,10.9041202],[122.3599735,10.9042512],[122.3597127,10.9043763],[122.3595112,10.9044694],[122.3594252,10.9045393],[122.3593541,10.904612],[122.3592682,10.9047313],[122.359206,10.9048913],[122.3591437,10.9050863],[122.3590133,10.9053889],[122.3589096,10.9057061],[122.3588889,10.9057818],[122.3588622,10.9058458],[122.3588059,10.905904],[122.3587555,10.9059331],[122.3586903,10.9059447],[122.3586014,10.9059593],[122.3585214,10.9059767],[122.3584325,10.9059971],[122.358394,10.9060349],[122.3583347,10.9060931],[122.3582873,10.9061339],[122.3582043,10.9061601],[122.3580443,10.9062037],[122.3577746,10.9063085],[122.3576887,10.9063696],[122.3575168,10.9064627],[122.3574072,10.906486],[122.3573153,10.9064627],[122.3572116,10.9064161],[122.3571583,10.9063201],[122.3571197,10.9062066],[122.3570812,10.906131],[122.357016,10.9060815],[122.3569153,10.9060931],[122.3567612,10.9061077],[122.3566812,10.9061019],[122.3565834,10.9061019],[122.3562307,10.9060786],[122.3560591,10.9060625],[122.3558597,10.9059737],[122.3557282,10.9058425],[122.3556152,10.9058021],[122.3555124,10.905788],[122.3553521,10.9057416],[122.3552969,10.9056657],[122.3552258,10.9054418],[122.355159,10.9052936],[122.3550622,10.9052272],[122.3549683,10.9052022],[122.3548774,10.9051644],[122.3548116,10.9050696],[122.3547397,10.9049102],[122.3546966,10.9048375],[122.3546431,10.9047649],[122.3545774,10.9047003],[122.3545116,10.9046236],[122.3544623,10.9045025],[122.3544232,10.9043351],[122.3543636,10.9041797],[122.3543492,10.9041232],[122.3543287,10.9040102],[122.3543369,10.9039032],[122.3543718,10.9038507],[122.3544027,10.9038326],[122.354452,10.9038245],[122.3545137,10.9038084],[122.354565,10.9037862],[122.3546246,10.9037438],[122.3547089,10.9036812],[122.3547664,10.9036267],[122.3548116,10.90355],[122.3548199,10.9034895],[122.3548137,10.9034108],[122.3547954,10.903326]]}},{"type":"Feature","id":248766000,"properties":{"osmWayId":248766000,"name":null,"nameNormalized":null,"highway":"tertiary","routingClass":"trunk","surface":null,"tracktype":null},"geometry":{"type":"LineString","coordinates":[[122.3588934,10.8895176],[122.3587905,10.8894946],[122.3587311,10.8894363],[122.3587105,10.8893653],[122.3586898,10.8892995],[122.358664,10.8892285],[122.3585789,10.8891347],[122.3585324,10.8890562],[122.3585144,10.889003],[122.3585066,10.8889269],[122.3585298,10.8888585],[122.3585582,10.8888205],[122.3586537,10.8887901],[122.3587621,10.8887724],[122.3588137,10.8887419],[122.3588473,10.8887115],[122.3588679,10.8886482],[122.3588679,10.8885823],[122.3588421,10.888524],[122.3587879,10.8884378],[122.3587414,10.8883567],[122.3586795,10.8882554],[122.3586124,10.8881768],[122.3585789,10.8881464],[122.3584963,10.8881084],[122.3583982,10.8881008],[122.3582821,10.8881312],[122.3581376,10.8881768],[122.3579311,10.8882098],[122.3577247,10.88823],[122.3576034,10.8882427],[122.3574769,10.8882452],[122.3574021,10.8882174],[122.3573247,10.8881667],[122.3572576,10.8881084],[122.3571957,10.8880374],[122.3571105,10.8879766],[122.3570357,10.8879107],[122.3569505,10.8878448],[122.3568834,10.8878043],[122.3567647,10.8877587],[122.3566434,10.8877156],[122.3565582,10.8876801],[122.356486,10.8876269],[122.3564189,10.8875762],[122.3563673,10.8875306],[122.3563157,10.8874926],[122.3562382,10.8874647],[122.3555673,10.8872012],[122.3554718,10.8871632],[122.3554176,10.8871277],[122.3553273,10.8870922],[122.3552447,10.8870592],[122.3551724,10.8870314],[122.3550382,10.8869731],[122.3548989,10.8869325],[122.3547002,10.8869123],[122.3545841,10.8869173],[122.3544499,10.8869477],[122.3543595,10.8869908],[122.3542382,10.8870415],[122.3541325,10.8870691],[122.3539852,10.8870747],[122.3537716,10.8869951],[122.3536651,10.8867641],[122.3536155,10.8865938],[122.3535483,10.8864305],[122.3534952,10.8863436],[122.3534562,10.8862498],[122.3534173,10.8859682],[122.3533536,10.8858501],[122.353258,10.8857875],[122.3530528,10.885645],[122.3526564,10.8853253],[122.3525007,10.8851619],[122.3524039,10.8850441],[122.3520775,10.8849514],[122.3518269,10.8846503],[122.3516406,10.8844703],[122.3514849,10.8843278],[122.3513681,10.8841505],[122.3512832,10.8839941],[122.3512159,10.8838551],[122.3511593,10.8837022],[122.3511593,10.883591],[122.3512248,10.8833616],[122.3512301,10.8832452],[122.3511929,10.8831426],[122.3511204,10.8830401],[122.3509646,10.8828403],[122.3508479,10.8827273],[122.3507682,10.8826317],[122.3507169,10.8824979],[122.350701,10.8823189],[122.3506912,10.8822095],[122.3506842,10.8821139],[122.3506471,10.8819983]]}},{"type":"Feature","id":248766006,"properties":{"osmWayId":248766006,"name":null,"nameNormalized":null,"highway":"tertiary","routingClass":"trunk","surface":"unpaved","tracktype":null},"geometry":{"type":"LineString","coordinates":[[122.3664227,10.8816998],[122.3662367,10.8816561],[122.3660891,10.8816329],[122.3659062,10.8816093],[122.3657234,10.8815887],[122.3656267,10.88157],[122.3655315,10.8815181],[122.3654086,10.8814004],[122.3652797,10.8812296],[122.3652048,10.8810648],[122.3651928,10.8808264],[122.3651149,10.8806468],[122.364959,10.8805085],[122.3648361,10.8804731],[122.3645574,10.8804908],[122.3642636,10.8804908],[122.3640358,10.8804349],[122.3634003,10.8803024],[122.3631006,10.8802112],[122.3628788,10.8801287],[122.3627919,10.880064],[122.3627079,10.8799933],[122.3624981,10.8798668],[122.3622853,10.8797284],[122.3621924,10.8796813],[122.3620395,10.8796166]]}},{"type":"Feature","id":248766008,"properties":{"osmWayId":248766008,"name":null,"nameNormalized":null,"highway":"tertiary","routingClass":"trunk","surface":null,"tracktype":null},"geometry":{"type":"LineString","coordinates":[[122.357903,10.8767436],[122.3575433,10.8767819],[122.3573095,10.8768201],[122.3572016,10.8768555],[122.3570817,10.8768761],[122.3569528,10.8768555],[122.356782,10.8768025],[122.3566441,10.8767878],[122.3565002,10.8768201],[122.3563264,10.8769085],[122.3562454,10.8769349],[122.3561315,10.8769261],[122.3560356,10.8768878],[122.3559097,10.8768025],[122.3558138,10.8767583],[122.3556759,10.8766906],[122.355622,10.8766582],[122.355562,10.8765905],[122.355535,10.876517],[122.3554811,10.8764198],[122.3554541,10.8763227],[122.3554001,10.8761873],[122.3553612,10.8761255],[122.3552413,10.8757928],[122.3551544,10.8755868],[122.3551034,10.8754808],[122.3550315,10.8753895]]}},{"type":"Feature","id":248766010,"properties":{"osmWayId":248766010,"name":null,"nameNormalized":null,"highway":"tertiary","routingClass":"trunk","surface":null,"tracktype":null},"geometry":{"type":"LineString","coordinates":[[122.3550315,10.8753895],[122.3548426,10.8755721],[122.3546478,10.8758252],[122.3545669,10.8759636],[122.3544587,10.8760673],[122.3543702,10.876116],[122.3541704,10.8761542],[122.3540872,10.8761871],[122.3539799,10.8762569],[122.3538325,10.8764316],[122.3535777,10.8766229],[122.3534167,10.8766942],[122.353209,10.8767554],[122.3529872,10.8767937],[122.35284,10.8768022],[122.3526576,10.8767574],[122.3525664,10.8766942],[122.3524746,10.8765376],[122.3523787,10.8764051],[122.3522528,10.8763344],[122.3521179,10.8762991],[122.3519531,10.876255],[122.3517762,10.8762255],[122.3515338,10.8762385],[122.3513206,10.8763433],[122.3511797,10.8765552],[122.3511468,10.8766318],[122.3511977,10.8767907],[122.3512401,10.8768812],[122.3512682,10.8769892],[122.3512575,10.8771156],[122.351228,10.8772144],[122.3511583,10.8772789],[122.3510738,10.8772894],[122.3509893,10.877242],[122.3508686,10.877163],[122.3507031,10.8770674],[122.3505443,10.8769968],[122.3504334,10.8769673],[122.3503375,10.8769762],[122.3502445,10.8770174],[122.3501156,10.877088],[122.3499298,10.8771263],[122.34969,10.8771351],[122.3495215,10.8771174],[122.3492351,10.8771261],[122.3490205,10.8771498],[122.3488435,10.8771393],[122.3486638,10.8771999],[122.3484305,10.8773105],[122.3479477,10.8775739],[122.3477921,10.8776635],[122.3476446,10.8777267],[122.347489,10.8778189],[122.3472342,10.8779137],[122.3470035,10.8780006],[122.3467836,10.8780638],[122.3465824,10.878156],[122.3464188,10.8782588],[122.3462954,10.8783365],[122.3461962,10.8783931],[122.3460513,10.8784563],[122.3458099,10.8785485],[122.345531,10.8787013],[122.345311,10.8788725],[122.3450884,10.8791043],[122.3449865,10.8792544],[122.3448631,10.8793729],[122.3447049,10.8794757]]}},{"type":"Feature","id":248766011,"properties":{"osmWayId":248766011,"name":null,"nameNormalized":null,"highway":"tertiary","routingClass":"trunk","surface":null,"tracktype":null},"geometry":{"type":"LineString","coordinates":[[122.3447049,10.8794757],[122.3444313,10.8795626],[122.3442328,10.8797127],[122.3440504,10.8798418],[122.3438546,10.879984],[122.3437124,10.8801052],[122.3434684,10.8802843],[122.3432913,10.8804081],[122.3432055,10.8805214],[122.3430986,10.8807528],[122.3429577,10.8809294],[122.3427509,10.8811119],[122.342595,10.8812208],[122.3423942,10.8813385],[122.3419266,10.8815681],[122.3417498,10.8816447],[122.3416568,10.8816977],[122.3416029,10.8817712],[122.3415909,10.8818331],[122.3416089,10.8818949],[122.3416598,10.8819655],[122.3417647,10.8820862],[122.3420375,10.882463],[122.3421694,10.882619],[122.3423672,10.8829016],[122.3425051,10.8830517],[122.3428166,10.8833318],[122.3430836,10.8835815],[122.3432216,10.8837243],[122.3435033,10.883973],[122.3435917,10.8840377],[122.3437165,10.8841721],[122.3437433,10.8842537],[122.3437513,10.8843604],[122.343687,10.8844539],[122.3436159,10.8845053],[122.3435488,10.884581],[122.3435254,10.8846462],[122.3435302,10.8847089],[122.3435422,10.8848001],[122.3435622,10.8849175],[122.3434871,10.8851256],[122.3433745,10.8853363],[122.3431921,10.8855983],[122.3430794,10.8857511],[122.3430151,10.8858051],[122.3429467,10.8858288],[122.3428743,10.8857959],[122.3427989,10.8857244],[122.3427479,10.8856803],[122.3426811,10.8856089],[122.3425886,10.8855035],[122.3425001,10.8854232],[122.3423941,10.8853534],[122.3422801,10.8852823],[122.3421434,10.8852256],[122.3420267,10.8851716],[122.3417544,10.8850808],[122.3415479,10.8850544],[122.3412663,10.8850413],[122.3409954,10.8850413],[122.3407929,10.8850452],[122.3406107,10.8850268],[122.3404968,10.8849885],[122.3404069,10.8849032],[122.3403469,10.8847825],[122.340293,10.8846912],[122.3402108,10.8845856],[122.3400767,10.884471],[122.3399775,10.8844526],[122.33983,10.8844644],[122.3396784,10.884496],[122.3395792,10.8844895],[122.3394732,10.8844565],[122.3393472,10.8843736],[122.3392238,10.8842787],[122.3391312,10.8841944],[122.3389971,10.8840878],[122.3388939,10.8840232],[122.3387879,10.8839864],[122.338694,10.8839982],[122.3386082,10.8840588],[122.3385546,10.8841128],[122.3384714,10.8841984],[122.338399,10.8843196],[122.3382381,10.884417],[122.3380664,10.884446],[122.3378223,10.8844302],[122.3376614,10.8843248],[122.3375675,10.8842116],[122.337487,10.8841141],[122.3374227,10.8839771],[122.3373465,10.8838464],[122.3372215,10.8836295]]}},{"type":"Feature","id":248766014,"properties":{"osmWayId":248766014,"name":null,"nameNormalized":null,"highway":"tertiary","routingClass":"trunk","surface":null,"tracktype":null},"geometry":{"type":"LineString","coordinates":[[122.3372215,10.8836295],[122.3371518,10.8835412],[122.3370793,10.8834609],[122.3369747,10.8834108],[122.3368648,10.8833555],[122.3367414,10.8833002],[122.3366582,10.8832581],[122.3365322,10.8831975],[122.3364142,10.8831501],[122.3362505,10.8830421],[122.3361003,10.882917],[122.3359877,10.882805],[122.3359153,10.8827049],[122.3358133,10.8826075],[122.3356953,10.882568],[122.3355237,10.8825469],[122.3353466,10.8825785],[122.3352393,10.8826549],[122.3351106,10.8828129],[122.3350033,10.8828999],[122.3348886,10.8828927],[122.3347657,10.8828574],[122.3346188,10.8827985],[122.334385,10.8827338],[122.3341885,10.8826548],[122.3339839,10.882606],[122.3338425,10.8826003],[122.333725,10.8826226],[122.333693,10.8827212],[122.3337675,10.8828515],[122.3338695,10.8830193],[122.3339834,10.883243],[122.3342561,10.8836698],[122.3343707,10.8838083],[122.3343773,10.8839318],[122.3343135,10.8839976]]}},{"type":"Feature","id":248766016,"properties":{"osmWayId":248766016,"name":null,"nameNormalized":null,"highway":"tertiary","routingClass":"trunk","surface":null,"tracktype":null},"geometry":{"type":"LineString","coordinates":[[122.3343135,10.8839976],[122.3341263,10.8840499],[122.3339684,10.8840495],[122.3338095,10.8840289],[122.333461,10.8838336],[122.3332998,10.8837416],[122.3329415,10.8837122],[122.3326425,10.8837564],[122.332445,10.8838305],[122.332302,10.8838771],[122.3322563,10.883954],[122.3322538,10.8840348],[122.3323093,10.884114],[122.3324687,10.8842622],[122.3325476,10.8843851],[122.3326603,10.8845786],[122.3326609,10.8846975],[122.3325974,10.8847905],[122.3325161,10.8848849],[122.3324509,10.8849233],[122.3323749,10.8849281],[122.3322898,10.8848531],[122.3322089,10.8847295],[122.3321429,10.8846294],[122.332044,10.884547],[122.3318404,10.8844212],[122.3317056,10.8844149],[122.3316593,10.8844443],[122.3316468,10.8845056],[122.3316871,10.8846062]]}},{"type":"Feature","id":248766018,"properties":{"osmWayId":248766018,"name":null,"nameNormalized":null,"highway":"tertiary","routingClass":"trunk","surface":null,"tracktype":null},"geometry":{"type":"LineString","coordinates":[[122.3316871,10.8846062],[122.331753,10.8847242],[122.3318222,10.8848384],[122.3318162,10.8855331],[122.3317417,10.8857003],[122.3315337,10.8859808],[122.3314452,10.8860474],[122.3313366,10.8860364],[122.3311867,10.8859099],[122.3309138,10.8857134],[122.3307018,10.8855606],[122.3305819,10.8855046],[122.3305004,10.885521],[122.3303443,10.8856285],[122.3300719,10.8858192],[122.3299875,10.8858851],[122.3299276,10.8859642],[122.3298581,10.8860297],[122.3297857,10.8860993],[122.3295291,10.8863425],[122.3293793,10.8864338],[122.3292594,10.8864897],[122.3291335,10.8865221],[122.3289708,10.8865963],[122.3288496,10.886639],[122.3287108,10.8867046],[122.3286164,10.8867405]]}},{"type":"Feature","id":248766019,"properties":{"osmWayId":248766019,"name":null,"nameNormalized":null,"highway":"tertiary","routingClass":"trunk","surface":null,"tracktype":null},"geometry":{"type":"LineString","coordinates":[[122.3286164,10.8867405],[122.3286061,10.8869197],[122.3286029,10.8871167],[122.328549,10.8872962],[122.3284666,10.8876235],[122.3284961,10.8879175],[122.3286111,10.8881326],[122.328722,10.8882534],[122.3288793,10.8883919],[122.3289624,10.888509],[122.3290057,10.8887675],[122.3290141,10.8890088],[122.3289381,10.8891324],[122.3288157,10.8892507],[122.3286869,10.889445],[122.328549,10.8898394],[122.3283736,10.8902017]]}},{"type":"Feature","id":248766020,"properties":{"osmWayId":248766020,"name":null,"nameNormalized":null,"highway":"tertiary","routingClass":"trunk","surface":"unpaved","tracktype":null},"geometry":{"type":"LineString","coordinates":[[122.3283736,10.8902017],[122.3282121,10.8903804],[122.3281323,10.8904636],[122.3280629,10.890526],[122.328005,10.8905652],[122.3279033,10.8906726]]}},{"type":"Feature","id":248766025,"properties":{"osmWayId":248766025,"name":null,"nameNormalized":null,"highway":"tertiary","routingClass":"trunk","surface":"unpaved","tracktype":null},"geometry":{"type":"LineString","coordinates":[[122.3275494,10.8908835],[122.3274506,10.890897],[122.3273121,10.8909307],[122.3271874,10.8909768],[122.3270036,10.8910532],[122.3267405,10.8912164],[122.3263481,10.8914277],[122.3261416,10.8915541],[122.3259995,10.8915884]]}},{"type":"Feature","id":248766026,"properties":{"osmWayId":248766026,"name":null,"nameNormalized":null,"highway":"tertiary","routingClass":"trunk","surface":null,"tracktype":null},"geometry":{"type":"LineString","coordinates":[[122.3259995,10.8915884],[122.3259153,10.8915632],[122.3258579,10.8915453],[122.3257846,10.8915367],[122.325693,10.891535],[122.32563,10.8915706],[122.3255743,10.8916661],[122.3255435,10.8917332],[122.3255193,10.891782],[122.3254979,10.8918703],[122.325467,10.8919202],[122.3253568,10.891983],[122.3252696,10.8919909],[122.3251341,10.8919711],[122.3249893,10.8918921],[122.3248726,10.8918144],[122.3246818,10.8917398]]}},{"type":"Feature","id":248952276,"properties":{"osmWayId":248952276,"name":null,"nameNormalized":null,"highway":"tertiary","routingClass":"trunk","surface":"unpaved","tracktype":null},"geometry":{"type":"LineString","coordinates":[[122.398416,10.8672019],[122.3985172,10.8671192],[122.3986023,10.8670265],[122.3987151,10.8668812],[122.3988908,10.8666596]]}},{"type":"Feature","id":248952278,"properties":{"osmWayId":248952278,"name":null,"nameNormalized":null,"highway":"tertiary","routingClass":"trunk","surface":"unpaved","tracktype":null},"geometry":{"type":"LineString","coordinates":[[122.3988908,10.8666596],[122.3989685,10.8665009],[122.399084,10.8662587],[122.3992277,10.8660761],[122.3993185,10.86602],[122.3995193,10.865935],[122.3996629,10.8658707],[122.3997812,10.8657711],[122.3998488,10.8656569],[122.3999397,10.8655428],[122.4000305,10.8654702],[122.4000981,10.8654176],[122.4001932,10.8653498],[122.4003327,10.8652565],[122.4004404,10.8651859],[122.4005161,10.8651855],[122.4006475,10.8652627],[122.40077,10.8652772],[122.4010384,10.8653125],[122.4013806,10.8653125],[122.4016278,10.8652855],[122.4016806,10.8652648],[122.4017335,10.865215],[122.4017673,10.8651756],[122.4019245,10.8648931],[122.4019866,10.864832],[122.4020779,10.8647149],[122.4021138,10.8646568],[122.4021476,10.8645738],[122.4021687,10.864468],[122.402137,10.8643477],[122.4021135,10.8641994],[122.4021149,10.8641138],[122.4021417,10.863882],[122.4021833,10.8635949],[122.4021994,10.8634895],[122.4022342,10.8633766],[122.4022807,10.8633081],[122.4024117,10.8631317],[122.4025532,10.8629886],[122.4028765,10.86275],[122.403018,10.8626732],[122.4031237,10.8626192],[122.4032716,10.8625757],[122.4033941,10.8625383],[122.4034744,10.862503],[122.4035737,10.8624304],[122.4038399,10.8622457],[122.4039561,10.8621856],[122.4041611,10.8620507],[122.4043047,10.8619387],[122.4046174,10.8617229],[122.4047527,10.8616274],[122.4048287,10.8615631],[122.4049935,10.8614656],[122.405024,10.8614602],[122.4050759,10.861451],[122.4051985,10.8614635],[122.4053469,10.8614691],[122.4054647,10.8614656],[122.4057182,10.8614448],[122.4058915,10.861449],[122.405995,10.8614656],[122.4061661,10.8615091],[122.406352,10.861588],[122.4064809,10.8616759],[122.406633,10.8618037],[122.4068181,10.8619051],[122.4070683,10.8620237],[122.4074122,10.8621579],[122.4075698,10.8621965],[122.4077032,10.8622106],[122.4078648,10.8621959],[122.4079809,10.8621777],[122.4081374,10.8621503],[122.4083127,10.8621316],[122.4084078,10.8621046],[122.4085113,10.8620424],[122.4086127,10.862003],[122.4087386,10.8620091],[122.4088586,10.862017],[122.4089532,10.862042],[122.4090457,10.8620052],[122.4091141,10.8619604],[122.4092026,10.8618194],[122.4093246,10.8616772],[122.4094748,10.8614823],[122.409566,10.8613769],[122.4096532,10.8612768],[122.4098571,10.8611293],[122.4100099,10.8611174],[122.4101387,10.861099],[122.4102701,10.8610266],[122.4103841,10.8609462],[122.410592,10.8609199],[122.4112961,10.8608316],[122.411575,10.8607816],[122.4117279,10.8606868],[122.4118754,10.8605208],[122.4119773,10.8603496],[122.4122536,10.8598596],[122.4123394,10.8597516],[122.4123797,10.8596331],[122.412436,10.859454],[122.4124655,10.8593749],[122.4125057,10.8593157],[122.4125688,10.859263],[122.4126868,10.8592261],[122.4128035,10.8592077],[122.4129456,10.8591431],[122.4130636,10.8590733],[122.4132117,10.8589015],[122.4133393,10.8587232],[122.4134915,10.8585665],[122.41357,10.8585063],[122.4138007,10.8584075],[122.4139111,10.8583617],[122.4139774,10.8583231],[122.4140044,10.8582918],[122.4140289,10.8582364],[122.4140338,10.8581713],[122.4140142,10.8580725],[122.4139136,10.8576411],[122.4138498,10.857482],[122.4137933,10.8573229],[122.4137491,10.8572265]]}},{"type":"Feature","id":248953505,"properties":{"osmWayId":248953505,"name":null,"nameNormalized":null,"highway":"tertiary","routingClass":"trunk","surface":"unpaved","tracktype":null},"geometry":{"type":"LineString","coordinates":[[122.4137491,10.8572265],[122.4137188,10.856951],[122.4137112,10.8568463],[122.4137163,10.8567417],[122.4137568,10.856657],[122.4138254,10.8565947],[122.4140562,10.8564502],[122.4144038,10.8562209],[122.4144901,10.8561611],[122.414622,10.8560614],[122.4148174,10.8559742],[122.4150051,10.855882],[122.415373,10.8557101],[122.415429,10.855682],[122.4160529,10.8553688],[122.4164969,10.855162],[122.4169007,10.8549775]]}},{"type":"Feature","id":248953509,"properties":{"osmWayId":248953509,"name":null,"nameNormalized":null,"highway":"tertiary","routingClass":"trunk","surface":null,"tracktype":null},"geometry":{"type":"LineString","coordinates":[[122.4169007,10.8549775],[122.4171062,10.8548968],[122.4172033,10.8548658],[122.4172846,10.8548835],[122.4174201,10.8549434],[122.4175804,10.8550166],[122.4177023,10.8550609],[122.4179485,10.8551208],[122.4181336,10.8551008],[122.4182488,10.855092],[122.418373,10.8551075],[122.4184543,10.8551275],[122.4187253,10.8551829],[122.4189421,10.8551674],[122.4191114,10.8551674],[122.4192853,10.8551496],[122.4194502,10.8551008],[122.4198657,10.8549079],[122.4200621,10.8548658],[122.420437,10.8548525],[122.4206425,10.8548192],[122.420726,10.8548569],[122.4208909,10.8549988],[122.4209496,10.8550498],[122.4210286,10.8550676],[122.4211212,10.8550498],[122.4212906,10.85497],[122.4213674,10.854919],[122.4214238,10.8548746],[122.4214599,10.8548258],[122.4214961,10.8547216],[122.4215593,10.8545752],[122.4217038,10.8543778],[122.42195,10.8541805],[122.42209,10.8540674],[122.4221832,10.8540071]]}},{"type":"Feature","id":248953511,"properties":{"osmWayId":248953511,"name":null,"nameNormalized":null,"highway":"tertiary","routingClass":"trunk","surface":null,"tracktype":null},"geometry":{"type":"LineString","coordinates":[[122.4221832,10.8540071],[122.4221738,10.8538839],[122.4221134,10.8537911],[122.4220263,10.8536238],[122.4219413,10.8534502],[122.4219367,10.8534119],[122.4219643,10.8533758],[122.4220814,10.8533217],[122.4224074,10.8532878],[122.4227863,10.853227],[122.4229975,10.8531751],[122.4231399,10.8531458],[122.4232409,10.8531593],[122.4234177,10.8531593],[122.4235601,10.8531232],[122.4237529,10.8530601]]}},{"type":"Feature","id":248953512,"properties":{"osmWayId":248953512,"name":null,"nameNormalized":null,"highway":"tertiary","routingClass":"trunk","surface":null,"tracktype":null},"geometry":{"type":"LineString","coordinates":[[122.4237529,10.8530601],[122.4240376,10.8529699]]}},{"type":"Feature","id":248953513,"properties":{"osmWayId":248953513,"name":null,"nameNormalized":null,"highway":"tertiary","routingClass":"trunk","surface":null,"tracktype":null},"geometry":{"type":"LineString","coordinates":[[122.4240376,10.8529699],[122.4242489,10.8528977]]}},{"type":"Feature","id":248953514,"properties":{"osmWayId":248953514,"name":null,"nameNormalized":null,"highway":"tertiary","routingClass":"trunk","surface":null,"tracktype":null},"geometry":{"type":"LineString","coordinates":[[122.4242489,10.8528977],[122.424349,10.8528922],[122.4244349,10.8529045],[122.4245611,10.852927],[122.4246602,10.8529448],[122.4247517,10.8529451],[122.4249055,10.8529293],[122.4251627,10.8528865],[122.4255002,10.8528098],[122.4256074,10.8527778],[122.4256816,10.8527557],[122.4257857,10.8526952],[122.425944,10.8525484],[122.4260398,10.852458],[122.4261156,10.8524174],[122.4263567,10.8523137],[122.4264967,10.8522596],[122.4267148,10.8521942],[122.4269422,10.8521716],[122.4270799,10.8521378],[122.4271993,10.8520656],[122.4272751,10.8519596],[122.4273371,10.8518649],[122.4274151,10.8517973],[122.4276034,10.8517116],[122.4278124,10.8516417],[122.4281028,10.8516049]]}},{"type":"Feature","id":248954012,"properties":{"osmWayId":248954012,"name":"F. Cabarles Street","nameNormalized":"f cabarles street","highway":"secondary","routingClass":"trunk","surface":"paved","tracktype":null},"geometry":{"type":"LineString","coordinates":[[122.38954,10.7794617],[122.3891466,10.7795336],[122.3891133,10.7795399]]}},{"type":"Feature","id":248954014,"properties":{"osmWayId":248954014,"name":"Capalla Street","nameNormalized":"capalla street","highway":"tertiary","routingClass":"trunk","surface":"paved","tracktype":null},"geometry":{"type":"LineString","coordinates":[[122.3876448,10.7814496],[122.3876242,10.7813898],[122.3876196,10.7813639],[122.3875603,10.7807786],[122.3874983,10.780389],[122.3874465,10.779971],[122.3874656,10.77988]]}},{"type":"Feature","id":248954019,"properties":{"osmWayId":248954019,"name":"Cabaluna Street","nameNormalized":"cabaluna street","highway":"tertiary","routingClass":"trunk","surface":"paved","tracktype":null},"geometry":{"type":"LineString","coordinates":[[122.3889702,10.7796265],[122.3890304,10.779803],[122.3891018,10.7805108],[122.3891682,10.7811856],[122.3891628,10.7812808]]}},{"type":"Feature","id":248954027,"properties":{"osmWayId":248954027,"name":"Cabanilla Street","nameNormalized":"cabanilla street","highway":"tertiary","routingClass":"trunk","surface":"paved","tracktype":null},"geometry":{"type":"LineString","coordinates":[[122.3891628,10.7812808],[122.3890057,10.781322],[122.3878629,10.7814439],[122.3876448,10.7814496]]}},{"type":"Feature","id":249657660,"properties":{"osmWayId":249657660,"name":"Leon-Antique Boundary Road","nameNormalized":"leon antique boundary","highway":"tertiary","routingClass":"trunk","surface":null,"tracktype":null},"geometry":{"type":"LineString","coordinates":[[122.3907373,10.7913373],[122.390926,10.7931486],[122.3910652,10.7946111],[122.3911926,10.7958348],[122.391187,10.7962107],[122.3911836,10.7964349],[122.3911697,10.7965636],[122.3911501,10.796706],[122.3910247,10.7972181],[122.3908825,10.7975851],[122.3906037,10.7981803],[122.3904726,10.7984862],[122.3899875,10.7994886],[122.3896055,10.8003047],[122.3887635,10.802137],[122.3887502,10.8021682],[122.3886046,10.8025094],[122.3885404,10.8027806],[122.388507,10.8029969],[122.3885209,10.8031612],[122.3885739,10.8033639],[122.388691,10.8035857],[122.3888471,10.8037473],[122.3889921,10.8038651],[122.3891315,10.8039527],[122.389296,10.8040376],[122.3895832,10.8041609],[122.3898174,10.8043005],[122.3899485,10.8044265],[122.3900794,10.8046047],[122.3901105,10.8047453],[122.3901032,10.8049925],[122.3899206,10.8054179],[122.3898063,10.8057055],[122.3897728,10.805837],[122.38977,10.8059575],[122.3898341,10.8061437],[122.3899234,10.8063436],[122.3900014,10.8065956],[122.390007,10.8067161],[122.3899708,10.8068777],[122.3898932,10.8070584]]}},{"type":"Feature","id":249657661,"properties":{"osmWayId":249657661,"name":null,"nameNormalized":null,"highway":"tertiary","routingClass":"trunk","surface":"concrete","tracktype":null},"geometry":{"type":"LineString","coordinates":[[122.3866111,10.8134395],[122.3857555,10.8151183],[122.3856897,10.8152474],[122.3854311,10.8157542],[122.3846763,10.8172335],[122.3842374,10.8180912],[122.3835322,10.8194672],[122.3831222,10.8202509],[122.3830186,10.8204488],[122.3826637,10.8211689],[122.3820566,10.8223477],[122.3816036,10.8231916],[122.3815476,10.8232788],[122.3814589,10.8233659],[122.3811693,10.8235998],[122.3802027,10.8242878],[122.3783908,10.8255675],[122.3779729,10.8258676],[122.3774709,10.826228],[122.3768405,10.8266546],[122.376691,10.8267601],[122.3765323,10.8268243],[122.3763501,10.8268839],[122.3762012,10.8269208],[122.3761188,10.8269412],[122.3757524,10.8269894],[122.3752714,10.8270765],[122.3745555,10.8272214],[122.3743935,10.8272417],[122.3739452,10.8273013],[122.3735576,10.8273105],[122.3732774,10.8272462],[122.373044,10.8271774],[122.3727824,10.8270536],[122.3724602,10.8268839],[122.3722594,10.8267738],[122.3720166,10.8266087],[122.3718812,10.8265215],[122.3717177,10.8264665],[122.3715823,10.8264528],[122.3713815,10.8265307],[122.3710453,10.8266591],[122.3707278,10.8267692],[122.370555,10.8268289],[122.370482,10.8268778],[122.3704126,10.8269503],[122.3703402,10.8270582],[122.3702608,10.8272004],[122.3701927,10.8273553],[122.3701484,10.8274452],[122.370109,10.8275089],[122.370054,10.8275727],[122.3699899,10.8276269],[122.369649,10.827893],[122.3693222,10.8280902],[122.3691821,10.8281452],[122.3689876,10.8281844]]}},{"type":"Feature","id":249657662,"properties":{"osmWayId":249657662,"name":null,"nameNormalized":null,"highway":"tertiary","routingClass":"trunk","surface":null,"tracktype":null},"geometry":{"type":"LineString","coordinates":[[122.353349,10.8286068],[122.3531701,10.8286314],[122.352972,10.8286418],[122.3528015,10.828663],[122.3526039,10.8286671],[122.3524138,10.828632],[122.352075,10.8285684],[122.3518472,10.8285566],[122.3516405,10.8285593],[122.3515129,10.8286017],[122.3513757,10.828682],[122.3512062,10.8288119],[122.3510624,10.8289582],[122.3507905,10.8292781],[122.3505937,10.8295276],[122.3504326,10.8296506],[122.3502609,10.8297244],[122.3499925,10.8297561],[122.349563,10.8297613],[122.3489762,10.8296277],[122.3484609,10.8294925],[122.3480601,10.8294186],[122.3479338,10.8294112],[122.3477023,10.8293976],[122.3474697,10.8294222],[122.3472943,10.8294889],[122.3471154,10.8295909],[122.3469113,10.8297475],[122.3467893,10.8298121],[122.3463067,10.8299459],[122.3456662,10.8301497],[122.3454228,10.8301954],[122.3449898,10.8302024],[122.3447716,10.830227],[122.3445425,10.8303922],[122.3443314,10.830589],[122.3441596,10.830828],[122.3440595,10.8309721]]}},{"type":"Feature","id":249657663,"properties":{"osmWayId":249657663,"name":null,"nameNormalized":null,"highway":"tertiary","routingClass":"trunk","surface":null,"tracktype":null},"geometry":{"type":"LineString","coordinates":[[122.3440595,10.8309721],[122.3438662,10.8311936],[122.3436333,10.8314619],[122.3433745,10.8316964],[122.3431264,10.8318557],[122.3428796,10.8320072],[122.3426639,10.832125],[122.3420124,10.832499],[122.3416732,10.8326832],[122.3414055,10.8328002],[122.3409969,10.8329317],[122.3408508,10.8329717],[122.3407416,10.8330003],[122.3405019,10.8330654],[122.3396901,10.8333384],[122.3392378,10.833493],[122.3390388,10.8335712],[122.338753,10.8336707],[122.3383875,10.8337986],[122.3380474,10.8339692],[122.3378068,10.8341202],[122.3376349,10.8342428],[122.3375085,10.8343163],[122.3374124,10.8343921],[122.3371284,10.8346781],[122.3369439,10.8348274],[122.3367177,10.8349855],[122.3365766,10.8350637],[122.3364337,10.8351135],[122.3361207,10.8352325],[122.3359127,10.8353249],[122.3356142,10.8354884],[122.33544,10.8355835],[122.3353275,10.8356622],[122.3351438,10.835778],[122.3348942,10.8359379],[122.3345957,10.8361334],[122.3345125,10.8362098],[122.3344437,10.8362844],[122.3342013,10.8366149],[122.3341054,10.836741],[122.334033,10.836837],[122.3338322,10.8369703],[122.3336549,10.8370236],[122.3334632,10.8370502],[122.3333203,10.8370467],[122.3331556,10.8370218],[122.3329928,10.8369934],[122.3328969,10.8369685],[122.3327468,10.8369027],[122.3326238,10.8368477],[122.3324989,10.8368068],[122.3323596,10.8367766],[122.3322258,10.8367748],[122.3320521,10.8368263],[122.3319689,10.8368885]]}},{"type":"Feature","id":249823827,"properties":{"osmWayId":249823827,"name":null,"nameNormalized":null,"highway":"tertiary","routingClass":"trunk","surface":null,"tracktype":null},"geometry":{"type":"LineString","coordinates":[[122.3319187,10.8369529],[122.3318284,10.8370687],[122.331725,10.8372757],[122.3316879,10.8375112],[122.331725,10.8377994],[122.3317292,10.8380308],[122.3317292,10.8382662],[122.3316383,10.8386032],[122.3314977,10.8389357],[122.3314065,10.8392202],[122.3313166,10.8393782],[122.3312348,10.839502],[122.3310752,10.8396693],[122.3309397,10.8397642],[122.3307744,10.8397723],[122.3303467,10.8397664],[122.3302155,10.8397548],[122.3300962,10.8397431],[122.3299876,10.8398129],[122.3298279,10.8400037],[122.329708,10.8402351],[122.329708,10.8404218],[122.3297535,10.840572],[122.3298651,10.8409983],[122.3299808,10.8411444],[122.3301213,10.8412703],[122.3301999,10.8413839],[122.3302991,10.8416234],[122.3304355,10.8419969],[122.3305967,10.8424313],[122.3306959,10.8426058],[122.3308323,10.8427317],[122.330866,10.8427607],[122.3310927,10.842955],[122.3312291,10.8431092],[122.3313117,10.8432919],[122.3313861,10.843503],[122.3313501,10.8437381],[122.331318,10.8441451],[122.331275,10.8444151],[122.3312663,10.8447614],[122.331258,10.8449481],[122.33132,10.8451146],[122.3314027,10.845212],[122.3315308,10.8452242],[122.3316589,10.8452079],[122.3321136,10.8451389],[122.3322293,10.8451755],[122.3322661,10.8452633],[122.3322836,10.8453437],[122.3323657,10.8456139],[122.3323574,10.8458453],[122.3324277,10.8463446],[122.3323868,10.8465989],[122.3324136,10.8469071],[122.33236,10.8470836],[122.3323064,10.847268],[122.3321883,10.847837],[122.3321307,10.8480952],[122.3320502,10.8483072],[122.3319268,10.8484495],[122.3317391,10.8486075],[122.3314771,10.8488411],[122.3313407,10.8489507],[122.3312663,10.8490197],[122.3312497,10.8490928],[122.3312291,10.8494216],[122.3311919,10.8496367],[122.3311544,10.8497471],[122.3311133,10.8498681],[122.3309769,10.850132],[122.3307827,10.8505257],[122.3306297,10.8509154],[122.3305468,10.8511621],[122.3305057,10.8513863],[122.3304429,10.8519102],[122.3303321,10.8520886],[122.3302784,10.8522225],[122.3302205,10.8523322],[122.3301089,10.8525108],[122.3299891,10.8527421],[122.3299147,10.8528802],[122.3298651,10.8530344],[122.3298486,10.8532252],[122.3297535,10.8535621],[122.3296708,10.8537691],[122.3295964,10.8539721],[122.3295179,10.8543659],[122.3294435,10.8546581],[122.3293939,10.8548814],[122.3292864,10.85506],[122.3291996,10.8552386],[122.3289268,10.8555634],[122.3288772,10.8556405],[122.32884,10.8557379],[122.32884,10.8559084],[122.328869,10.8562981],[122.3289186,10.8564808],[122.329005,10.8568127],[122.329091,10.8569854],[122.3291696,10.8571177],[122.3292406,10.8572756],[122.3292257,10.8574262],[122.3291669,10.8575491],[122.3290639,10.8576141],[122.3288946,10.8576141],[122.3287217,10.857578],[122.3285709,10.857531],[122.3283863,10.8574862],[122.3280926,10.8575481],[122.327823,10.8576627],[122.3276353,10.8578418],[122.3275739,10.8580694],[122.3274488,10.8583909],[122.3273716,10.8585896],[122.3273238,10.8588498],[122.3273458,10.8591027],[122.3273973,10.8592725],[122.3275371,10.8594459],[122.3276696,10.8595868],[122.3277652,10.8597061],[122.327813,10.8598361],[122.3278135,10.8598542],[122.3278167,10.8599806],[122.3277726,10.8601107],[122.3276702,10.8602431],[122.3276108,10.8603476],[122.3275876,10.8604636],[122.327585,10.8605831],[122.3275482,10.8607213],[122.3275077,10.8608405],[122.3274392,10.860965],[122.3273453,10.8611346],[122.3272954,10.8612866],[122.3272305,10.8614706],[122.3271426,10.8616674],[122.3270359,10.8618494],[122.3269423,10.861967],[122.3268125,10.8620914],[122.3266803,10.8621778],[122.3265421,10.8622635],[122.3262987,10.8623992],[122.3259837,10.8626451],[122.3258406,10.8627894],[122.3257804,10.8628727],[122.3257108,10.86301],[122.3256804,10.8631546],[122.3256683,10.8633696],[122.3256399,10.8635644],[122.3255845,10.8637638],[122.3255052,10.8640642],[122.3255128,10.8642446],[122.3255607,10.8643938],[122.3256272,10.8646082],[122.3256462,10.8648256],[122.3256719,10.8649918],[122.3256572,10.8651905],[122.3256462,10.8653567],[122.3255653,10.8657072],[122.3255432,10.865812],[122.3255248,10.8659709],[122.3255064,10.8660685],[122.3254525,10.866137],[122.3253402,10.8662588],[122.3252033,10.8663565],[122.3250786,10.8664268],[122.324896,10.8664804],[122.3247716,10.8664827],[122.3245268,10.8665599],[122.3243549,10.8666176],[122.3241342,10.8667477],[122.323988,10.8668426],[122.3239024,10.866885],[122.3237442,10.8670006],[122.3230526,10.8675209],[122.3229716,10.8675823],[122.3227178,10.8680122],[122.3226221,10.8682326],[122.3226074,10.8683936],[122.3226231,10.8685535],[122.322611,10.8686805],[122.3225756,10.8688099],[122.3225143,10.8689127],[122.3224031,10.868981],[122.3222646,10.8689836],[122.3220596,10.8689267],[122.3218648,10.8689014],[122.3217518,10.8689373],[122.3216873,10.8689869],[122.3216747,10.8690611],[122.3217068,10.8691448],[122.3217606,10.869241],[122.3217709,10.8693499],[122.3217212,10.8694144],[122.3215921,10.8695296],[122.3215111,10.8696091],[122.3214803,10.8696969],[122.3214693,10.8698669],[122.3214528,10.8699592],[122.3213859,10.8700574],[122.3212941,10.8701366],[122.3211359,10.8701691],[122.3209643,10.8701807],[122.3207947,10.8701843],[122.3206784,10.8702128],[122.3205689,10.8702519],[122.3204884,10.8703064],[122.320367,10.8704798],[122.3201208,10.8708273],[122.3198924,10.8711518],[122.3196533,10.8714119],[122.3193222,10.8716793],[122.31905,10.8718997],[122.3187005,10.8720622],[122.3184944,10.8721345],[122.318053,10.8723332],[122.3178801,10.8723802],[122.3176998,10.8723874],[122.3176042,10.8723802],[122.3174144,10.8722941],[122.317056,10.8720333],[122.3170238,10.872008],[122.3168775,10.8719204],[122.3167668,10.8718662],[122.3166464,10.8718029],[122.3165704,10.871766],[122.3164486,10.8716389],[122.3161383,10.8712742],[122.3160477,10.8711887],[122.3159559,10.8711634],[122.3158611,10.8711565],[122.315713,10.8712033],[122.3156476,10.8712225],[122.3155409,10.8712452],[122.3152992,10.8713217],[122.3151454,10.8713627],[122.3150099,10.8713561],[122.3148851,10.8712938],[122.3148179,10.8712168],[122.3146611,10.8709892],[122.3146022,10.8709423],[122.3145286,10.8709134],[122.3144109,10.8709061],[122.3140062,10.8709675]]}},{"type":"Feature","id":249832051,"properties":{"osmWayId":249832051,"name":null,"nameNormalized":null,"highway":"tertiary","routingClass":"trunk","surface":null,"tracktype":null},"geometry":{"type":"LineString","coordinates":[[122.3140062,10.8709675],[122.3137665,10.8709265],[122.3136177,10.8708275],[122.3135156,10.8707088],[122.313398,10.8704645],[122.3132996,10.8701414],[122.3132533,10.8698854],[122.3132333,10.8696683],[122.313216,10.8694237],[122.3131024,10.8692273],[122.3129729,10.8691247],[122.3128456,10.8691009],[122.3126611,10.869144],[122.3124913,10.8692089],[122.3123181,10.8692471],[122.3121404,10.8692566],[122.3119033,10.8692283],[122.3117204,10.8692212],[122.3113583,10.8693714],[122.310897,10.8695479],[122.3105826,10.8696494],[122.3100408,10.8697693],[122.3098836,10.8697726],[122.3095692,10.8697642],[122.3093589,10.8697528],[122.309197,10.8697122],[122.3090734,10.8696701],[122.3089705,10.8696453],[122.3088232,10.8696467],[122.3086418,10.8696667],[122.3084957,10.8696787],[122.3083489,10.869677],[122.3082094,10.8696183],[122.3080717,10.8695649],[122.3078785,10.8694865]]}},{"type":"Feature","id":249832052,"properties":{"osmWayId":249832052,"name":null,"nameNormalized":null,"highway":"tertiary","routingClass":"trunk","surface":"paved","tracktype":null},"geometry":{"type":"LineString","coordinates":[[122.3031449,10.8696634],[122.3028433,10.8697748],[122.3027335,10.8697819],[122.3026033,10.8697427],[122.3024699,10.8697077],[122.302375,10.8697297],[122.3022589,10.8697714],[122.3021149,10.8698186],[122.301958,10.8698138],[122.3018477,10.8697167],[122.3017526,10.8695673],[122.3016803,10.869459],[122.301608,10.8694365],[122.3015358,10.869444],[122.3014749,10.869515],[122.301338,10.8697204],[122.3012467,10.8698474],[122.3011935,10.8698848]]}},{"type":"Feature","id":249832053,"properties":{"osmWayId":249832053,"name":null,"nameNormalized":null,"highway":"tertiary","routingClass":"trunk","surface":"unpaved","tracktype":null},"geometry":{"type":"LineString","coordinates":[[122.3011935,10.8698848],[122.3010604,10.8699146],[122.3009006,10.869896],[122.3007675,10.8698549],[122.3006583,10.8697705],[122.3005029,10.8696749],[122.3003104,10.8697079],[122.3001322,10.8697578],[122.2999082,10.8698272],[122.299277,10.8701429],[122.2992536,10.8701636],[122.2992218,10.8702001],[122.2991395,10.8702618],[122.2989706,10.8703141],[122.2987935,10.8705059],[122.2986837,10.8706389],[122.2984048,10.8708702],[122.2982103,10.8710086],[122.2979164,10.8712298]]}},{"type":"Feature","id":249832054,"properties":{"osmWayId":249832054,"name":null,"nameNormalized":null,"highway":"tertiary","routingClass":"trunk","surface":"unpaved","tracktype":null},"geometry":{"type":"LineString","coordinates":[[122.2979164,10.8712298],[122.2978668,10.8710573],[122.2978561,10.8708874],[122.2978601,10.8707583],[122.2978413,10.8706214],[122.2977608,10.8705094],[122.2976106,10.8704607],[122.297443,10.8704251],[122.2973196,10.8703487],[122.2971842,10.8702315],[122.2970608,10.8701459],[122.2968623,10.8700827],[122.2966075,10.8699865],[122.2963661,10.8699233],[122.2961918,10.8699062],[122.2960255,10.869839],[122.2958645,10.8697231],[122.2957318,10.869627],[122.2955936,10.8695328],[122.2954474,10.8694558],[122.295308,10.8694176],[122.2951242,10.8693478],[122.294968,10.8693195],[122.2947794,10.8693202],[122.2946816,10.869339],[122.2945951,10.8693511],[122.2945268,10.8693412],[122.2943927,10.8693267],[122.294287,10.8693391],[122.2941924,10.8693767],[122.2941191,10.8694037],[122.2940453,10.8693985],[122.2939709,10.8693754],[122.2939032,10.8693418],[122.2938381,10.8693069],[122.2937422,10.8692938],[122.2935565,10.869274]]}},{"type":"Feature","id":249832055,"properties":{"osmWayId":249832055,"name":null,"nameNormalized":null,"highway":"tertiary","routingClass":"trunk","surface":"unpaved","tracktype":null},"geometry":{"type":"LineString","coordinates":[[122.2935565,10.869274],[122.2934572,10.869249],[122.2933942,10.8691687],[122.2933996,10.8690554],[122.2933848,10.8689382],[122.2933513,10.8688552],[122.2932252,10.8687828],[122.2931474,10.868709],[122.2930603,10.8686023],[122.2930066,10.8685141],[122.2929503,10.8684298],[122.292953,10.8682955],[122.2929248,10.8681637],[122.292898,10.868061]]}},{"type":"Feature","id":249832056,"properties":{"osmWayId":249832056,"name":null,"nameNormalized":null,"highway":"tertiary","routingClass":"trunk","surface":"unpaved","tracktype":null},"geometry":{"type":"LineString","coordinates":[[122.292898,10.868061],[122.2928792,10.8679859],[122.2928202,10.8679135],[122.2927572,10.8678226],[122.2927022,10.8677476],[122.29256,10.8676277],[122.2924729,10.8675895],[122.2923803,10.8675592],[122.2922231,10.8674611],[122.2921382,10.867329],[122.2920806,10.8672236],[122.2920772,10.8671048],[122.2921041,10.8669125],[122.292096,10.866715],[122.2920732,10.8665806],[122.2920451,10.8664661],[122.2920169,10.8663502],[122.2920075,10.866258],[122.2919834,10.8661355],[122.2919726,10.8660512],[122.2919378,10.8658879],[122.2918707,10.8657667],[122.2918104,10.8656627],[122.2917527,10.8655257],[122.2917098,10.8654374],[122.291691,10.865336],[122.2916937,10.8652372],[122.2917607,10.8651437],[122.2918251,10.8650594],[122.2918788,10.8649712],[122.2918881,10.864854],[122.291856,10.8647763],[122.2917674,10.8647526],[122.2916722,10.8647157],[122.2915971,10.864634],[122.2915475,10.8645247],[122.2915676,10.8644259],[122.2916575,10.8642955],[122.2916736,10.8641994],[122.2916561,10.8641296],[122.2915851,10.8640716],[122.2913946,10.8640203],[122.2913262,10.8639452],[122.2912793,10.8638109],[122.29129,10.8636831],[122.2913485,10.8635258],[122.2913906,10.8634532],[122.2914335,10.8633631],[122.2914349,10.8632775],[122.2913665,10.8631431],[122.2912565,10.8629798],[122.291168,10.8629126],[122.2910526,10.8628046],[122.2908863,10.8626518],[122.2908099,10.8625596],[122.2907133,10.8623726],[122.2905926,10.8621421],[122.2905296,10.862017],[122.290484,10.8617944],[122.2904546,10.8616268],[122.2904438,10.8615481],[122.2904317,10.8614704],[122.2904384,10.8613716],[122.2904827,10.8612518],[122.2905041,10.8610358],[122.2904921,10.860883],[122.2904518,10.8607651],[122.2904518,10.860642],[122.2905055,10.8604997],[122.2905377,10.8603891],[122.2905913,10.8602363],[122.2905672,10.8600625],[122.2905591,10.8599018],[122.2906235,10.85972],[122.2906986,10.8595962],[122.2908059,10.8594171],[122.2908756,10.8592959],[122.2908863,10.8591247],[122.2909105,10.8589561],[122.2909078,10.8587599],[122.2909789,10.8585979],[122.2910234,10.8585277],[122.2910554,10.8584605],[122.2910992,10.8583927],[122.2911365,10.858364],[122.2912447,10.8583848],[122.2914509,10.8584635],[122.2915301,10.8585215],[122.2916521,10.8585504],[122.2917728,10.8585965],[122.29186,10.8586123],[122.2919163,10.8585926],[122.2919525,10.8585346],[122.2920142,10.8584359],[122.2921135,10.8582949],[122.2921658,10.8581869],[122.292269,10.8580802],[122.2924528,10.8580368],[122.2925721,10.8580262],[122.2927277,10.8579512],[122.2929744,10.8578129],[122.2931488,10.8577431],[122.2933888,10.8577365],[122.2935471,10.8577483],[122.2937295,10.8577273],[122.293928,10.8576864],[122.2940581,10.8576693],[122.2941527,10.8576175],[122.2942263,10.8574414],[122.294282,10.8572518],[122.2944228,10.85707],[122.2945701,10.8567179],[122.2947219,10.8565524],[122.2948922,10.8564036]]}},{"type":"Feature","id":249832057,"properties":{"osmWayId":249832057,"name":null,"nameNormalized":null,"highway":"tertiary","routingClass":"trunk","surface":"unpaved","tracktype":null},"geometry":{"type":"LineString","coordinates":[[122.295537,10.8554188],[122.2957171,10.8552205],[122.2957687,10.854991],[122.2957729,10.854669],[122.2957267,10.8545782],[122.2956048,10.8543925],[122.2954788,10.8541696],[122.295483,10.8539261],[122.2954194,10.853692],[122.2954599,10.85349],[122.2955901,10.8533628],[122.2958365,10.8532305],[122.2959226,10.8529951],[122.2960237,10.8526038],[122.2958681,10.8522795],[122.2955388,10.851999],[122.2954036,10.8517098],[122.2953054,10.8513717],[122.2950009,10.8510943],[122.2948165,10.8511035],[122.2946767,10.8510488],[122.2946423,10.8508799],[122.2945903,10.8505726],[122.2943127,10.8504588],[122.2938363,10.8504075],[122.2934256,10.8501348],[122.2931683,10.8499814],[122.2929383,10.8494933],[122.2928581,10.8491077],[122.2925863,10.8487073],[122.2924228,10.8485284],[122.2922454,10.848111],[122.2921146,10.8478129],[122.2916653,10.8469656],[122.2914249,10.8466236],[122.2911507,10.8463513],[122.2909258,10.8461243],[122.2908426,10.8458338],[122.2906886,10.8456462],[122.2906239,10.8454011],[122.290593,10.8451802],[122.2906516,10.8447959],[122.2905992,10.8446234],[122.2904914,10.8443571],[122.2904636,10.8441968],[122.2904852,10.844109],[122.2906115,10.844103],[122.2908365,10.844227],[122.2909381,10.8442875],[122.291046,10.8442603],[122.2912189,10.8440759],[122.2914483,10.8439422],[122.2916541,10.8438935],[122.29186,10.8439567]]}},{"type":"Feature","id":250698771,"properties":{"osmWayId":250698771,"name":null,"nameNormalized":null,"highway":"tertiary","routingClass":"trunk","surface":null,"tracktype":null},"geometry":{"type":"LineString","coordinates":[[122.3550315,10.8753895],[122.3551344,10.8751983],[122.3552833,10.8750003],[122.3553697,10.8747834],[122.3553988,10.8746317],[122.3554633,10.8744415],[122.3554917,10.8743751],[122.3555705,10.8742866],[122.3557743,10.8741312],[122.3559433,10.8739943],[122.3560184,10.8739073],[122.3561525,10.8737546],[122.3562437,10.8736518],[122.3564503,10.8734675],[122.3565522,10.8733647],[122.3565817,10.8732936],[122.3566112,10.8732067],[122.3566166,10.8730934],[122.3566269,10.8729702],[122.3566376,10.8728584],[122.3566909,10.8727536],[122.356787,10.8726452],[122.3569222,10.8725753],[122.3570895,10.8725264],[122.357214,10.872481],[122.357303,10.8723971],[122.3573813,10.8722783],[122.3575151,10.8720319],[122.357666,10.871796],[122.3577976,10.8715899],[122.3579293,10.8713767],[122.3579747,10.8712631],[122.3579956,10.8710786],[122.3580182,10.8709162],[122.3580895,10.8707488],[122.3581243,10.8705813],[122.3581208,10.8703113],[122.3581348,10.8700959],[122.358173,10.869949],[122.3582305,10.8698482],[122.358354,10.8697285],[122.3583894,10.8696627],[122.3584317,10.8695313],[122.358488,10.8692431],[122.3585561,10.8690587],[122.3586014,10.8688842],[122.3587409,10.8686576],[122.358875,10.8684891],[122.3589554,10.8683574],[122.3589951,10.868088],[122.3590186,10.867899],[122.3590735,10.8676804],[122.3591432,10.867525],[122.3592854,10.8673248],[122.3594061,10.8672115],[122.3595428,10.8671035],[122.359685,10.8670008],[122.3598728,10.8669586],[122.3601142,10.8669218],[122.3603743,10.8668296],[122.3605648,10.86674],[122.3608518,10.8665925],[122.3611113,10.8664269],[122.3612487,10.8662474],[122.3613694,10.8660894],[122.3614879,10.8659327],[122.3615813,10.8658055],[122.361741,10.8657197],[122.3618856,10.8656368],[122.3620242,10.8655066],[122.3624702,10.8650509],[122.3625786,10.8649237],[122.3626389,10.8648527],[122.3626901,10.8647521],[122.3627353,10.8646574],[122.3627956,10.8645716],[122.3629294,10.8644372],[122.3630035,10.8643644],[122.3631722,10.8642579],[122.3632747,10.8641869],[122.3633922,10.8641218],[122.363582,10.864033],[122.3636905,10.8639738],[122.3637568,10.8638939],[122.3637869,10.8637874],[122.3637688,10.8637016],[122.3636935,10.8636069],[122.3634795,10.8634471],[122.3633861,10.8633435],[122.3633138,10.8632518],[122.3632656,10.8631334],[122.3632144,10.8629796],[122.3631089,10.8627576],[122.3631029,10.862586],[122.3631692,10.8624084],[122.3633229,10.8621895],[122.3634193,10.8620652],[122.3635489,10.8619616],[122.3636633,10.8619024],[122.363802,10.8618077],[122.3639647,10.8616124],[122.364049,10.8615444],[122.3642238,10.8614645],[122.3643172,10.8613639],[122.3643564,10.8611982],[122.3644618,10.860707],[122.3645478,10.8605261],[122.3646968,10.8602868],[122.3648565,10.8601122],[122.3650192,10.8599849],[122.3651699,10.8598902],[122.3652693,10.8597926],[122.3653356,10.8597008],[122.3653718,10.8596121],[122.3655526,10.8593872],[122.3657364,10.8591357],[122.3658298,10.8589995],[122.3659141,10.8588338],[122.3659774,10.8585705],[122.3660829,10.8583012],[122.3663149,10.8580496],[122.3665288,10.8578898],[122.3666855,10.8578218],[122.3669627,10.8577596],[122.3671465,10.8576916],[122.3672881,10.8575969],[122.3674207,10.8574815],[122.3675292,10.8573602],[122.3676256,10.857224],[122.3677612,10.8570169],[122.3678522,10.8568892],[122.3678877,10.8568393],[122.3679193,10.8568186],[122.3679871,10.8567742],[122.3682885,10.8567476],[122.3687314,10.8567091],[122.3688609,10.8566914],[122.3689995,10.8566529],[122.3692647,10.8565553],[122.3693732,10.8565198],[122.3694907,10.8565227],[122.3698161,10.8565849],[122.3701536,10.8566115],[122.3705182,10.8566677],[122.3708526,10.8567979],[122.3710063,10.8568482],[122.3712624,10.8568897],[122.3715125,10.8569074],[122.371642,10.856937],[122.3717324,10.8569873],[122.3717746,10.8570317]]}},{"type":"Feature","id":250698773,"properties":{"osmWayId":250698773,"name":null,"nameNormalized":null,"highway":"tertiary","routingClass":"trunk","surface":null,"tracktype":null},"geometry":{"type":"LineString","coordinates":[[122.3717746,10.8570317],[122.3718921,10.8571205],[122.3720699,10.8573099],[122.3722145,10.8575791],[122.3724134,10.8576472],[122.3725701,10.8576502],[122.3727629,10.8576206],[122.3729768,10.8576117],[122.3731486,10.8575673],[122.3733053,10.8574933],[122.3735764,10.8574253],[122.3737904,10.8574312],[122.3740435,10.8575259],[122.3744051,10.8576975],[122.3745678,10.8577419],[122.3747877,10.8576857],[122.3751282,10.8575762],[122.3754114,10.857514],[122.3756374,10.8574992],[122.3758754,10.8575495],[122.3760201,10.8576206],[122.3761918,10.8577833],[122.3763123,10.857878],[122.37646,10.8579076],[122.3765685,10.857878],[122.3766679,10.8577981],[122.3767703,10.857659],[122.3768939,10.8575229],[122.3770716,10.8574282],[122.3772615,10.8573898],[122.3774091,10.8573099],[122.37784,10.8569903],[122.3779454,10.85694],[122.3780389,10.8569104],[122.3781473,10.8569015],[122.3783281,10.8569104],[122.3784185,10.8569074],[122.3786656,10.8568098],[122.3788494,10.856795],[122.3790181,10.8568216],[122.3791627,10.8568837],[122.3792863,10.8570258],[122.3793495,10.8571619],[122.3794791,10.8574401],[122.3796388,10.8576413],[122.3798045,10.8578307],[122.379922,10.8578928],[122.3802505,10.8579757],[122.3804825,10.8580496],[122.3808531,10.8581887],[122.3812147,10.858384],[122.3814256,10.8585201],[122.3815521,10.8585586],[122.3818504,10.8585971],[122.3821758,10.8586711],[122.3824169,10.8587155],[122.3824952,10.8586444],[122.3827272,10.8584432],[122.3828749,10.8583278],[122.3829532,10.8582805],[122.3830376,10.8582745],[122.3831551,10.8583041],[122.3833238,10.8583574],[122.3834715,10.8584284],[122.3836944,10.8585349],[122.3838782,10.8585882],[122.3839897,10.8585793],[122.3841675,10.8585497],[122.3843362,10.858461],[122.3845471,10.8583248],[122.3846586,10.858239],[122.3847189,10.8581207],[122.3847641,10.8579224],[122.3848334,10.8577744],[122.3849931,10.8576709],[122.3853486,10.8575377],[122.3856891,10.8574489],[122.3860085,10.8573809],[122.3861983,10.8573424],[122.3863912,10.8572803],[122.3866232,10.8571649],[122.3869757,10.8570317],[122.3874879,10.8568749],[122.3875723,10.8568393],[122.3876567,10.8567654],[122.3876989,10.8566943],[122.387735,10.8565849],[122.3877682,10.8564961],[122.3878857,10.8563156],[122.3880243,10.8561824],[122.3883165,10.8559605],[122.3884702,10.8558125],[122.3886118,10.8556882],[122.3887986,10.8555225],[122.3890337,10.8553035],[122.3893109,10.8549987],[122.3895037,10.854762],[122.3897086,10.8545726],[122.3898562,10.8544809],[122.3900039,10.8544128],[122.3902389,10.8543803],[122.3905221,10.85433],[122.3906065,10.8542974],[122.3907059,10.8542264],[122.3908445,10.8540843],[122.3909651,10.8539571],[122.3910283,10.8538387],[122.3910313,10.8537411],[122.3910223,10.8536375],[122.3909922,10.8534925],[122.3909725,10.8533337],[122.3909514,10.8532202],[122.390946,10.8531101],[122.3909681,10.8529806],[122.3910735,10.8527882],[122.391173,10.8526284],[122.3913055,10.8524716],[122.391643,10.8521076],[122.3919594,10.851791],[122.3922968,10.8515601],[122.3926433,10.8513796],[122.3929416,10.8512494],[122.3931495,10.8511606],[122.3933665,10.8510364],[122.3937913,10.8507197],[122.3938486,10.8506517]]}},{"type":"Feature","id":250698775,"properties":{"osmWayId":250698775,"name":null,"nameNormalized":null,"highway":"tertiary","routingClass":"trunk","surface":null,"tracktype":null},"geometry":{"type":"LineString","coordinates":[[122.3938486,10.8506517],[122.3940294,10.8504179],[122.3943066,10.8502403],[122.3946501,10.8501427],[122.394864,10.8501575],[122.3950237,10.8502522],[122.3952437,10.8504416],[122.3954937,10.8506901],[122.3956775,10.8509861],[122.3958011,10.8511754],[122.3959638,10.8514033],[122.3960512,10.851498],[122.3963103,10.8516992],[122.396464,10.8517998],[122.3965634,10.8518294],[122.3966568,10.8518383],[122.3967592,10.8518501],[122.3969762,10.851936],[122.3972172,10.8520721],[122.3973619,10.8521579],[122.3977325,10.8522526],[122.3979524,10.8523325],[122.3981875,10.8524479],[122.3983321,10.8524953],[122.3984616,10.852513],[122.3987358,10.8525811],[122.3989769,10.852658],[122.3992902,10.8528089],[122.3995072,10.8529421],[122.3997513,10.8532321],[122.3998718,10.8534274],[122.3999592,10.8535487],[122.4002002,10.8537056],[122.4003509,10.8537796],[122.4005015,10.8538447],[122.4006642,10.8539571],[122.4008299,10.8540311],[122.4009806,10.854034],[122.4011463,10.8539985],[122.4013271,10.8539157],[122.4015682,10.8537884],[122.4018544,10.853605],[122.4019568,10.8535813],[122.4021406,10.8536227],[122.4023003,10.8537144],[122.4024602,10.8538286],[122.4025199,10.8538747],[122.4025792,10.8538894],[122.402677,10.8538654],[122.4028728,10.8537677],[122.4031018,10.8537411],[122.4032796,10.85375],[122.4037075,10.8538506],[122.4041654,10.853966],[122.4044155,10.8539749],[122.404527,10.8539482],[122.4046023,10.8538861],[122.4052291,10.8529451],[122.4054581,10.8526906],[122.4056991,10.8525337],[122.4057413,10.8525041],[122.4059944,10.8522704],[122.4063168,10.8519685],[122.4066362,10.8516667],[122.4069586,10.851353],[122.4072117,10.8511429],[122.4077782,10.8507138],[122.4080554,10.8505599],[122.4082663,10.8504682],[122.408652,10.8503794],[122.4089774,10.8503202],[122.4093178,10.8502877],[122.4094474,10.8503084],[122.4096493,10.8504475],[122.4098482,10.850625],[122.41027,10.8507434],[122.4106744,10.8508427],[122.4110083,10.8510744],[122.4111952,10.8511977],[122.4116272,10.8515016],[122.4120714,10.8517032],[122.412531,10.8518146],[122.4127515,10.8517845],[122.4129139,10.8517333],[122.4131253,10.8517092],[122.413257,10.8517153],[122.4134173,10.851766],[122.413447,10.8517754],[122.4137595,10.851959],[122.4138943,10.8520462]]}},{"type":"Feature","id":250698776,"properties":{"osmWayId":250698776,"name":null,"nameNormalized":null,"highway":"tertiary","routingClass":"trunk","surface":null,"tracktype":null},"geometry":{"type":"LineString","coordinates":[[122.4138943,10.8520462],[122.4140514,10.8520795],[122.414266,10.8520269],[122.4145878,10.8518337],[122.4147905,10.8515469],[122.4150169,10.8513186],[122.4151481,10.8511196],[122.4152613,10.8508152],[122.4153865,10.8503469],[122.4154457,10.8500525],[122.4155541,10.8498963],[122.4157843,10.8497134],[122.416072,10.8495571],[122.4163428,10.8494474],[122.4164816,10.8493344],[122.4166272,10.8491316],[122.4168472,10.8488323],[122.4172399,10.8483802],[122.4173855,10.8482405],[122.4175344,10.8481308],[122.4177545,10.8480278],[122.4179068,10.8479413],[122.4181235,10.847805],[122.4182623,10.8477219],[122.4184383,10.8475955],[122.4188867,10.8471969],[122.4194877,10.8467278],[122.4196956,10.8465415],[122.4198013,10.8464406],[122.4198838,10.8463022],[122.4199549,10.8461227],[122.4200151,10.8459297],[122.4200776,10.8458455],[122.4201478,10.8458035],[122.4203916,10.8457104],[122.4206082,10.8456638],[122.4207098,10.8456173],[122.4208317,10.8455342],[122.4209302,10.8454393],[122.4210641,10.845306],[122.4211629,10.8451771],[122.4212451,10.8450243],[122.4213056,10.8449058],[122.4217457,10.8444403],[122.4222095,10.8439915],[122.4224769,10.8437454],[122.4227409,10.8434861],[122.4229948,10.8431503],[122.4232927,10.8427946],[122.4234451,10.8425984],[122.4236177,10.842246],[122.4238107,10.8418004],[122.4239427,10.8414946],[122.4240443,10.8410457],[122.4241729,10.8406966],[122.4243252,10.8403674],[122.424525,10.8400516],[122.4247687,10.8396493],[122.4249312,10.8393135],[122.4249887,10.8391705],[122.4250226,10.8389411],[122.4250734,10.8387183],[122.4251148,10.8385384]]}},{"type":"Feature","id":250698777,"properties":{"osmWayId":250698777,"name":null,"nameNormalized":null,"highway":"tertiary","routingClass":"trunk","surface":null,"tracktype":null},"geometry":{"type":"LineString","coordinates":[[122.4251148,10.8385384],[122.42529,10.8384424],[122.4261397,10.83806],[122.4263459,10.8379557],[122.4265256,10.8378173],[122.4268303,10.837528],[122.4270977,10.837272],[122.4271587,10.8371943],[122.427223,10.8370725],[122.4277274,10.8359886],[122.4277917,10.8359114],[122.4278989,10.8358271],[122.4281201,10.8356694],[122.42833,10.8355364],[122.4285568,10.8354101],[122.4286977,10.8353219],[122.4288682,10.8351807],[122.4290647,10.8350495],[122.4292338,10.8349365]]}},{"type":"Feature","id":250699311,"properties":{"osmWayId":250699311,"name":null,"nameNormalized":null,"highway":"tertiary","routingClass":"trunk","surface":null,"tracktype":null},"geometry":{"type":"LineString","coordinates":[[122.3938486,10.8506517],[122.3939608,10.8500892],[122.3939795,10.8499312],[122.3939945,10.8496189],[122.3939945,10.8495271],[122.3940057,10.8494573],[122.3940319,10.8493507],[122.3940506,10.849156],[122.3941254,10.8489136],[122.3942339,10.8487225],[122.3944658,10.8485315],[122.3947127,10.8483294],[122.3948959,10.8481421],[122.3950905,10.8478886],[122.3952176,10.8477123],[122.3952663,10.847602],[122.3953074,10.8474698],[122.395386,10.8472016],[122.3955094,10.8468159],[122.395689,10.846364],[122.3959994,10.8457431],[122.3960855,10.8456035],[122.3962313,10.8454125],[122.396467,10.8452729],[122.396755,10.8451296],[122.3970543,10.8450194],[122.3972301,10.8449349],[122.3974246,10.844843],[122.3977687,10.84481],[122.3979595,10.8448394],[122.3981802,10.8448283],[122.3983074,10.8448945],[122.3985019,10.8451002],[122.3986552,10.8451847],[122.3991116,10.8454308],[122.3991939,10.8454455],[122.3993173,10.8454308],[122.3996353,10.8453537],[122.399942,10.8452692],[122.4000355,10.8452031],[122.400159,10.8450561],[122.4003048,10.8449569],[122.4004732,10.8449202],[122.4006901,10.8449533],[122.4007986,10.8449716],[122.4008734,10.8449679],[122.4010006,10.844821],[122.4012437,10.8446593],[122.4013971,10.8445859],[122.4015804,10.8446116],[122.4017151,10.844652],[122.4019769,10.8447438],[122.4021714,10.8447806],[122.4023921,10.8447291],[122.402538,10.8446483],[122.4027138,10.8444573],[122.4029607,10.844314],[122.4031589,10.8442369],[122.403316,10.8441303],[122.4037537,10.8438732],[122.4039257,10.8437262],[122.4041502,10.843605],[122.4043634,10.8435352],[122.4045803,10.8434433],[122.4048871,10.8432853],[122.404917,10.8432629],[122.4049656,10.8432266],[122.4051302,10.8427122],[122.4053472,10.8421942],[122.4054108,10.8420509],[122.4054777,10.8419118],[122.4055105,10.8416438],[122.4054884,10.8413817],[122.405429,10.8412421],[122.4053916,10.8411088],[122.4053711,10.8409852],[122.4053751,10.8408521],[122.4054207,10.8406295],[122.4055119,10.840243],[122.4055474,10.8400888],[122.4055659,10.8398854],[122.4055642,10.8395284],[122.405528,10.8391372],[122.4054475,10.8388053],[122.4053939,10.8385787],[122.4054145,10.8384102],[122.4055417,10.8382301],[122.4056876,10.8381016],[122.4059083,10.8379509],[122.4061065,10.8378664],[122.4062374,10.8377636],[122.4063945,10.8375725],[122.4065591,10.8373374],[122.4066713,10.8371463],[122.4068883,10.8369186],[122.4070716,10.8367202],[122.4072025,10.8364961],[122.4073147,10.836136],[122.4073072,10.8358936],[122.4072175,10.8355041],[122.4072773,10.8349861],[122.4073035,10.8346812],[122.4072025,10.8344056],[122.4071988,10.8343028],[122.4073222,10.8340346],[122.4074307,10.8339023],[122.4076327,10.8336414],[122.4077561,10.8334504],[122.4078833,10.8332704],[122.4079768,10.8331271],[122.4080591,10.8329177],[122.4081414,10.8326495],[122.4082349,10.8324364],[122.4084556,10.8320837],[122.408609,10.8319257],[122.4088895,10.8316796],[122.4090618,10.8315422],[122.409161,10.8314092],[122.4091959,10.8312643],[122.4092598,10.8311468],[122.4094279,10.8310786],[122.4095097,10.8310035],[122.4095272,10.8308296],[122.4096115,10.8306729],[122.4097386,10.8305002],[122.4097686,10.830379],[122.4097573,10.8302945],[122.4097461,10.830199],[122.4097723,10.8300814],[122.4098396,10.8299859],[122.4100549,10.829789]]}},{"type":"Feature","id":251206041,"properties":{"osmWayId":251206041,"name":null,"nameNormalized":null,"highway":"tertiary","routingClass":"trunk","surface":null,"tracktype":null},"geometry":{"type":"LineString","coordinates":[[122.3319187,10.8369529],[122.3319003,10.8371369],[122.3318582,10.8373597],[122.3318344,10.8374963],[122.3318344,10.837613],[122.33186,10.8378268],[122.3319698,10.8383658],[122.3320832,10.8388796],[122.3321298,10.8389928],[122.3321507,10.8390666],[122.3321507,10.8391221],[122.3321444,10.8391754],[122.3320776,10.8393109],[122.3320483,10.8393909],[122.3320194,10.8396904],[122.3319438,10.8399286],[122.3320692,10.8402139],[122.332228,10.8403842],[122.3323388,10.8404704],[122.332414,10.8405299],[122.3325206,10.8406305],[122.3326877,10.8408357],[122.3327441,10.8409014],[122.3328131,10.8409445],[122.3329259,10.8409445],[122.3330994,10.8409363],[122.3331892,10.840965],[122.3332895,10.8410286],[122.3334462,10.8411661],[122.3336176,10.8413037],[122.333791,10.8413714],[122.3338516,10.8414104],[122.3338892,10.8414576],[122.3341671,10.8417675],[122.3342591,10.8419152],[122.3343427,10.8420014],[122.3344283,10.8420343],[122.3345286,10.8420466],[122.3346436,10.8421225],[122.3346833,10.8423401],[122.3347919,10.8425597],[122.3349466,10.8427608],[122.3351472,10.8430194],[122.3353707,10.8431815],[122.3356236,10.843321],[122.3357594,10.8433621],[122.3359078,10.8433724],[122.3360958,10.8433867],[122.3362734,10.8433826],[122.336472,10.8433354],[122.3366329,10.8432862],[122.3367541,10.8432677],[122.3369818,10.8432636],[122.33708,10.8432431],[122.3371594,10.8431897],[122.3372827,10.8430891],[122.3373726,10.8430173],[122.3374687,10.8429845],[122.3375314,10.8429927],[122.3376714,10.8430481],[122.3377988,10.8430973],[122.3379827,10.8431056],[122.3381186,10.8430522],[122.3382251,10.8429845],[122.3383129,10.8428654],[122.3384132,10.8428347],[122.3385762,10.842886],[122.3388792,10.8430543],[122.3390881,10.8431548],[122.3391661,10.8431941],[122.3392519,10.8432007],[122.3393646,10.8431743],[122.339458,10.8430953],[122.3395186,10.843005],[122.3395771,10.8427895],[122.3396272,10.842572],[122.3396732,10.8424817],[122.3397317,10.8424468],[122.3398759,10.8424611],[122.3399843,10.8425189],[122.3401914,10.8426294],[122.340484,10.8427587],[122.3407765,10.8429024],[122.3408455,10.8429065],[122.3409437,10.8428819],[122.3410126,10.8428634],[122.3410899,10.8428695],[122.3411484,10.8428839]]}},{"type":"Feature","id":251849043,"properties":{"osmWayId":251849043,"name":null,"nameNormalized":null,"highway":"tertiary","routingClass":"trunk","surface":null,"tracktype":null},"geometry":{"type":"LineString","coordinates":[[122.293016,10.8325367],[122.2928836,10.8325332],[122.2927411,10.8325091],[122.2927022,10.8324327],[122.292725,10.8322852],[122.2927062,10.8321627],[122.2927102,10.8319321],[122.2927652,10.8318557],[122.2928578,10.8318149],[122.2930013,10.8316858],[122.2931367,10.8314369],[122.2932293,10.8313302],[122.293303,10.8312248],[122.2933218,10.8310364],[122.2933312,10.8307519],[122.293476,10.8304964],[122.2940487,10.8300077],[122.2942485,10.8298707],[122.2943893,10.8297824],[122.2944915,10.8296116],[122.2946924,10.8292187],[122.2948453,10.829058],[122.2950505,10.8289263],[122.2951685,10.8288591],[122.2952074,10.8288077],[122.2952235,10.8286957],[122.2952168,10.8285548],[122.2951832,10.8284297],[122.2951323,10.8281939],[122.2951712,10.8280687],[122.2952221,10.828016],[122.2952409,10.8279357],[122.2952355,10.8278593],[122.2951497,10.8277697],[122.2950424,10.8277065],[122.2949916,10.8276399],[122.2949798,10.8275566],[122.2949849,10.8275005],[122.2949821,10.8273877],[122.2949445,10.8273285],[122.2949056,10.8272705],[122.2948466,10.8272112],[122.2947863,10.8271585],[122.2947434,10.827119],[122.2946857,10.8270716],[122.2946012,10.8270005],[122.2944644,10.8269017],[122.2943705,10.8268463],[122.2942927,10.8268016],[122.2942028,10.8267377]]}},{"type":"Feature","id":251849045,"properties":{"osmWayId":251849045,"name":null,"nameNormalized":null,"highway":"tertiary","routingClass":"trunk","surface":null,"tracktype":null},"geometry":{"type":"LineString","coordinates":[[122.2943498,10.8176745],[122.2942479,10.8175896],[122.294212,10.817545],[122.2941878,10.8174939],[122.2941504,10.8173267],[122.2941299,10.8171945],[122.2941283,10.8170255],[122.2942248,10.816865],[122.2944994,10.8166494],[122.2947156,10.8164822],[122.2948263,10.8163785],[122.2948945,10.8163248],[122.2949594,10.8162695],[122.2949973,10.8162516],[122.2951139,10.8161996],[122.2951881,10.816145],[122.2952201,10.8160871],[122.2952,10.8159955]]}},{"type":"Feature","id":251849046,"properties":{"osmWayId":251849046,"name":null,"nameNormalized":null,"highway":"tertiary","routingClass":"trunk","surface":null,"tracktype":null},"geometry":{"type":"LineString","coordinates":[[122.2952,10.8159955],[122.2951551,10.8159559],[122.2950994,10.8159079],[122.2950263,10.8158459],[122.29497,10.8157933],[122.2949264,10.8157498],[122.2948822,10.815703],[122.2948332,10.8155805],[122.2948406,10.8155179],[122.29486,10.8154534],[122.2949385,10.8154086],[122.2951202,10.8154033],[122.2952637,10.8153388],[122.2954555,10.8152045],[122.2956064,10.8151135],[122.2956694,10.8150925],[122.2957023,10.8150638],[122.2957177,10.815022],[122.295721,10.8149719],[122.2956768,10.814914]]}},{"type":"Feature","id":251849048,"properties":{"osmWayId":251849048,"name":null,"nameNormalized":null,"highway":"tertiary","routingClass":"trunk","surface":"unpaved","tracktype":null},"geometry":{"type":"LineString","coordinates":[[122.2923337,10.8090655],[122.2924675,10.8088232],[122.2925436,10.8086634],[122.2926119,10.8084469],[122.2926538,10.8082639],[122.2927326,10.8081015],[122.2928244,10.8079856],[122.2930264,10.8078567],[122.2932206,10.8077072],[122.2933781,10.807547],[122.2935283,10.807408],[122.2936536,10.8073],[122.293832,10.807117],[122.2939264,10.8068928],[122.2939317,10.8067716],[122.2939002,10.8066737],[122.2938162,10.806501],[122.2938162,10.8063412],[122.2938167,10.8062138],[122.2938126,10.8060861],[122.2937804,10.8059635],[122.2936349,10.8057376],[122.2935458,10.8055789],[122.2933675,10.8050757],[122.2932915,10.8049417],[122.2932836,10.8048231],[122.2932993,10.8046942],[122.2933203,10.804586],[122.2933964,10.8043978],[122.2934646,10.8042329],[122.2934909,10.8041092],[122.2934987,10.8039623],[122.2934747,10.8038466],[122.293421,10.8037083],[122.2933675,10.8035756],[122.2933256,10.8034468],[122.2933072,10.8033437],[122.2933124,10.8032174],[122.2933754,10.8031169]]}},{"type":"Feature","id":251849049,"properties":{"osmWayId":251849049,"name":null,"nameNormalized":null,"highway":"tertiary","routingClass":"trunk","surface":null,"tracktype":null},"geometry":{"type":"LineString","coordinates":[[122.2933754,10.8031169],[122.2934777,10.8029834],[122.2935214,10.8028975],[122.2935469,10.8028106],[122.29362,10.8025201],[122.2936353,10.8024112],[122.2937229,10.8021847],[122.293759,10.8020708],[122.2937705,10.8019339],[122.2937501,10.8018436],[122.2936667,10.801775],[122.2935679,10.8017298],[122.2934641,10.8016947],[122.2933551,10.8016228],[122.2932853,10.8015459],[122.2932666,10.8014807],[122.2933298,10.8011559],[122.2933158,10.8010584],[122.2932487,10.800988],[122.2931629,10.8009379],[122.2930965,10.8009109],[122.2930462,10.8008813],[122.2930147,10.8008464],[122.2930135,10.8008058]]}},{"type":"Feature","id":251849051,"properties":{"osmWayId":251849051,"name":null,"nameNormalized":null,"highway":"tertiary","routingClass":"trunk","surface":null,"tracktype":null},"geometry":{"type":"LineString","coordinates":[[122.2930135,10.8008058],[122.2934108,10.8004605],[122.2934798,10.8003984],[122.2935322,10.8003234],[122.293699,10.8000775],[122.293905,10.7998317],[122.29406,10.7996059],[122.2942132,10.7991728],[122.294283,10.7989303],[122.2942932,10.7986911],[122.2942677,10.7982847],[122.2942501,10.7979804],[122.2942501,10.7978404],[122.2942001,10.7977245],[122.2941338,10.7976201],[122.2939742,10.7974226],[122.293696,10.7972809],[122.2934975,10.7971914],[122.2933902,10.7971399],[122.293271,10.7970563],[122.293139,10.7969635],[122.2928514,10.7967821],[122.2926009,10.7966715],[122.2925428,10.7966386],[122.2923768,10.7965464],[122.2922425,10.7964519],[122.2921913,10.7964151],[122.2920698,10.796351],[122.291814,10.7962826],[122.2916226,10.796326],[122.2915303,10.7963255]]}},{"type":"Feature","id":251849055,"properties":{"osmWayId":251849055,"name":null,"nameNormalized":null,"highway":"tertiary","routingClass":"trunk","surface":null,"tracktype":null},"geometry":{"type":"LineString","coordinates":[[122.2898188,10.795484],[122.2898725,10.7955555],[122.2898903,10.7956682],[122.2899002,10.7957729],[122.2899509,10.7958389],[122.2901219,10.7958707],[122.2901916,10.7958891],[122.2903083,10.7959418],[122.2904512,10.7960176],[122.2905095,10.7961006],[122.2905108,10.7961895],[122.2904981,10.7963357],[122.2904935,10.7964685],[122.290541,10.7966045],[122.2906163,10.7967237],[122.2907664,10.7967967],[122.2909064,10.7968575]]}},{"type":"Feature","id":251849056,"properties":{"osmWayId":251849056,"name":null,"nameNormalized":null,"highway":"tertiary","routingClass":"trunk","surface":"unpaved","tracktype":null},"geometry":{"type":"LineString","coordinates":[[122.2915303,10.7963255],[122.2914013,10.7965274],[122.2913396,10.7968857],[122.2913249,10.7970926],[122.2912981,10.7973336],[122.2912444,10.7974245],[122.2911328,10.7974599],[122.2910564,10.7974405],[122.2910365,10.7974114],[122.291044,10.797347]]}},{"type":"Feature","id":252542327,"properties":{"osmWayId":252542327,"name":null,"nameNormalized":null,"highway":"tertiary","routingClass":"trunk","surface":null,"tracktype":null},"geometry":{"type":"LineString","coordinates":[[122.324917,10.7927118],[122.3250633,10.7925544],[122.3251864,10.7924609],[122.3253536,10.7923126],[122.3257948,10.791918],[122.3260712,10.7916739],[122.3263243,10.7914709],[122.3265472,10.7912861],[122.3266494,10.7911903],[122.326942,10.790985],[122.3273251,10.7907135],[122.32762,10.7905265],[122.3277594,10.7903942],[122.3279544,10.7902345],[122.3281472,10.7900589],[122.3282911,10.7899425],[122.3283631,10.7898627],[122.3283747,10.7897167],[122.3283538,10.7895045],[122.3283399,10.7893882],[122.3283771,10.7892901],[122.3285234,10.7891647],[122.3287533,10.7889685],[122.3288926,10.7888316],[122.329148,10.7885784],[122.3293965,10.7884279],[122.3295707,10.7883594],[122.3297379,10.7883389],[122.329912,10.7883731],[122.3300397,10.7884119],[122.3301976,10.7884849],[122.3303207,10.7885282],[122.3303811,10.7885123],[122.3304484,10.7884529],[122.3304624,10.7883571],[122.3304484,10.788202],[122.3305785,10.787983],[122.330748,10.7878234],[122.3308502,10.7876956],[122.3309709,10.7875451],[122.3310731,10.7874538],[122.3311799,10.7874105],[122.3313494,10.7873991],[122.3315956,10.7874629],[122.3317349,10.7875245],[122.3318757,10.7875562],[122.3319756,10.7875283],[122.3322178,10.7873624],[122.3324874,10.7871068],[122.3326349,10.7870027],[122.3327664,10.7869526],[122.3329367,10.7869065],[122.3331137,10.7869237],[122.333461,10.787033],[122.3336944,10.7871081],[122.3339174,10.7872319],[122.3340849,10.7873281],[122.3342034,10.7874173],[122.3344619,10.7875933],[122.3347488,10.7876822],[122.3350496,10.7877041],[122.3353221,10.7877378],[122.3355572,10.7877641],[122.3356803,10.7878485],[122.3357464,10.7879228],[122.3357986,10.7879751],[122.3359264,10.7880788],[122.336161,10.7881924],[122.3364893,10.7882068],[122.3368379,10.7881304],[122.3371625,10.7880013],[122.3376963,10.7878801],[122.3380557,10.7877905],[122.3385224,10.7877036],[122.3387209,10.7876851],[122.3388308,10.7875876],[122.3389488,10.7874638],[122.3393056,10.7871634],[122.339488,10.7869553],[122.3396623,10.7867972],[122.3398608,10.7866022],[122.3400915,10.7864626],[122.340349,10.786265],[122.3404321,10.7861095],[122.3406011,10.7857749],[122.3406352,10.7855595],[122.3406352,10.7853979],[122.3406002,10.7852522],[122.3405921,10.7850058],[122.3406568,10.7848547],[122.3407593,10.7847355],[122.3409109,10.7846564],[122.3409562,10.7844308],[122.3409712,10.7842862],[122.3409751,10.7841553],[122.3409927,10.7838409],[122.3410398,10.7835246],[122.3411828,10.7832332],[122.3412934,10.7830848],[122.3413635,10.7829894],[122.3415361,10.7828967],[122.3417546,10.7828384],[122.3419529,10.7827685],[122.3420843,10.7826684],[122.3422064,10.7825037],[122.342492,10.7821599],[122.3426312,10.7820859],[122.3427553,10.7818819],[122.3429009,10.7816593],[122.3429909,10.7814379],[122.3430902,10.7811244],[122.3431652,10.7808644],[122.3432189,10.7806106],[122.343265,10.7803583],[122.3433136,10.7800457],[122.3433772,10.7798596],[122.3434442,10.7795777],[122.3434808,10.7793303],[122.3435032,10.7791759]]}},{"type":"Feature","id":252542335,"properties":{"osmWayId":252542335,"name":null,"nameNormalized":null,"highway":"tertiary","routingClass":"trunk","surface":null,"tracktype":null},"geometry":{"type":"LineString","coordinates":[[122.3435032,10.7791759],[122.343461,10.7788584],[122.3434404,10.7786864],[122.343497,10.7785036],[122.3436049,10.7783579],[122.3437451,10.7782969],[122.3439713,10.7782919],[122.3441322,10.7782142],[122.3443092,10.7780719],[122.3444138,10.7779441],[122.344501,10.7777807],[122.3445815,10.7775594],[122.3446794,10.7773723],[122.3447518,10.7772024],[122.3448886,10.7770508],[122.3451394,10.7769046],[122.3454291,10.7767412],[122.3456436,10.7765937],[122.345814,10.7764303],[122.3460339,10.7762327],[122.3463237,10.7760315],[122.3464774,10.7759255],[122.3466231,10.7757956],[122.346766,10.7756208],[122.3468308,10.7755307],[122.3469656,10.7754167],[122.3470735,10.7752763],[122.3470853,10.7751761],[122.3470075,10.7749627],[122.3470357,10.7748797],[122.3470907,10.7747176],[122.3472248,10.7744159],[122.3472866,10.7740204],[122.3472932,10.7737836],[122.3473147,10.7734489],[122.3473737,10.7731907],[122.347493,10.7728758],[122.347713,10.7726584],[122.3479879,10.7724915],[122.3483062,10.7723086],[122.3487215,10.7721697],[122.3487966,10.7720577],[122.348763,10.7717164],[122.3485975,10.7709308],[122.3484942,10.7706164]]}},{"type":"Feature","id":252543354,"properties":{"osmWayId":252543354,"name":null,"nameNormalized":null,"highway":"secondary","routingClass":"trunk","surface":null,"tracktype":null},"geometry":{"type":"LineString","coordinates":[[122.3580707,10.7547207],[122.3583942,10.7556354],[122.3586738,10.7561791],[122.3587983,10.7565413],[122.3588129,10.756691],[122.3588276,10.7574138],[122.3588217,10.758056]]}},{"type":"Feature","id":252543355,"properties":{"osmWayId":252543355,"name":null,"nameNormalized":null,"highway":"secondary","routingClass":"trunk","surface":null,"tracktype":null},"geometry":{"type":"LineString","coordinates":[[122.3588217,10.758056],[122.3588129,10.7582835]]}},{"type":"Feature","id":252543357,"properties":{"osmWayId":252543357,"name":null,"nameNormalized":null,"highway":"secondary","routingClass":"trunk","surface":null,"tracktype":null},"geometry":{"type":"LineString","coordinates":[[122.3588129,10.7582835],[122.3587811,10.7591989],[122.3587514,10.7604778],[122.3587381,10.7606929],[122.3587191,10.760999],[122.3586107,10.7619234],[122.3584964,10.7624158],[122.3583791,10.7628909],[122.3581253,10.7638523],[122.3580714,10.7642184],[122.3580332,10.764659],[122.3580362,10.764947],[122.358001,10.7659462],[122.35796,10.7662918],[122.3578193,10.7666171],[122.3576991,10.7667582],[122.3575555,10.7668936],[122.357436,10.7670275]]}},{"type":"Feature","id":254732854,"properties":{"osmWayId":254732854,"name":null,"nameNormalized":null,"highway":"tertiary","routingClass":"trunk","surface":null,"tracktype":null},"geometry":{"type":"LineString","coordinates":[[122.2942834,10.8755141],[122.2943383,10.8755523],[122.2944443,10.8756445],[122.2944926,10.8758144],[122.2945127,10.8759356],[122.2945368,10.8760212],[122.2945476,10.8761344],[122.2944859,10.8762398],[122.2944389,10.8763386],[122.294396,10.8766718],[122.2943947,10.8768496],[122.2944202,10.8770023],[122.2944631,10.8770998],[122.2945476,10.8772249],[122.2946723,10.8773303],[122.2947367,10.877433],[122.2947849,10.8775831],[122.294907,10.8777557],[122.2949848,10.8778294],[122.2950625,10.8779479],[122.2952141,10.8780783],[122.2953,10.8782206],[122.2953053,10.8782943],[122.2952899,10.8783518],[122.2952168,10.8783905],[122.2951014,10.8783746],[122.2945556,10.8780968],[122.2944242,10.8780533],[122.2942726,10.8780731],[122.2941345,10.8781639],[122.2940379,10.8782153],[122.2938882,10.8782527],[122.2937767,10.8782043],[122.2936262,10.878054],[122.2935458,10.877947],[122.2934758,10.8778833],[122.2934447,10.8778731],[122.2933902,10.8779139],[122.2933253,10.8780565],[122.2932588,10.8782179],[122.2931609,10.8783707],[122.2929543,10.8784866],[122.2927961,10.8785577],[122.2926834,10.8787276],[122.2925211,10.8789423],[122.2923924,10.8790318],[122.2922187,10.8791048],[122.2921564,10.8791491],[122.2921269,10.8792123],[122.2921202,10.8793137],[122.2921711,10.879473],[122.2922248,10.8796508],[122.2922918,10.8798458],[122.292375,10.8800117]]}},{"type":"Feature","id":254732857,"properties":{"osmWayId":254732857,"name":null,"nameNormalized":null,"highway":"tertiary","routingClass":"trunk","surface":null,"tracktype":null},"geometry":{"type":"LineString","coordinates":[[122.292375,10.8800117],[122.2924581,10.8801895],[122.2926164,10.8804265],[122.2928068,10.8806531],[122.2930432,10.8809667],[122.2932798,10.8813894],[122.2933881,10.8816414],[122.2934651,10.8818289],[122.2936162,10.8821284],[122.29371,10.8822111],[122.2938294,10.8822815],[122.293936,10.8823079],[122.2940177,10.8823061],[122.2941568,10.8822818],[122.2943223,10.882244],[122.2945368,10.8822058],[122.2946636,10.8821597],[122.2948198,10.8820557],[122.294917,10.8820115],[122.2950022,10.8820043],[122.2950914,10.8820438],[122.2952201,10.8821209],[122.2953328,10.8821959],[122.2954199,10.8822493],[122.2955038,10.8822743],[122.2956701,10.8823494],[122.2957143,10.8824508],[122.2956942,10.8825469],[122.2956298,10.8826588],[122.2954984,10.8827774],[122.2954085,10.8829051],[122.2953241,10.882967],[122.2951469,10.8829738],[122.2950044,10.8829486],[122.2948676,10.8829039],[122.2946994,10.8828899],[122.2945683,10.882929],[122.2944542,10.8830018],[122.2943887,10.8830186],[122.294306,10.8830102],[122.2941806,10.8829878],[122.2940466,10.882971],[122.2939582,10.8829738],[122.2937918,10.8829519],[122.2936678,10.8829802],[122.2935364,10.8830388],[122.2934867,10.8830921],[122.2934995,10.8831488],[122.2935276,10.8831935],[122.2935639,10.8832113],[122.2935913,10.883212],[122.2938421,10.8831461],[122.2939615,10.8831527],[122.2940661,10.8832133],[122.2941747,10.8833397],[122.294282,10.8834161],[122.2943866,10.883478],[122.2944953,10.8836387],[122.2945824,10.883777],[122.2946562,10.8839679],[122.2947018,10.8841299],[122.2947514,10.8842326],[122.2948332,10.8842945],[122.2949958,10.8843763],[122.2951897,10.884477],[122.2953351,10.8845106],[122.295493,10.8845],[122.2955936,10.8844605],[122.2957257,10.8843564],[122.2958176,10.8843064],[122.2959208,10.8843169],[122.2959812,10.8843696],[122.2961622,10.8845184],[122.2963178,10.8846686],[122.2964586,10.8848029],[122.2965163,10.8849017],[122.2965606,10.8850294],[122.2966035,10.8851585],[122.2965994,10.8853165],[122.2965807,10.8854508],[122.296546,10.8855832],[122.2964904,10.885672],[122.2964348,10.885713],[122.2963184,10.8857682],[122.2962525,10.885819],[122.2962109,10.8858666],[122.2961207,10.8859355],[122.2960402,10.8859579],[122.2959638,10.8859421],[122.2958225,10.8858933],[122.2956457,10.8857792],[122.2955212,10.8857274],[122.2954218,10.8856753],[122.2951893,10.8855973],[122.2950674,10.88555],[122.2950107,10.8855082],[122.2949483,10.8854164],[122.294869,10.8852493],[122.2948211,10.8851637],[122.2947742,10.8851269],[122.2947219,10.8851111],[122.294672,10.8851359],[122.2946481,10.8852067],[122.2946522,10.8853047],[122.2946709,10.8853718],[122.2946884,10.8854666],[122.2947045,10.8855483],[122.2947447,10.8857063],[122.2948332,10.8858473],[122.2949043,10.8859421],[122.2949767,10.8859974],[122.2950391,10.8860511],[122.2951269,10.88609],[122.2952942,10.8861847],[122.2954139,10.8862292],[122.2956647,10.8862977]]}},{"type":"Feature","id":255460943,"properties":{"osmWayId":255460943,"name":null,"nameNormalized":null,"highway":"tertiary","routingClass":"trunk","surface":null,"tracktype":null},"geometry":{"type":"LineString","coordinates":[[122.2937722,10.887556],[122.294168,10.8877476],[122.2944684,10.8879056],[122.2945784,10.887957],[122.2946562,10.8880334],[122.2947806,10.8882082]]}},{"type":"Feature","id":255463266,"properties":{"osmWayId":255463266,"name":null,"nameNormalized":null,"highway":"tertiary","routingClass":"trunk","surface":null,"tracktype":null},"geometry":{"type":"LineString","coordinates":[[122.2947806,10.8882082],[122.2948198,10.8883863],[122.2948561,10.8885945],[122.2947407,10.8887919],[122.2946643,10.8888789],[122.294561,10.8889843],[122.2943008,10.8892661]]}},{"type":"Feature","id":255463269,"properties":{"osmWayId":255463269,"name":null,"nameNormalized":null,"highway":"tertiary","routingClass":"trunk","surface":null,"tracktype":null},"geometry":{"type":"LineString","coordinates":[[122.2941353,10.8905755],[122.2942244,10.8906851],[122.2942901,10.890807],[122.2943161,10.8909115],[122.2943151,10.8910244],[122.2943302,10.8910991],[122.2942995,10.8911757],[122.294282,10.8912573],[122.2942834,10.8913548],[122.2943249,10.891501],[122.294396,10.8916577],[122.2944604,10.8918276],[122.2944845,10.8919948],[122.2945046,10.8921739],[122.2945087,10.8923412],[122.2944684,10.8924926],[122.294459,10.8926375],[122.2944523,10.8927797],[122.2945167,10.8929799],[122.2945355,10.8930754],[122.2945509,10.8931735],[122.2945683,10.8932505],[122.2946347,10.8933052],[122.2947568,10.8933078],[122.2948567,10.8933104],[122.2950029,10.8933118],[122.2951531,10.8933423],[122.2953396,10.8934374],[122.2954588,10.8935185],[122.2955614,10.8936219],[122.2956701,10.8936752],[122.2957733,10.8937503],[122.2959329,10.893828],[122.2960469,10.8939215],[122.2961327,10.8939715],[122.2962387,10.8940242],[122.2963299,10.8940782],[122.2963996,10.8941125],[122.2964546,10.8941783],[122.2964841,10.894231],[122.2964895,10.8943047],[122.2965203,10.8943785],[122.2965768,10.8944796],[122.2966571,10.894547],[122.2967429,10.894605],[122.2967966,10.8946353],[122.2968516,10.894688],[122.2969133,10.8947248],[122.296979,10.8947604],[122.2970621,10.8948078],[122.2971399,10.8948875],[122.2972304,10.8949981],[122.2972671,10.8950844]]}},{"type":"Feature","id":255472066,"properties":{"osmWayId":255472066,"name":null,"nameNormalized":null,"highway":"tertiary","routingClass":"trunk","surface":null,"tracktype":null},"geometry":{"type":"LineString","coordinates":[[122.3266375,10.8973982],[122.326608,10.8974838],[122.3266093,10.8975773],[122.326773,10.8976747],[122.3269299,10.8977919],[122.3270237,10.8979355],[122.3270761,10.8980434],[122.3273268,10.8981435],[122.3274663,10.8982134],[122.3276232,10.8983213],[122.3276822,10.8985163],[122.3276245,10.898644],[122.3274945,10.8987414],[122.3273195,10.8989976],[122.327276,10.8990623],[122.327233,10.899155],[122.3272144,10.8994189],[122.3272276,10.8995474],[122.3271668,10.8998455],[122.32708,10.8999668],[122.3270419,10.900054],[122.3270425,10.9001558],[122.3270652,10.9002304],[122.3271772,10.9003113],[122.3272829,10.9003674],[122.3273886,10.9004151],[122.3274943,10.9004711],[122.3275999,10.9005645],[122.3276295,10.9006164],[122.3276866,10.9008759],[122.3277184,10.9009973],[122.3277157,10.901104],[122.3277035,10.9012079],[122.3276951,10.9013159]]}},{"type":"Feature","id":255472067,"properties":{"osmWayId":255472067,"name":null,"nameNormalized":null,"highway":"tertiary","routingClass":"trunk","surface":"dirt","tracktype":null},"geometry":{"type":"LineString","coordinates":[[122.3276951,10.9013159],[122.327701,10.9013987],[122.3277017,10.9014246],[122.3277207,10.9015024],[122.3278299,10.9015937],[122.3278914,10.9016427],[122.3281748,10.9018206],[122.3282688,10.9019198],[122.3283559,10.902019],[122.3284349,10.9021285],[122.3284547,10.9022273],[122.3284686,10.9023474],[122.3285208,10.9024432],[122.3285638,10.9024968],[122.328616,10.9025401]]}},{"type":"Feature","id":255472068,"properties":{"osmWayId":255472068,"name":null,"nameNormalized":null,"highway":"tertiary","routingClass":"trunk","surface":"unpaved","tracktype":null},"geometry":{"type":"LineString","coordinates":[[122.328616,10.9025401],[122.3286729,10.9026028],[122.328688,10.9026553],[122.3286857,10.9027282],[122.3286462,10.9028913],[122.3285742,10.9031365],[122.328515,10.9033406],[122.3285069,10.9034865],[122.328522,10.9036393],[122.3285266,10.9037191],[122.3285022,10.9038206],[122.3284337,10.9039175],[122.3283754,10.9040297],[122.3283251,10.9041541],[122.3282668,10.9042726],[122.3281844,10.9044088],[122.3280919,10.9045628],[122.3280436,10.9047149],[122.3280235,10.9048313],[122.3280135,10.9049612],[122.3279974,10.9050402],[122.3279639,10.9051363],[122.3279431,10.9052677],[122.3279471,10.9053605],[122.3279733,10.9054434],[122.3279994,10.9055342],[122.3280356,10.9056349],[122.3280557,10.9057139],[122.3280476,10.9058324],[122.3280356,10.9059627],[122.3280504,10.9060627],[122.3280457,10.9061595],[122.3280008,10.9062279]]}},{"type":"Feature","id":255472069,"properties":{"osmWayId":255472069,"name":null,"nameNormalized":null,"highway":"tertiary","routingClass":"trunk","surface":null,"tracktype":null},"geometry":{"type":"LineString","coordinates":[[122.3280008,10.9062279],[122.3278753,10.9062596],[122.3277412,10.9062952],[122.3276205,10.906332],[122.327583,10.9064097],[122.3276368,10.9065536],[122.3276608,10.9066059]]}},{"type":"Feature","id":255841114,"properties":{"osmWayId":255841114,"name":null,"nameNormalized":null,"highway":"tertiary","routingClass":"trunk","surface":null,"tracktype":null},"geometry":{"type":"LineString","coordinates":[[122.3148204,10.887128],[122.3149538,10.8871524],[122.3150222,10.8871616],[122.3151013,10.8871892],[122.3151689,10.8872162],[122.3152457,10.8872413],[122.3152829,10.8872752],[122.315307,10.8873218],[122.3153427,10.8873736],[122.3153752,10.8874457],[122.3153736,10.8875264],[122.3153695,10.8876041],[122.3153031,10.8876991],[122.315258,10.8878085],[122.3152365,10.887894],[122.3153479,10.8881213],[122.3154592,10.8883058],[122.315549,10.8884428],[122.3156062,10.8885221],[122.315665,10.8885916],[122.3157134,10.8886222],[122.3157695,10.8886419],[122.3158173,10.8886418],[122.3158635,10.8886414],[122.3159063,10.8886405],[122.3159712,10.888639],[122.3160296,10.8886353],[122.3160956,10.8886317],[122.3161503,10.8886295],[122.316248,10.8886316],[122.3163409,10.8886451],[122.3163936,10.888661],[122.3164267,10.888672],[122.3164993,10.8887039]]}},{"type":"Feature","id":255841116,"properties":{"osmWayId":255841116,"name":null,"nameNormalized":null,"highway":"tertiary","routingClass":"trunk","surface":"unpaved","tracktype":null},"geometry":{"type":"LineString","coordinates":[[122.3165898,10.888774],[122.3166779,10.8888463],[122.3167549,10.8888982],[122.3168093,10.8889293],[122.316889,10.8889769],[122.3170118,10.8890438],[122.3171298,10.8890855],[122.3173143,10.8891153],[122.317417,10.8891015],[122.3175898,10.8890236],[122.3177182,10.8889273],[122.3178092,10.8888608],[122.3178816,10.8887828],[122.318059,10.8886567],[122.3181548,10.8885902],[122.3183182,10.8885192],[122.3184916,10.8885141],[122.3186284,10.8885549],[122.3187827,10.8885958],[122.3188966,10.888655],[122.3189422,10.8887037],[122.3190242,10.8887805],[122.3191794,10.8889055],[122.3192557,10.8889641],[122.3193797,10.8890442],[122.3195563,10.8892349],[122.3197246,10.8893007],[122.319821,10.8893866],[122.3198756,10.8894972],[122.3199527,10.8896489],[122.3200254,10.8897531],[122.3200791,10.8898122],[122.3201529,10.8898777],[122.3201959,10.8899296],[122.3202671,10.8900063],[122.3203286,10.890081],[122.3203781,10.8901474],[122.3204504,10.8902135],[122.3205434,10.8902615],[122.3206447,10.8902906],[122.320752,10.8903024],[122.3208438,10.890312],[122.3209136,10.8903242]]}},{"type":"Feature","id":255841117,"properties":{"osmWayId":255841117,"name":null,"nameNormalized":null,"highway":"tertiary","routingClass":"trunk","surface":null,"tracktype":null},"geometry":{"type":"LineString","coordinates":[[122.3225299,10.891683],[122.322655,10.8917014],[122.3227861,10.8917505],[122.3230076,10.8918127],[122.3232281,10.8918912],[122.3233198,10.8919403],[122.3234149,10.8920412]]}},{"type":"Feature","id":274412445,"properties":{"osmWayId":274412445,"name":null,"nameNormalized":null,"highway":"tertiary","routingClass":"trunk","surface":null,"tracktype":null},"geometry":{"type":"LineString","coordinates":[[122.2615005,10.7805765],[122.2613919,10.7799965],[122.2612165,10.7795929],[122.2612269,10.7794526],[122.2614904,10.7791967],[122.2619443,10.7788316],[122.2621985,10.7786274],[122.2625153,10.7784038],[122.2628881,10.7783209],[122.2630128,10.7781233],[122.2632206,10.7776329],[122.2633166,10.7772649],[122.263554,10.7769898],[122.2639005,10.7767642],[122.2642266,10.776387],[122.2644886,10.776139],[122.2646919,10.7759284],[122.2649835,10.7757508],[122.2653732,10.7756807],[122.2655448,10.7755358],[122.2658117,10.7753787],[122.2662637,10.7750811],[122.2665579,10.7750199],[122.2667991,10.7750695],[122.2670797,10.7752884],[122.2673645,10.7752886],[122.2676061,10.7752531],[122.2678368,10.7753092],[122.2682096,10.7754475],[122.2686481,10.7755608],[122.2688936,10.7756807],[122.2691722,10.7755966],[122.2695732,10.7754619],[122.2698999,10.7753538],[122.2702107,10.7751149],[122.2704155,10.7751006],[122.270714,10.7750724],[122.2709933,10.774998],[122.2712244,10.7748494],[122.2713397,10.7747479],[122.2715583,10.7744792],[122.2717273,10.7744107],[122.2719473,10.7743606],[122.2721189,10.7742473],[122.2722361,10.7738984],[122.2723992,10.7737369],[122.2726063,10.7734155],[122.2727577,10.7733015],[122.2730715,10.7731898],[122.2733096,10.7730912],[122.2734856,10.7731171],[122.2736558,10.7731828],[122.2740206,10.7731696],[122.2742915,10.7731406],[122.2744404,10.7730892],[122.2745343,10.7730273],[122.2745892,10.772943],[122.2746026,10.7727928],[122.2745397,10.7724806],[122.2745316,10.7722889],[122.2745691,10.7720498],[122.2745625,10.7718037],[122.2745852,10.7713923],[122.274655,10.7712949],[122.2747421,10.7712751],[122.2748977,10.7713041],[122.2751069,10.7712922],[122.2752839,10.7712184],[122.2754274,10.7711381],[122.2757509,10.7709089],[122.2761089,10.7706268],[122.2762477,10.7705922],[122.276452,10.7705637],[122.2768584,10.7704548],[122.2769697,10.7703937],[122.2770609,10.7702712],[122.2771722,10.7699905],[122.2773412,10.7695834],[122.2773908,10.7691921],[122.2774565,10.7687547],[122.277651,10.7682791],[122.2777261,10.7680341],[122.2778244,10.7675246],[122.2779246,10.7672937],[122.2782451,10.7669076],[122.2785978,10.7668154],[122.2790498,10.766793],[122.2792724,10.7668431],[122.2796264,10.7668088],[122.2799885,10.7666863],[122.2803359,10.766569],[122.2805893,10.7665427],[122.2808562,10.7664873],[122.2810332,10.7663675],[122.2811097,10.7662028],[122.2811975,10.7659617],[122.2814839,10.7659024],[122.2817092,10.7658167],[122.2819814,10.7657258],[122.2822765,10.765515],[122.2824575,10.7652884],[122.2825634,10.7650302]]}},{"type":"Feature","id":274412465,"properties":{"osmWayId":274412465,"name":"Igbaras-Tubungan Road","nameNormalized":"igbaras tubungan","highway":"tertiary","routingClass":"trunk","surface":null,"tracktype":null},"geometry":{"type":"LineString","coordinates":[[122.2854279,10.7681341],[122.2858065,10.7685051],[122.2859123,10.7687439],[122.2859675,10.7692374],[122.2859435,10.7696571],[122.2856881,10.7702169],[122.2855362,10.7708215],[122.2856712,10.770978],[122.2860234,10.771096],[122.2864599,10.7713569],[122.2867664,10.7714465],[122.2870877,10.7714042],[122.2874987,10.7713541],[122.2879491,10.7714015],[122.2885387,10.7715597],[122.2891,10.7718437],[122.289583,10.7720825],[122.2899938,10.7722568],[122.2904304,10.7726136],[122.2907764,10.7727164],[122.2909932,10.7728102],[122.2910875,10.7729219],[122.2911385,10.7730906],[122.291058,10.7735543],[122.2911139,10.7737578],[122.2914281,10.7739812],[122.2919455,10.7742356],[122.2925064,10.7747585],[122.2928661,10.7750706],[122.2930122,10.7750534],[122.293115,10.7749027],[122.2930939,10.7745454],[122.2929288,10.7743646],[122.2928242,10.7742447],[122.2927602,10.7740724],[122.2927505,10.773997],[122.2927612,10.7738995],[122.2930338,10.7735792],[122.2931005,10.7735069],[122.293101,10.7733892],[122.2930194,10.773277],[122.2928444,10.7731301],[122.2927196,10.7728482],[122.2924072,10.7725702],[122.2923958,10.7724171],[122.2925917,10.7722024],[122.2933262,10.7716802],[122.2936317,10.7713635],[122.2939172,10.771079],[122.2945046,10.7710169],[122.2946763,10.7708522],[122.2948317,10.7707735],[122.2949848,10.7708377],[122.2952476,10.7711025],[122.2955356,10.7711371],[122.2956808,10.7712342],[122.2958297,10.7715254],[122.2959369,10.7717876],[122.2961034,10.7718446],[122.2963795,10.7719365],[122.2965538,10.7720524],[122.296975,10.7723212],[122.29716,10.7724951],[122.2971976,10.7726611],[122.297152,10.7729588],[122.2971252,10.7731907],[122.2973147,10.7733958],[122.2990741,10.7740283],[122.299448,10.7741499],[122.2998239,10.7741228],[122.2999224,10.7739973],[122.2998865,10.7737668],[122.2999174,10.7736044],[122.3000599,10.7735403],[122.3003494,10.7735633],[122.3007152,10.7734993],[122.3010795,10.7731249],[122.3013904,10.7729209],[122.3017998,10.7727661],[122.3020647,10.7725902],[122.3025381,10.7725803],[122.3026558,10.7724764],[122.3026904,10.7724459],[122.3027112,10.772147],[122.3026035,10.7717715],[122.3024268,10.7714499],[122.3024491,10.7712162],[122.3026802,10.7707987],[122.3029009,10.7703641],[122.3030118,10.7701215],[122.3034653,10.7697958],[122.3036865,10.7694784],[122.3040795,10.7691796],[122.3043651,10.7691083],[122.3047246,10.7691325],[122.305167,10.7691781],[122.305287,10.7692632],[122.3054357,10.7694651],[122.3054754,10.7695584],[122.3054802,10.7696142],[122.3054678,10.7696628],[122.3054568,10.769681],[122.3054409,10.7696944],[122.3054196,10.7697061],[122.3053951,10.7697163],[122.3051249,10.7698037],[122.3050876,10.769998],[122.3050072,10.7702146],[122.3048339,10.7703438],[122.3045432,10.7704827],[122.3044622,10.7706226],[122.3045868,10.7711946],[122.3047313,10.7712724],[122.305048,10.7712943],[122.305361,10.7712709],[122.3054535,10.7713628],[122.3054174,10.7715896],[122.3052356,10.7719005],[122.3053036,10.7721251],[122.3055738,10.7723409],[122.3058895,10.7724464],[122.3062085,10.77245],[122.3066444,10.772636],[122.3069541,10.772651],[122.3071367,10.7727249],[122.3072457,10.7729219],[122.3071687,10.7730831],[122.3068475,10.7733375],[122.3068083,10.7734822],[122.30699,10.7737924],[122.3075221,10.7743942],[122.3077358,10.774786],[122.3080059,10.7752835],[122.3080747,10.7755599],[122.3080397,10.7757245],[122.3078651,10.7757998],[122.3075836,10.7756251],[122.3074002,10.7755761],[122.3070223,10.7755694],[122.3068203,10.7757032],[122.3067903,10.7759451],[122.306929,10.7761827],[122.3075941,10.7766072],[122.3078748,10.776739],[122.3081552,10.7769052],[122.3084265,10.7773131],[122.308567,10.7776053],[122.308801,10.7778229],[122.3088415,10.7778922],[122.3089012,10.778042],[122.30888,10.7783873],[122.3087491,10.7787302],[122.3086759,10.7792947],[122.3086922,10.7793434],[122.3087125,10.7793882],[122.3087375,10.7794238],[122.3087665,10.7794528],[122.3088026,10.7794696],[122.3088386,10.7794733],[122.3090728,10.7794949],[122.3092679,10.7795274]]}},{"type":"Feature","id":274412479,"properties":{"osmWayId":274412479,"name":"Igbaras-Tubungan Road","nameNormalized":"igbaras tubungan","highway":"tertiary","routingClass":"trunk","surface":null,"tracktype":null},"geometry":{"type":"LineString","coordinates":[[122.2811136,10.7565982],[122.2812651,10.7568647]]}},{"type":"Feature","id":274412480,"properties":{"osmWayId":274412480,"name":"Igbaras-Tubungan Road","nameNormalized":"igbaras tubungan","highway":"tertiary","routingClass":"trunk","surface":null,"tracktype":null},"geometry":{"type":"LineString","coordinates":[[122.2852587,10.76794],[122.2854279,10.7681341]]}},{"type":"Feature","id":274412510,"properties":{"osmWayId":274412510,"name":"Igbaras-Tubungan Road","nameNormalized":"igbaras tubungan","highway":"tertiary","routingClass":"trunk","surface":null,"tracktype":null},"geometry":{"type":"LineString","coordinates":[[122.2812651,10.7568647],[122.2814235,10.7571224],[122.2817239,10.7574755],[122.2818902,10.7576942],[122.2820218,10.7579302],[122.2820481,10.7581312],[122.282045,10.75825],[122.2820292,10.7585846],[122.2821658,10.7589867],[122.2822882,10.7591672],[122.2824462,10.7592602],[122.2826134,10.7593109],[122.2827271,10.7593873],[122.2828129,10.7595612],[122.282852,10.7601813],[122.282923,10.7604012],[122.2830851,10.7604953],[122.2832742,10.7604611],[122.2835133,10.7599529],[122.2835867,10.7598155],[122.2837181,10.7597364],[122.2838697,10.7597759],[122.2839998,10.7599064],[122.2840869,10.760075],[122.2841553,10.7603543],[122.2840038,10.7606271],[122.283669,10.7610721],[122.2831616,10.7616284],[122.2830664,10.7619854],[122.2828692,10.7621488],[122.2826493,10.7623517],[122.2824655,10.7627535],[122.2821893,10.7632199],[122.282192,10.7633899],[122.2824132,10.7634716],[122.282724,10.763447],[122.282943,10.7636679],[122.2830556,10.7639182],[122.2829937,10.764241],[122.2827686,10.7646534],[122.2826305,10.764851],[122.2825634,10.7650302],[122.2825195,10.7654051],[122.2826533,10.7657667],[122.2828518,10.7660407],[122.2831088,10.7661355],[122.283925,10.7663069],[122.2843371,10.7663371],[122.2846044,10.7664677],[122.2847631,10.7669267],[122.2848158,10.7673819],[122.2849885,10.7676468],[122.2852587,10.76794]]}},{"type":"Feature","id":274412541,"properties":{"osmWayId":274412541,"name":"Igbaras-Tubungan Road","nameNormalized":"igbaras tubungan","highway":"tertiary","routingClass":"trunk","surface":null,"tracktype":null},"geometry":{"type":"LineString","coordinates":[[122.2799858,10.7529959],[122.2800085,10.7530602],[122.2801468,10.7534412],[122.2803031,10.753914],[122.2803184,10.7539603],[122.2805116,10.7547625],[122.2805303,10.7548405],[122.2805732,10.7550658],[122.2807422,10.7557785],[122.2810012,10.7563951],[122.2811136,10.7565982]]}},{"type":"Feature","id":274456327,"properties":{"osmWayId":274456327,"name":"Leon-Antique Boundary Road","nameNormalized":"leon antique boundary","highway":"tertiary","routingClass":"trunk","surface":null,"tracktype":null},"geometry":{"type":"LineString","coordinates":[[122.3898142,10.8072217],[122.3895995,10.8076557],[122.3895681,10.8077174],[122.389257,10.8083237],[122.3890898,10.8086282],[122.3884233,10.809934],[122.3884009,10.8099737],[122.3882165,10.8103373],[122.38781,10.811139],[122.38752,10.8116922],[122.3872663,10.812166],[122.3869205,10.8128343],[122.3866111,10.8134395]]}},{"type":"Feature","id":274456339,"properties":{"osmWayId":274456339,"name":null,"nameNormalized":null,"highway":"tertiary","routingClass":"trunk","surface":"concrete","tracktype":null},"geometry":{"type":"LineString","coordinates":[[122.3650775,10.8276817],[122.3648871,10.8276056]]}},{"type":"Feature","id":274456340,"properties":{"osmWayId":274456340,"name":null,"nameNormalized":null,"highway":"tertiary","routingClass":"trunk","surface":"concrete","tracktype":null},"geometry":{"type":"LineString","coordinates":[[122.3689876,10.8281844],[122.3687532,10.8282276]]}},{"type":"Feature","id":274456341,"properties":{"osmWayId":274456341,"name":"Bancal-Leon Road","nameNormalized":"bancal leon","highway":"secondary","routingClass":"trunk","surface":"concrete","tracktype":null},"geometry":{"type":"LineString","coordinates":[[122.3945637,10.7733622],[122.3951083,10.7732281],[122.395653,10.773094],[122.3961976,10.7729599]]}},{"type":"Feature","id":274456345,"properties":{"osmWayId":274456345,"name":"Leon-Antique Boundary Road","nameNormalized":"leon antique boundary","highway":"tertiary","routingClass":"trunk","surface":null,"tracktype":null},"geometry":{"type":"LineString","coordinates":[[122.3898932,10.8070584],[122.3898142,10.8072217]]}},{"type":"Feature","id":274456346,"properties":{"osmWayId":274456346,"name":null,"nameNormalized":null,"highway":"tertiary","routingClass":"trunk","surface":null,"tracktype":null},"geometry":{"type":"LineString","coordinates":[[122.3894652,10.7720505],[122.3894853,10.7717475]]}},{"type":"Feature","id":274456348,"properties":{"osmWayId":274456348,"name":"Leon-Antique Boundary Road","nameNormalized":"leon antique boundary","highway":"tertiary","routingClass":"trunk","surface":null,"tracktype":null},"geometry":{"type":"LineString","coordinates":[[122.3905941,10.7899795],[122.3907373,10.7913373]]}},{"type":"Feature","id":274456350,"properties":{"osmWayId":274456350,"name":"Guimbal-Igbaras-Tubungan-Leon Road","nameNormalized":"guimbal igbaras tubungan leon","highway":"secondary","routingClass":"trunk","surface":null,"tracktype":null},"geometry":{"type":"LineString","coordinates":[[122.3670125,10.7684638],[122.366939,10.7683365]]}},{"type":"Feature","id":274456353,"properties":{"osmWayId":274456353,"name":"Cabanilla Street","nameNormalized":"cabanilla street","highway":"tertiary","routingClass":"trunk","surface":"concrete","tracktype":null},"geometry":{"type":"LineString","coordinates":[[122.3891628,10.7812808],[122.389708,10.7812714]]}},{"type":"Feature","id":274456361,"properties":{"osmWayId":274456361,"name":null,"nameNormalized":null,"highway":"tertiary","routingClass":"trunk","surface":null,"tracktype":null},"geometry":{"type":"LineString","coordinates":[[122.3978577,10.738345],[122.3978971,10.7381188],[122.3982077,10.7375587]]}},{"type":"Feature","id":274456366,"properties":{"osmWayId":274456366,"name":"R. Tabiana Street","nameNormalized":"r tabiana street","highway":"secondary","routingClass":"trunk","surface":null,"tracktype":null},"geometry":{"type":"LineString","coordinates":[[122.38954,10.7794617],[122.3894865,10.7789806],[122.3894453,10.7786099],[122.3894334,10.7784915],[122.3893583,10.7779124],[122.389302,10.7773934],[122.3892591,10.7766898],[122.3892751,10.7756234],[122.38935,10.7739786],[122.3894167,10.773026]]}},{"type":"Feature","id":274456368,"properties":{"osmWayId":274456368,"name":null,"nameNormalized":null,"highway":"tertiary","routingClass":"trunk","surface":null,"tracktype":null},"geometry":{"type":"LineString","coordinates":[[122.3576492,10.8002766],[122.3577808,10.8004233],[122.3578283,10.8006668],[122.3578737,10.8010311],[122.3579512,10.8013088],[122.3580784,10.8016019],[122.3584217,10.8019892],[122.3586765,10.8022368],[122.3591937,10.8025047],[122.3596398,10.8027116],[122.3601567,10.8030116],[122.360515,10.8032002],[122.3606065,10.8032484],[122.3607847,10.8034804],[122.3609135,10.8037939],[122.3610851,10.804168],[122.3610999,10.8044671],[122.3611924,10.8047108],[122.3612702,10.8053246],[122.3613158,10.8057778],[122.3613694,10.8060189],[122.3614976,10.8062507],[122.3616967,10.806443],[122.3618563,10.8067144],[122.3619919,10.8070615],[122.3620648,10.8073586],[122.3624302,10.8077959],[122.3627454,10.8079909],[122.3630512,10.8080844],[122.363373,10.8082609],[122.3636869,10.8085745],[122.364053,10.8090184],[122.3642831,10.8093897],[122.3644929,10.8097377],[122.3647131,10.8098877],[122.3648699,10.8099695]]}},{"type":"Feature","id":274456370,"properties":{"osmWayId":274456370,"name":null,"nameNormalized":null,"highway":"tertiary","routingClass":"trunk","surface":null,"tracktype":null},"geometry":{"type":"LineString","coordinates":[[122.3648699,10.8099695],[122.3651056,10.8100886],[122.3653356,10.8101168],[122.365649,10.8100292],[122.365972,10.8098848],[122.3661265,10.8097931],[122.3662454,10.8097967],[122.3663416,10.8098859],[122.3663579,10.810046],[122.3662789,10.8104108],[122.3662202,10.8105952],[122.3663275,10.8109562],[122.3665627,10.8112635],[122.3668492,10.8116873],[122.3671764,10.8121733],[122.3674061,10.8125366],[122.3678389,10.8128676],[122.3682064,10.8131099],[122.3686033,10.8133128],[122.3689649,10.8134552],[122.3691409,10.81356],[122.3693395,10.8137383],[122.369474,10.8138877],[122.3697615,10.8139173],[122.3700157,10.8139644],[122.3702497,10.814028],[122.3703969,10.8139924],[122.3705927,10.8137945],[122.3707641,10.8136464],[122.3708887,10.8135993],[122.3710191,10.8136111],[122.3712576,10.8136859],[122.3715114,10.8136756],[122.3717174,10.8135994],[122.3719619,10.8134494]]}},{"type":"Feature","id":274456376,"properties":{"osmWayId":274456376,"name":null,"nameNormalized":null,"highway":"tertiary","routingClass":"trunk","surface":"concrete","tracktype":null},"geometry":{"type":"LineString","coordinates":[[122.3648871,10.8276056],[122.3639475,10.8272279],[122.3636177,10.8270904],[122.3629311,10.8268464],[122.3622175,10.8265846],[122.3619374,10.8264693],[122.3616438,10.826385],[122.3612599,10.8263406],[122.3611063,10.8263717],[122.3609527,10.8264471],[122.3608037,10.826589],[122.3605417,10.826802],[122.3603475,10.8269662],[122.3601668,10.8271037],[122.3599816,10.8271702],[122.3597377,10.827219],[122.3592589,10.8273743],[122.3587123,10.8275385],[122.3580709,10.8277204],[122.3577864,10.8277869],[122.3575245,10.8278211],[122.3571885,10.8278382],[122.356874,10.8278593],[122.3566797,10.8278579],[122.3564539,10.8278623],[122.356237,10.8278801],[122.3559254,10.8279466],[122.3557895,10.8280128],[122.3556428,10.8281569],[122.3555704,10.8283023],[122.355514,10.8285189],[122.3554273,10.8287368],[122.3553273,10.8289275],[122.3552055,10.829051],[122.355002,10.829092],[122.3547128,10.8289881],[122.3543437,10.8287862],[122.3540823,10.8286911],[122.3538282,10.8286422],[122.3534492,10.8286112],[122.353349,10.8286068]]}},{"type":"Feature","id":274456377,"properties":{"osmWayId":274456377,"name":null,"nameNormalized":null,"highway":"tertiary","routingClass":"trunk","surface":null,"tracktype":null},"geometry":{"type":"LineString","coordinates":[[122.3648699,10.8099695],[122.3652133,10.8098734],[122.3653647,10.8097647],[122.365562,10.8095228],[122.365775,10.8093075],[122.3660073,10.8090209],[122.3663726,10.8087591],[122.3666633,10.8084934],[122.3668685,10.808192],[122.3670094,10.8078551],[122.3672164,10.8074912],[122.3674555,10.8070051],[122.367607,10.8066935],[122.3678194,10.8065312],[122.3682288,10.806323],[122.3683111,10.8063044],[122.3685043,10.8062609],[122.3685724,10.806262],[122.3688103,10.8062658],[122.3690947,10.806231],[122.3692709,10.8061208],[122.3694254,10.8057884],[122.3694971,10.8056397],[122.3695382,10.8055544],[122.3696183,10.8052203],[122.3697901,10.8049438],[122.3699593,10.8046622],[122.3702095,10.8044839]]}},{"type":"Feature","id":274456378,"properties":{"osmWayId":274456378,"name":null,"nameNormalized":null,"highway":"tertiary","routingClass":"trunk","surface":null,"tracktype":null},"geometry":{"type":"LineString","coordinates":[[122.3900815,10.7677585],[122.3900932,10.7675677],[122.3900322,10.7673843],[122.3898974,10.7672383],[122.3897237,10.7670733],[122.3895709,10.7669416],[122.3895058,10.7668325],[122.389477,10.766715],[122.3895478,10.7665806],[122.3896095,10.7664409],[122.3896571,10.766237],[122.3896698,10.7661126],[122.3896738,10.7659008],[122.3896363,10.7656926],[122.3894367,10.7650576],[122.3892624,10.7644436],[122.3891571,10.7641264],[122.3890836,10.7637666],[122.3891736,10.7634927],[122.3893994,10.7629528],[122.3896326,10.7627356],[122.390141,10.7624848],[122.3906903,10.7621196],[122.3911201,10.7617765],[122.3916587,10.7612745],[122.3918319,10.760965],[122.3920454,10.7603518],[122.3923385,10.7594161],[122.3927633,10.7578869],[122.3932288,10.7563758],[122.3933765,10.7558481],[122.3934726,10.7554454],[122.3938938,10.7537757],[122.3942588,10.752337],[122.3945105,10.7509933],[122.3945362,10.7508564],[122.3946754,10.7500797],[122.3947865,10.7494598],[122.3951028,10.7473891],[122.3952766,10.7465451],[122.3958713,10.7437356],[122.3960841,10.7426507]]}},{"type":"Feature","id":274456379,"properties":{"osmWayId":274456379,"name":"Bancal-Leon Road","nameNormalized":"bancal leon","highway":"secondary","routingClass":"trunk","surface":"concrete","tracktype":null},"geometry":{"type":"LineString","coordinates":[[122.3965701,10.7725543],[122.3966116,10.7723926],[122.3966326,10.772254],[122.3966263,10.7721341],[122.396591,10.7720565],[122.3964575,10.7718766],[122.3964159,10.7718163],[122.396381,10.7717695],[122.3963334,10.7716522],[122.396308,10.7715896],[122.3962688,10.7714083],[122.3962721,10.7711656],[122.3963261,10.7709632],[122.3964073,10.7708218],[122.3965701,10.7705897],[122.3971368,10.7699365],[122.3984994,10.768756],[122.3993768,10.7679699],[122.3995991,10.7676915],[122.3998083,10.7672857],[122.3998959,10.767071],[122.4005454,10.7654579],[122.4008973,10.7645348],[122.4011011,10.7637232],[122.4011989,10.7633293],[122.4012943,10.7632067],[122.401482,10.7631171],[122.4017556,10.7630908],[122.4022545,10.7630486]]}},{"type":"Feature","id":274456386,"properties":{"osmWayId":274456386,"name":"F. Cabarles Street","nameNormalized":"f cabarles street","highway":"secondary","routingClass":"trunk","surface":"paved","tracktype":null},"geometry":{"type":"LineString","coordinates":[[122.3874563,10.7798243],[122.3876345,10.7797887],[122.3878002,10.7797605],[122.388655,10.7796011],[122.3889602,10.7795381],[122.3891133,10.7795399]]}},{"type":"Feature","id":274456391,"properties":{"osmWayId":274456391,"name":null,"nameNormalized":null,"highway":"tertiary","routingClass":"trunk","surface":null,"tracktype":null},"geometry":{"type":"LineString","coordinates":[[122.3719619,10.8134494],[122.372195,10.8135834],[122.372328,10.8136244],[122.3726524,10.8135461],[122.372994,10.8135343],[122.3733178,10.8135723],[122.3736791,10.8136558],[122.3738616,10.8136365],[122.3740692,10.8134817],[122.3743541,10.8132708],[122.3746056,10.8130819],[122.3748472,10.8129709],[122.3750632,10.8128662],[122.3752419,10.8127797],[122.3754242,10.8127413],[122.3756817,10.8127235],[122.3760104,10.8126702],[122.3763399,10.8125804],[122.3767205,10.8124421],[122.376826,10.8123684],[122.3770021,10.8122495],[122.3770329,10.8122149],[122.3772529,10.8120169],[122.3774903,10.8118186],[122.3777388,10.8116724],[122.3780307,10.8116127],[122.3783679,10.8115537],[122.3785516,10.8113841],[122.3787192,10.8111544],[122.3791082,10.8109405],[122.3793418,10.81073],[122.3795125,10.8103623],[122.3796848,10.8100416],[122.379936,10.8097793],[122.3802571,10.8095904],[122.3804488,10.809282],[122.3806405,10.8089627],[122.380974,10.8087256],[122.3810311,10.8084691],[122.3809804,10.8081595],[122.3808571,10.8078597],[122.3809276,10.8077081],[122.3810812,10.8075708],[122.3811036,10.8072933],[122.3811214,10.8069928],[122.3812783,10.8066485],[122.381282,10.8063758],[122.3812556,10.8060548],[122.3812112,10.8056965],[122.3812828,10.8052888],[122.3813983,10.8048754],[122.3815954,10.8045184],[122.3818963,10.8043027],[122.3821384,10.804116],[122.3824797,10.8038706]]}},{"type":"Feature","id":274456392,"properties":{"osmWayId":274456392,"name":null,"nameNormalized":null,"highway":"tertiary","routingClass":"trunk","surface":null,"tracktype":null},"geometry":{"type":"LineString","coordinates":[[122.3960841,10.7426507],[122.3955744,10.7425746],[122.3949156,10.7423807],[122.3944405,10.7421348],[122.3942376,10.7420929],[122.393811,10.7421638],[122.3932857,10.7423165],[122.3929783,10.7423883],[122.392282,10.742735],[122.3913946,10.7432219],[122.3908549,10.7436226],[122.3904204,10.7439178],[122.3898318,10.7442202],[122.3893728,10.7444269],[122.3888165,10.7447558],[122.3883229,10.7451932],[122.387801,10.7456158],[122.3874564,10.7459673],[122.3869995,10.7465947],[122.3867462,10.7470552],[122.3865027,10.7473405],[122.3863357,10.7474897],[122.3858888,10.7479664],[122.385429,10.7483923],[122.3848656,10.7487507],[122.3845196,10.7488166],[122.3839214,10.7488087],[122.3836452,10.7487296],[122.3833133,10.74852],[122.3829866,10.7484359],[122.382649,10.7483932],[122.3823589,10.7485087],[122.3818561,10.7487955],[122.381148,10.7490643],[122.3807189,10.7491802],[122.3804533,10.7491565],[122.3801717,10.74903],[122.379941,10.7488745],[122.3795709,10.748756],[122.379241,10.7487112],[122.3787953,10.7485748],[122.3783934,10.7484766]]}},{"type":"Feature","id":274456393,"properties":{"osmWayId":274456393,"name":null,"nameNormalized":null,"highway":"tertiary","routingClass":"trunk","surface":null,"tracktype":null},"geometry":{"type":"LineString","coordinates":[[122.3783934,10.7484766],[122.3784589,10.7482106],[122.3786724,10.7477941],[122.3788152,10.7475645],[122.3789325,10.7474331],[122.3790939,10.7473064],[122.3793356,10.7470109],[122.3793927,10.7467567],[122.3793755,10.7464709],[122.3792286,10.7461474],[122.3790375,10.7457185],[122.3790004,10.7454397],[122.3791491,10.7451165],[122.3793837,10.74485],[122.3794386,10.7446537],[122.3793887,10.7443907],[122.3792669,10.743924],[122.3792352,10.7435498],[122.3792879,10.7430525],[122.3793043,10.7425825],[122.3793127,10.7420886],[122.3792672,10.7415664],[122.3792531,10.741074],[122.379335,10.7405325],[122.3795602,10.73982],[122.3796809,10.739596],[122.3798636,10.7393334],[122.3802947,10.738961],[122.380685,10.7386145],[122.3809833,10.7382114],[122.3813957,10.7377365],[122.381791,10.7373497],[122.3818173,10.7370725],[122.3817135,10.7367931],[122.3813063,10.7364048],[122.3812144,10.7361916],[122.3811352,10.7359024],[122.3808879,10.7356419],[122.3804802,10.7353889],[122.380169,10.7351662],[122.3796956,10.7346141],[122.3793483,10.7340357],[122.3790841,10.7334612],[122.3790465,10.7331924],[122.3792049,10.7327799],[122.3793956,10.7323232],[122.3794899,10.7320117],[122.379461,10.7316648],[122.3795325,10.7312759],[122.3795323,10.7308323],[122.3795297,10.7307665],[122.3794503,10.7306847],[122.3790594,10.7305463],[122.3785789,10.7303714],[122.3783433,10.7300559],[122.3781728,10.7295641],[122.3781528,10.7294104],[122.3780554,10.7293092],[122.3777863,10.7293214],[122.3773177,10.7294635],[122.3769814,10.7294241],[122.3766695,10.7292845],[122.376606,10.729097],[122.3763806,10.7288456],[122.3760802,10.7285632],[122.3757222,10.7283489],[122.3755066,10.7280934],[122.3751995,10.7278626],[122.3751292,10.727714],[122.3751181,10.7274136],[122.3750064,10.7272234],[122.3748477,10.7270463],[122.3747235,10.7269962],[122.3746204,10.7270297],[122.3744498,10.7271034]]}},{"type":"Feature","id":274456399,"properties":{"osmWayId":274456399,"name":"F. Cabarles Street","nameNormalized":"f cabarles street","highway":"secondary","routingClass":"trunk","surface":"paved","tracktype":null},"geometry":{"type":"LineString","coordinates":[[122.3873637,10.7798496],[122.3869407,10.7799243],[122.3865033,10.7800015],[122.3861713,10.7800601],[122.3861158,10.7800667]]}},{"type":"Feature","id":274456401,"properties":{"osmWayId":274456401,"name":null,"nameNormalized":null,"highway":"tertiary","routingClass":"trunk","surface":null,"tracktype":null},"geometry":{"type":"LineString","coordinates":[[122.3960841,10.7426507],[122.3964016,10.7412679],[122.3964566,10.7410282],[122.3966902,10.7403871],[122.3969666,10.7396871],[122.3970671,10.7395171],[122.3972408,10.7392235],[122.3974156,10.7390295],[122.3977082,10.7386285],[122.3978577,10.738345]]}},{"type":"Feature","id":274456402,"properties":{"osmWayId":274456402,"name":null,"nameNormalized":null,"highway":"tertiary","routingClass":"trunk","surface":"concrete","tracktype":null},"geometry":{"type":"LineString","coordinates":[[122.3687532,10.8282276],[122.3684633,10.8282895],[122.3682061,10.8283424],[122.3675601,10.8284854],[122.3674301,10.8285088],[122.3673259,10.8285136],[122.3672141,10.8285064],[122.3671362,10.8284854],[122.3667116,10.8283299],[122.365924,10.8280083],[122.3650775,10.8276817]]}},{"type":"Feature","id":274456404,"properties":{"osmWayId":274456404,"name":null,"nameNormalized":null,"highway":"tertiary","routingClass":"trunk","surface":null,"tracktype":null},"geometry":{"type":"LineString","coordinates":[[122.3982077,10.7375587],[122.3985539,10.7369846],[122.3989961,10.7363812],[122.3993782,10.7358347],[122.3995705,10.7355583],[122.4001367,10.7351688],[122.4004785,10.734869],[122.4011781,10.7342472],[122.4017671,10.733737],[122.401945,10.7335649]]}},{"type":"Feature","id":274635312,"properties":{"osmWayId":274635312,"name":"Igbaras-Tubungan Road","nameNormalized":"igbaras tubungan","highway":"tertiary","routingClass":"trunk","surface":"concrete","tracktype":null},"geometry":{"type":"LineString","coordinates":[[122.314317,10.7745426],[122.3142488,10.7746081],[122.3142307,10.7747095],[122.3142309,10.7747782],[122.3142491,10.7748777],[122.3142582,10.7749875],[122.3143896,10.7757207],[122.3144044,10.7758149],[122.3144142,10.7758808],[122.3144251,10.7759937],[122.3144215,10.7761152],[122.3144098,10.7762339],[122.3143601,10.7765276],[122.3142991,10.7767219],[122.3141978,10.7768938],[122.3140849,10.7770333],[122.3139412,10.7771426],[122.3125964,10.7781551],[122.3112053,10.7791495],[122.3108767,10.779349],[122.310715,10.779442],[122.3105441,10.7795479]]}},{"type":"Feature","id":274635314,"properties":{"osmWayId":274635314,"name":null,"nameNormalized":null,"highway":"tertiary","routingClass":"trunk","surface":null,"tracktype":null},"geometry":{"type":"LineString","coordinates":[[122.3466759,10.8744363],[122.3468057,10.874371],[122.3469571,10.8742571],[122.3469665,10.8741515],[122.346852,10.8739271],[122.3465824,10.8735531],[122.3464684,10.8733884],[122.3464349,10.8732396],[122.3465252,10.8727688],[122.3466119,10.8725139],[122.3466857,10.8723902],[122.3466964,10.872315],[122.3466347,10.8722274]]}},{"type":"Feature","id":274635332,"properties":{"osmWayId":274635332,"name":"Guimbal-Tubungan Road","nameNormalized":"guimbal tubungan","highway":"secondary","routingClass":"trunk","surface":null,"tracktype":null},"geometry":{"type":"LineString","coordinates":[[122.3218111,10.7473291],[122.3219537,10.7477691]]}},{"type":"Feature","id":274635333,"properties":{"osmWayId":274635333,"name":"Igbaras-Tubungan Road","nameNormalized":"igbaras tubungan","highway":"tertiary","routingClass":"trunk","surface":null,"tracktype":null},"geometry":{"type":"LineString","coordinates":[[122.3147907,10.7743113],[122.314317,10.7745426]]}},{"type":"Feature","id":274635341,"properties":{"osmWayId":274635341,"name":null,"nameNormalized":null,"highway":"tertiary","routingClass":"trunk","surface":null,"tracktype":null},"geometry":{"type":"LineString","coordinates":[[122.3479477,10.8775739],[122.347784,10.8775423],[122.3475614,10.8775107],[122.3474112,10.8774686],[122.3473147,10.8773737],[122.3472744,10.8772315],[122.3472449,10.8771525],[122.3471403,10.8770919],[122.3469141,10.8770169],[122.3467943,10.8769022],[122.3466736,10.8768022],[122.3464027,10.8766784],[122.3461318,10.8765098],[122.3460004,10.876415],[122.3458314,10.8762859],[122.3456979,10.8760946],[122.3455646,10.8759282],[122.345424,10.8757276],[122.3453935,10.8755641],[122.34547,10.875505],[122.3456275,10.8754562],[122.3457882,10.8753311],[122.3459087,10.8752537],[122.3461123,10.8751655],[122.3462645,10.8749928],[122.3464541,10.8747673],[122.3465461,10.8746597]]}},{"type":"Feature","id":274635346,"properties":{"osmWayId":274635346,"name":null,"nameNormalized":null,"highway":"tertiary","routingClass":"trunk","surface":null,"tracktype":null},"geometry":{"type":"LineString","coordinates":[[122.3495215,10.8771174],[122.3491437,10.8772693],[122.3489601,10.8775022],[122.348733,10.8776391],[122.3486366,10.8777915],[122.348627,10.877941],[122.3487466,10.878296],[122.3488366,10.8786216],[122.348855,10.8789263],[122.3487916,10.8792739],[122.3486673,10.8796731],[122.3486827,10.8799204],[122.3488558,10.8802704],[122.3489133,10.8803423],[122.348905,10.8806453],[122.349021,10.880875],[122.3494658,10.881102],[122.3498342,10.8813883],[122.3500245,10.8815842],[122.3502275,10.8817304],[122.3504475,10.8818568],[122.3506471,10.8819983]]}},{"type":"Feature","id":274635349,"properties":{"osmWayId":274635349,"name":null,"nameNormalized":null,"highway":"tertiary","routingClass":"trunk","surface":"concrete","tracktype":null},"geometry":{"type":"LineString","coordinates":[[122.3164993,10.8887039],[122.3165898,10.888774]]}},{"type":"Feature","id":274635351,"properties":{"osmWayId":274635351,"name":null,"nameNormalized":null,"highway":"tertiary","routingClass":"trunk","surface":null,"tracktype":null},"geometry":{"type":"LineString","coordinates":[[122.2938467,10.8874915],[122.2940883,10.8873049]]}},{"type":"Feature","id":274635355,"properties":{"osmWayId":274635355,"name":null,"nameNormalized":null,"highway":"tertiary","routingClass":"trunk","surface":null,"tracktype":null},"geometry":{"type":"LineString","coordinates":[[122.2943008,10.8892661],[122.2942485,10.8893306],[122.2942163,10.8894241],[122.2943091,10.8895513]]}},{"type":"Feature","id":274635358,"properties":{"osmWayId":274635358,"name":null,"nameNormalized":null,"highway":"tertiary","routingClass":"trunk","surface":null,"tracktype":null},"geometry":{"type":"LineString","coordinates":[[122.299277,10.8701429],[122.2990403,10.8699246],[122.2988538,10.8697442],[122.2986862,10.8695585],[122.2984797,10.869494],[122.2980492,10.8694452],[122.2978963,10.8693754],[122.2977179,10.8691397],[122.2975959,10.869083],[122.2973934,10.8691265],[122.2972392,10.8691555],[122.2970769,10.8691278],[122.2969159,10.8690462],[122.2967067,10.8688789],[122.2963808,10.8686919],[122.2962548,10.8686102],[122.2962011,10.8685022],[122.2961904,10.8683363],[122.2963031,10.8681637],[122.2963554,10.8680347],[122.2963339,10.8679056],[122.2962628,10.867795],[122.2961716,10.8677239],[122.2960657,10.8676764],[122.2959624,10.8676317],[122.2958887,10.8675342],[122.29578,10.8672602],[122.2958176,10.867143],[122.2959839,10.8669942],[122.296067,10.8668902],[122.2960952,10.866769],[122.2960764,10.8664582],[122.2960965,10.8663146],[122.2961155,10.8662633],[122.2961657,10.8661868],[122.2962145,10.866063],[122.2962441,10.865984],[122.2962615,10.8658444],[122.2962841,10.8657254],[122.2962897,10.865606],[122.2963205,10.8654796],[122.2963659,10.8654173],[122.2965308,10.8652499],[122.2966595,10.865116],[122.2967823,10.8649611],[122.2968322,10.864776],[122.2968322,10.8646379],[122.2968735,10.8643162]]}},{"type":"Feature","id":274635359,"properties":{"osmWayId":274635359,"name":null,"nameNormalized":null,"highway":"tertiary","routingClass":"trunk","surface":null,"tracktype":null},"geometry":{"type":"LineString","coordinates":[[122.3032844,10.8696116],[122.3034237,10.8697058],[122.3034984,10.8698191],[122.3035812,10.8702012],[122.3036604,10.8705305],[122.3036996,10.8707049],[122.3036734,10.870871],[122.3036665,10.8712657],[122.3037363,10.8715697],[122.3038901,10.8718566],[122.3040545,10.8722916],[122.3041297,10.8723704],[122.3042317,10.8724349],[122.3043645,10.8724754],[122.3046166,10.8727128],[122.3047279,10.8727628],[122.3049425,10.8728774],[122.3050913,10.8730552],[122.3050122,10.8733937],[122.3050323,10.8735465],[122.3051114,10.8736097],[122.3052335,10.8736545],[122.3054395,10.8736341],[122.3055621,10.8737014],[122.3058055,10.8739107],[122.3058383,10.8740272],[122.3058195,10.8741391],[122.3056345,10.8743169],[122.3054571,10.8745278],[122.3054453,10.8746253],[122.3056636,10.8748936],[122.3058093,10.8751391],[122.3059362,10.8754485],[122.306188,10.8757176],[122.3063378,10.875868]]}},{"type":"Feature","id":274635360,"properties":{"osmWayId":274635360,"name":null,"nameNormalized":null,"highway":"tertiary","routingClass":"trunk","surface":"unpaved","tracktype":null},"geometry":{"type":"LineString","coordinates":[[122.3455452,10.8720666],[122.3452774,10.8721252],[122.3450943,10.8720564],[122.3448578,10.8720082],[122.3446542,10.8720041],[122.3444956,10.8718264],[122.3444259,10.8717764],[122.3443267,10.8716947],[122.344214,10.8716921],[122.3440772,10.8717369],[122.3439404,10.8717369],[122.3437339,10.8716868],[122.3433584,10.8716157],[122.3431063,10.8716025],[122.34294,10.8714998],[122.3427495,10.8714208],[122.3425645,10.8713971],[122.3423928,10.8713707],[122.3422506,10.8712514],[122.3420522,10.8710362],[122.3418456,10.8708518],[122.3416445,10.8705884],[122.3414272,10.8704014],[122.341218,10.8701538],[122.3410624,10.8699958],[122.3408613,10.8698957],[122.3406386,10.8697482],[122.3404241,10.8694426],[122.340239,10.8693214],[122.3398957,10.8690791],[122.3396811,10.8689184],[122.3395523,10.868763],[122.3394236,10.8686892],[122.3392171,10.8686972],[122.338855,10.8688736],[122.3385921,10.8690817],[122.3382139,10.8694005],[122.3380208,10.8696033],[122.3376614,10.8697903],[122.3372993,10.8698324],[122.336897,10.8699115],[122.3364624,10.8700063],[122.3361781,10.8702539],[122.3359796,10.870462],[122.3356012,10.8707104],[122.3354932,10.8707552]]}},{"type":"Feature","id":274635364,"properties":{"osmWayId":274635364,"name":null,"nameNormalized":null,"highway":"tertiary","routingClass":"trunk","surface":"unpaved","tracktype":null},"geometry":{"type":"LineString","coordinates":[[122.295537,10.8554188],[122.2953723,10.8557095],[122.2952999,10.8558424],[122.2952797,10.8559305]]}},{"type":"Feature","id":274635366,"properties":{"osmWayId":274635366,"name":null,"nameNormalized":null,"highway":"tertiary","routingClass":"trunk","surface":null,"tracktype":null},"geometry":{"type":"LineString","coordinates":[[122.3465461,10.8746597],[122.3466431,10.8746087],[122.3466815,10.8745533],[122.3466759,10.8744363]]}},{"type":"Feature","id":274635367,"properties":{"osmWayId":274635367,"name":null,"nameNormalized":null,"highway":"tertiary","routingClass":"trunk","surface":null,"tracktype":null},"geometry":{"type":"LineString","coordinates":[[122.291044,10.797347],[122.2910486,10.7972388],[122.2910151,10.7970333],[122.2909599,10.7969142],[122.2909064,10.7968575]]}},{"type":"Feature","id":274635376,"properties":{"osmWayId":274635376,"name":"Guimbal-Tubungan Road","nameNormalized":"guimbal tubungan","highway":"secondary","routingClass":"trunk","surface":null,"tracktype":null},"geometry":{"type":"LineString","coordinates":[[122.3219537,10.7477691],[122.3220496,10.7480511],[122.3221367,10.7482035],[122.3222643,10.7482962],[122.3224885,10.7483462],[122.3226701,10.7483488],[122.3231837,10.7482694],[122.3233778,10.7482566],[122.3236485,10.7482724],[122.3239852,10.7483502],[122.324201,10.7483621],[122.3243875,10.7483937],[122.3244761,10.7484447],[122.3245162,10.748561],[122.3244815,10.7487099],[122.324413,10.7489523],[122.3242399,10.7491723]]}},{"type":"Feature","id":274635394,"properties":{"osmWayId":274635394,"name":null,"nameNormalized":null,"highway":"tertiary","routingClass":"trunk","surface":null,"tracktype":null},"geometry":{"type":"LineString","coordinates":[[122.3209204,10.7906532],[122.3208077,10.7903146],[122.3207232,10.7899879],[122.320561,10.7897442],[122.3202994,10.7893898],[122.3202351,10.7891527],[122.3201689,10.7888093],[122.3201396,10.7886434],[122.3202029,10.7883847],[122.3202699,10.788245],[122.3202619,10.788112],[122.3200969,10.7878103],[122.3199129,10.7875655],[122.3198475,10.7873155],[122.3198378,10.7870306],[122.3198577,10.7868012],[122.3199235,10.7865566],[122.3200849,10.7863605],[122.3203256,10.7861274],[122.3205239,10.7858719],[122.3205953,10.7855865],[122.3206891,10.7852977],[122.3208229,10.7850224],[122.3209226,10.7847039],[122.321037,10.7843087],[122.3212463,10.7840978],[122.3216079,10.7837109],[122.3217472,10.7832085],[122.3219209,10.7826818],[122.3218774,10.7821054],[122.3217987,10.7815152],[122.3218908,10.7810956],[122.3218352,10.7806272],[122.3217703,10.7801119],[122.3218306,10.7798123],[122.3220212,10.7793981],[122.3221806,10.7790611],[122.3222266,10.7789639],[122.3224683,10.7784705],[122.3225197,10.7782877],[122.3225241,10.77798],[122.3225338,10.7775728],[122.3227136,10.7770472],[122.3228495,10.7765498],[122.3229897,10.7760908],[122.3231778,10.7757612],[122.3234154,10.7753963],[122.3235341,10.7751963],[122.3235934,10.775082],[122.3236983,10.7747971],[122.3236902,10.7746815],[122.323683,10.7745775],[122.323564,10.7744182],[122.3232859,10.7742901],[122.3229066,10.7742447],[122.3226098,10.7741635],[122.3222741,10.7739558],[122.3220227,10.7737587],[122.3217371,10.7734756],[122.3214946,10.7731282],[122.3214332,10.7729267],[122.3214294,10.7727214],[122.3212537,10.7724625],[122.3209073,10.7720324],[122.3206289,10.77156],[122.3205836,10.7712911],[122.3205186,10.7710511],[122.320553,10.770841],[122.3206631,10.7706707],[122.3209368,10.7704928],[122.3210042,10.7703627],[122.3210308,10.7701442],[122.3210348,10.7698713],[122.3210202,10.7692758],[122.3210481,10.768384],[122.3211211,10.7676772],[122.3211934,10.7673206],[122.3212348,10.7670697],[122.3211388,10.7668798],[122.3210464,10.7667746],[122.320734,10.7665796],[122.320477,10.7663672],[122.3203204,10.7661362],[122.3201338,10.7656982]]}},{"type":"Feature","id":274845995,"properties":{"osmWayId":274845995,"name":null,"nameNormalized":null,"highway":"tertiary","routingClass":"trunk","surface":null,"tracktype":null},"geometry":{"type":"LineString","coordinates":[[122.4158428,10.9068995],[122.4154925,10.907129],[122.4152513,10.9074797],[122.4150914,10.9079979],[122.4148415,10.9081756],[122.4144968,10.9082922],[122.4141102,10.9086537],[122.4135549,10.9092239],[122.4132615,10.9094499],[122.412823,10.9096497],[122.4125695,10.9100444],[122.4122396,10.9105403],[122.4119253,10.9108006],[122.4114074,10.9111422],[122.410982,10.9115664],[122.4103684,10.9122932],[122.4101266,10.9127287],[122.4100694,10.9128798],[122.409985,10.9133532],[122.409741,10.9139578],[122.4096246,10.9143186],[122.4095781,10.9151379],[122.409526,10.9156868],[122.4093301,10.9164047],[122.4090676,10.9169026],[122.4086246,10.9173318],[122.4084583,10.9176689],[122.4083832,10.9179586],[122.4083349,10.9182035],[122.408263,10.9187593],[122.4082612,10.9189401],[122.4081348,10.9191483],[122.4078736,10.9192491],[122.4075597,10.9192596],[122.4070756,10.9192336],[122.4065942,10.9192029],[122.4063085,10.9192665],[122.4058396,10.9194617],[122.4052141,10.9197763],[122.4045664,10.9201392],[122.4042767,10.9201972],[122.4038878,10.9202393],[122.4036679,10.9202314],[122.4035338,10.9201708],[122.4033433,10.9198953],[122.4032243,10.9197996],[122.4030069,10.9197736],[122.4027279,10.9198608],[122.40243,10.9198786],[122.4022868,10.9199615],[122.4021353,10.920169],[122.4019377,10.9202999],[122.4017051,10.9204903],[122.4015168,10.9207007],[122.4012778,10.9210775],[122.4010191,10.9213037],[122.4005014,10.9215104],[122.4000137,10.9217794],[122.3996774,10.9220141],[122.3995185,10.9220986],[122.3993555,10.922129],[122.3991135,10.9220512],[122.398864,10.9220407],[122.3986414,10.9220433],[122.3984724,10.9219854],[122.398164,10.9217773],[122.3975229,10.9215192],[122.3970696,10.9213402],[122.3968041,10.9211426],[122.3965412,10.9207792],[122.3963267,10.9205395],[122.3961791,10.9204763],[122.3960182,10.9205158],[122.3956749,10.9208029],[122.3952726,10.9212322],[122.3951331,10.9214402],[122.3950553,10.9216957],[122.3950039,10.9220364],[122.3949839,10.9221547],[122.3949078,10.9223357],[122.3947844,10.9224041],[122.3944974,10.9225358],[122.3940736,10.9228624],[122.3936981,10.9230441],[122.3933065,10.9233206],[122.3929068,10.9236156],[122.3923709,10.9242089],[122.3921156,10.9245347],[122.3920673,10.9247086],[122.3920807,10.9250931],[122.3920395,10.9253303],[122.3919171,10.9255302],[122.3916664,10.9256841],[122.3914531,10.9257778],[122.39126,10.9259016],[122.3909639,10.9262233],[122.3907691,10.9262787],[122.3905111,10.9262807],[122.3902839,10.9264209],[122.3898094,10.9268339],[122.3896801,10.9269971],[122.3895165,10.9271552],[122.3889399,10.9273474],[122.3884463,10.9275581],[122.3883149,10.9276634],[122.3882398,10.927774],[122.388221,10.9279057],[122.3881862,10.9281269],[122.3880896,10.9282402],[122.3878643,10.928385],[122.3877946,10.9285351],[122.3877677,10.9288643],[122.3876926,10.929054],[122.3876283,10.9292673],[122.3876658,10.9294964],[122.3877355,10.929902],[122.3878053,10.9301706],[122.3878254,10.9303865],[122.387761,10.9304985],[122.387652,10.9305567],[122.3874646,10.930642],[122.3873654,10.930771],[122.3872675,10.9308487],[122.3870489,10.9309264],[122.3869067,10.9309896],[122.3868144,10.9311277],[122.3866841,10.9315102],[122.3862586,10.9326581],[122.3861048,10.9328594],[122.3860464,10.9330133],[122.3860424,10.9332248],[122.3859625,10.9333955],[122.3855016,10.9337349],[122.3848652,10.9340023],[122.3844787,10.934109],[122.3840215,10.934184],[122.3838226,10.9342926],[122.3835982,10.9345985],[122.3834349,10.9348761],[122.3833625,10.9350399],[122.3833153,10.9353643],[122.383213,10.9357074],[122.3830714,10.9359838],[122.3827292,10.9363805],[122.3824489,10.9367306],[122.3822876,10.9370565],[122.3821394,10.9373216],[122.3818991,10.9375298],[122.381773,10.9375708],[122.3816379,10.9375422],[122.3815548,10.9374386],[122.3814126,10.936937],[122.3813251,10.9367175],[122.3811941,10.9365198],[122.3809446,10.9363454],[122.380738,10.936285],[122.3805265,10.936312],[122.3802388,10.9363542],[122.3800135,10.9363102],[122.3796892,10.9360881],[122.3792802,10.9358701],[122.3788559,10.9356884],[122.3785841,10.9356011],[122.3783933,10.935592],[122.37817,10.9356772],[122.3778868,10.9358703],[122.3775478,10.9360482],[122.3771876,10.9362852],[122.3769347,10.9363785],[122.3767385,10.9363983],[122.3764058,10.9363676],[122.3760734,10.9363542],[122.3758937,10.9364015],[122.3755606,10.9366432],[122.3752882,10.9369204],[122.3751085,10.9371713],[122.3749117,10.9372475],[122.3745361,10.9372262],[122.3743076,10.9372458],[122.3741716,10.937475],[122.3740485,10.9377638],[122.3740108,10.9379839],[122.3740513,10.9382625],[122.3741483,10.938476],[122.374732,10.939108],[122.3750629,10.9394199],[122.3752078,10.9395868],[122.3752758,10.9398311],[122.3751778,10.9401383],[122.3751252,10.9403111],[122.3751449,10.9404626],[122.3752878,10.9405586],[122.3757439,10.9406493],[122.3758732,10.940605],[122.3760054,10.9404622],[122.3760711,10.9403548],[122.376137,10.940147],[122.3762116,10.9400946],[122.3763217,10.9400921],[122.3766201,10.9401399],[122.3770339,10.9403048],[122.3771139,10.9403862],[122.3771456,10.940551],[122.3771473,10.9408907],[122.3772649,10.9413732],[122.3772843,10.9416813],[122.3772979,10.9420044],[122.3773742,10.9421649],[122.3774649,10.942306]]}},{"type":"Feature","id":274846018,"properties":{"osmWayId":274846018,"name":null,"nameNormalized":null,"highway":"tertiary","routingClass":"trunk","surface":null,"tracktype":null},"geometry":{"type":"LineString","coordinates":[[122.4158428,10.9068995],[122.4159627,10.9066412],[122.4160254,10.9064883],[122.4160611,10.9062598],[122.4160701,10.9062018],[122.4160737,10.9059294],[122.41602,10.905599],[122.4159932,10.9054743],[122.4159806,10.9054233],[122.4159287,10.9053513],[122.415918,10.9052704],[122.415875,10.9051738],[122.4158017,10.9050508],[122.4157229,10.9048891],[122.415637,10.9047502],[122.4155887,10.9046571],[122.4154938,10.9045359],[122.4153972,10.9044427],[122.4151753,10.9042986],[122.4150482,10.9042301],[122.4148782,10.9040649],[122.4147762,10.9039155],[122.4147655,10.9038484],[122.4147467,10.9037167],[122.4147293,10.9036035],[122.4146917,10.903481],[122.4146716,10.903348],[122.4146555,10.9031992],[122.4146596,10.9030227],[122.4145918,10.9028541],[122.4145811,10.9027486],[122.4145596,10.9026801],[122.4145077,10.9025729],[122.4144397,10.9025131],[122.4143449,10.9024762],[122.414046,10.9023796],[122.4138885,10.9023286],[122.4137274,10.902246],[122.4136165,10.9021529],[122.4135019,10.9020404],[122.4134196,10.9019051],[122.4133641,10.901833],[122.4132156,10.9016626],[122.4131028,10.9015677],[122.4130449,10.9014424],[122.4129698,10.9013437],[122.4128702,10.9012373],[122.4128433,10.9010475],[122.4128451,10.9009245],[122.4128541,10.9007645],[122.4129024,10.9006275],[122.4130098,10.9004342],[122.4133516,10.899856],[122.413637,10.8995312],[122.4138261,10.8993405],[122.4139274,10.8992207],[122.4140805,10.8990353],[122.4141953,10.8988586],[122.4143393,10.8985929],[122.4143927,10.8984075],[122.4143789,10.898233],[122.4143099,10.8980678],[122.4142071,10.8979404],[122.414017,10.8977385]]}},{"type":"Feature","id":275567084,"properties":{"osmWayId":275567084,"name":null,"nameNormalized":null,"highway":"tertiary","routingClass":"trunk","surface":null,"tracktype":null},"geometry":{"type":"LineString","coordinates":[[122.3438022,10.7547929],[122.3436466,10.7548735],[122.3429426,10.7550741],[122.3426147,10.7552593],[122.3422506,10.7556942],[122.3421863,10.7558945],[122.3421916,10.7562002],[122.3422818,10.7566269],[122.342315,10.7568194],[122.3424895,10.756985],[122.3426905,10.7572199],[122.3428059,10.7573596],[122.3428232,10.7574986],[122.3426986,10.7576257],[122.3422158,10.7577944],[122.3420146,10.7578418],[122.341572,10.7580421],[122.341285,10.7583082],[122.3409578,10.7587878],[122.3406681,10.759328],[122.3403512,10.7598896],[122.3400039,10.760495],[122.3396946,10.7608104],[122.3394764,10.7611859],[122.3392468,10.7614359],[122.338998,10.7615308],[122.338493,10.7616487],[122.3381402,10.7618471],[122.3377832,10.7621667],[122.3372094,10.7627628],[122.3370324,10.7631079],[122.3369077,10.7634373],[122.3369109,10.7639521],[122.33696,10.764079],[122.337239,10.7642481],[122.3375025,10.7644113],[122.3375568,10.7645072],[122.3375842,10.764648],[122.3375425,10.7647639],[122.3373612,10.7648939],[122.337114,10.7649899],[122.3369009,10.7650267]]}},{"type":"Feature","id":275567092,"properties":{"osmWayId":275567092,"name":null,"nameNormalized":null,"highway":"tertiary","routingClass":"trunk","surface":null,"tracktype":null},"geometry":{"type":"LineString","coordinates":[[122.352691,10.743731],[122.352736,10.7439237],[122.3526786,10.7440389],[122.3523467,10.744154],[122.3522094,10.7442575],[122.3521244,10.7444558],[122.3521464,10.7450787],[122.3522022,10.7452639],[122.3523506,10.7454663],[122.3525048,10.7455889],[122.3526993,10.7457274],[122.3527992,10.7458758],[122.3528517,10.7462013],[122.3527957,10.7463849],[122.3524635,10.7469452],[122.3523066,10.7471272],[122.3518987,10.7475007],[122.3515598,10.7478203],[122.3515207,10.7480007],[122.3515095,10.7481858],[122.3515654,10.7484171],[122.35168,10.7487722],[122.3517146,10.7490996],[122.3516471,10.7493108],[122.3514435,10.7494673],[122.3510928,10.7496383],[122.3507811,10.749784],[122.3503575,10.7498583],[122.3498776,10.7500085],[122.3494487,10.7501122],[122.3489907,10.7502759],[122.3486172,10.7504644],[122.3485485,10.7504991],[122.3483245,10.7508456],[122.3480134,10.7512053],[122.3477921,10.7513858],[122.3475225,10.7515545],[122.3472784,10.751594],[122.3470291,10.7516694],[122.3469244,10.7517596],[122.3467353,10.7521474],[122.3466092,10.7522923],[122.3463276,10.7525927],[122.3460782,10.7528852],[122.3457348,10.7531408],[122.3454908,10.7533622],[122.3452252,10.753623],[122.3449149,10.7539528],[122.344643,10.7542418],[122.3443934,10.7545008],[122.3442374,10.7546376],[122.344078,10.7546935],[122.3438022,10.7547929]]}},{"type":"Feature","id":278481888,"properties":{"osmWayId":278481888,"name":null,"nameNormalized":null,"highway":"tertiary","routingClass":"trunk","surface":null,"tracktype":null},"geometry":{"type":"LineString","coordinates":[[122.3223637,10.8215223],[122.3225216,10.8214937],[122.3230912,10.8214682],[122.3232631,10.8215252],[122.3234363,10.8215827],[122.3241698,10.821803],[122.3242863,10.82207],[122.3245021,10.8222311],[122.3246554,10.822232],[122.3248082,10.8221412],[122.3251101,10.822088],[122.3254318,10.8221069],[122.3255593,10.8220661],[122.3257966,10.8221293],[122.3260901,10.8225126],[122.326199,10.8226206],[122.3263451,10.8226746],[122.3267555,10.8227906],[122.3272397,10.8229104],[122.3275604,10.8232167],[122.3279826,10.8235361],[122.3284802,10.8237798],[122.3287952,10.8240042],[122.3289807,10.8242907],[122.3292553,10.824478],[122.3295611,10.8246466],[122.3301932,10.8250705],[122.3310994,10.8255673],[122.3313703,10.8256608],[122.3316213,10.8256892],[122.331832,10.8256223],[122.3319802,10.8254217],[122.3322124,10.8253587],[122.3327305,10.8254415],[122.3331392,10.8256463],[122.333537,10.8258036],[122.3341705,10.8257188],[122.3348893,10.8256635],[122.3353248,10.8257056],[122.3357262,10.8254975],[122.3359756,10.8253342],[122.3364048,10.825126],[122.3367773,10.824849],[122.3370901,10.8245899],[122.337222,10.8244062],[122.3373087,10.8242329],[122.337424,10.824121],[122.3375616,10.8240099],[122.3376705,10.8239008],[122.3377741,10.8236253],[122.3377539,10.823249],[122.3378947,10.8229104],[122.3379578,10.8227063],[122.3379417,10.8224955],[122.3377119,10.822065],[122.3376976,10.8219291],[122.3378474,10.8217056],[122.338061,10.8214904],[122.338335,10.8213157],[122.3386243,10.8211532],[122.3389126,10.8211071],[122.3394504,10.8211071],[122.3396838,10.8211005],[122.3399869,10.8209635],[122.3403637,10.8209056],[122.3407137,10.820816],[122.3408613,10.8207818],[122.3409444,10.820679],[122.3410436,10.8202812],[122.3411053,10.8195093],[122.341277,10.819317],[122.3414745,10.8192411],[122.3416524,10.8191475],[122.3419315,10.8188506],[122.3422238,10.8184713],[122.3423643,10.8182065],[122.3424038,10.8181117],[122.342532,10.8179245],[122.3426597,10.817889],[122.3428347,10.817915],[122.3429874,10.8179874],[122.3435342,10.8181923],[122.343819,10.8181965],[122.3439829,10.8180736],[122.3441872,10.817918],[122.3445252,10.8175281],[122.3446517,10.8171497],[122.3447263,10.8166613],[122.344847,10.8164954],[122.3451233,10.8163636],[122.3456731,10.8163742],[122.3458421,10.8162398],[122.3463625,10.8157735],[122.3469687,10.8154248],[122.3470806,10.8153515],[122.3472304,10.8152114],[122.3473441,10.8149671],[122.3474541,10.8144852],[122.3476392,10.8141585],[122.3476794,10.8138766],[122.3476177,10.8131784],[122.3476553,10.8125303],[122.3477438,10.8122063],[122.3479637,10.8116952],[122.3482055,10.8113017],[122.3485485,10.8108073],[122.3486564,10.8106525],[122.3486903,10.8104663],[122.3486946,10.8101696],[122.348755,10.8099577],[122.3491359,10.8095137],[122.3494416,10.8090474],[122.3495811,10.8085139],[122.3497313,10.8080568],[122.3500934,10.8076405],[122.3505611,10.8072929],[122.3508433,10.8068808],[122.3509982,10.8064621],[122.3512012,10.8059912],[122.3516286,10.8056983],[122.3518875,10.8053381],[122.3522338,10.8048425],[122.3522446,10.8046502],[122.3522311,10.8043999],[122.3521721,10.8039388],[122.3520997,10.8036068],[122.3520327,10.8031458],[122.3521104,10.8028718],[122.3523733,10.802553],[122.3528237,10.8024222],[122.3535964,10.8023633],[122.3541872,10.8020492],[122.3544519,10.8019367],[122.3545673,10.8018732],[122.3550543,10.8017663],[122.3556778,10.8016572],[122.3561849,10.8014474],[122.3565819,10.8013245],[122.3571341,10.8011889],[122.3572361,10.8011013],[122.3575948,10.8004719],[122.3576492,10.8002766],[122.3576304,10.7997681],[122.3577458,10.798622],[122.3580704,10.7973066],[122.3581709,10.796729],[122.3582192,10.7964681],[122.3582689,10.7961622],[122.3582956,10.79604],[122.3585263,10.7956738],[122.3585772,10.7952996],[122.3583573,10.794857],[122.3583627,10.794467],[122.3585612,10.7941799],[122.3589221,10.7940262],[122.3591298,10.7940455],[122.3597923,10.7941588],[122.3601501,10.7941448],[122.3605859,10.793971],[122.3612621,10.7938136],[122.3620856,10.7937715],[122.3625707,10.7935006],[122.3629881,10.7928625],[122.3634803,10.7923777],[122.3635018,10.7921748],[122.3634741,10.7919258],[122.3634294,10.7917401],[122.3635975,10.7912118],[122.3636654,10.7909865],[122.3636198,10.7906466],[122.3634379,10.7902879],[122.3634336,10.7897793],[122.3634616,10.7887996],[122.3636439,10.7884677],[122.3638317,10.7881594],[122.3639965,10.7879029],[122.3640677,10.7877457],[122.3641394,10.786922],[122.3643494,10.7866286],[122.3648876,10.7860706],[122.3650065,10.7857485],[122.3653042,10.7855351],[122.3656154,10.7854587],[122.366243,10.785543],[122.366538,10.7854666],[122.3669779,10.7849897],[122.3671925,10.7849107],[122.3676458,10.7847104],[122.3683324,10.784389],[122.3688582,10.7842177],[122.3695907,10.7840658],[122.3702797,10.784107],[122.370911,10.7843879],[122.3712605,10.7849983],[122.3715625,10.7852907],[122.3718944,10.7857643],[122.3722029,10.7858961],[122.3726803,10.7859198],[122.3735429,10.7860579],[122.3736939,10.7859901],[122.3736966,10.7857497],[122.3736637,10.785579],[122.3736465,10.7851848],[122.3737417,10.7850564],[122.3739442,10.7849993]]}},{"type":"Feature","id":301841062,"properties":{"osmWayId":301841062,"name":null,"nameNormalized":null,"highway":"tertiary","routingClass":"trunk","surface":null,"tracktype":null},"geometry":{"type":"LineString","coordinates":[[122.4113224,10.7681793],[122.411107,10.7684175],[122.410848,10.7686108],[122.4107113,10.7689194],[122.4106041,10.7692989],[122.4104964,10.7695839],[122.4102237,10.7700129],[122.409947,10.7702914],[122.4099057,10.7704184],[122.4099369,10.7705392],[122.4101266,10.7707257],[122.4102285,10.7708772],[122.410246,10.7710221],[122.4102071,10.7711275],[122.4100757,10.7712356],[122.4098598,10.7713752],[122.4097994,10.771557],[122.4096814,10.771839],[122.4095406,10.7721249],[122.4092898,10.7724858],[122.4092133,10.7726703],[122.4091423,10.7728574],[122.4091516,10.7731472],[122.4091841,10.7736536],[122.40922,10.7740734],[122.4092039,10.7745846],[122.4091852,10.7749139],[122.4092254,10.7751669],[122.4093917,10.775383],[122.4095312,10.7755437],[122.4096277,10.7758072],[122.4097538,10.7760628],[122.4098521,10.77629],[122.4099416,10.7765318],[122.4099228,10.7767716],[122.4098048,10.7772063],[122.4096637,10.7777948],[122.4096936,10.7780994],[122.4099132,10.7783542],[122.410014,10.7785462],[122.4100542,10.7788887],[122.4101119,10.7792286],[122.4102755,10.7798445],[122.410266,10.7800162],[122.4102233,10.7802387],[122.4101056,10.7804303],[122.4098377,10.7805586],[122.4093627,10.7806618],[122.409166,10.7806906],[122.4085818,10.7809778],[122.4083903,10.7809231],[122.4075682,10.7807952],[122.4071294,10.7808988],[122.4067546,10.7810736],[122.4063032,10.7814538],[122.4057406,10.7819412],[122.4054061,10.7820828],[122.4050717,10.7822012],[122.404609,10.782214],[122.4042277,10.782338],[122.4041114,10.7824026],[122.4039732,10.7824787],[122.4036183,10.7825767],[122.4034092,10.7825259],[122.4031169,10.7823883],[122.402843,10.7823885],[122.402707,10.7824592],[122.4026118,10.7827094],[122.4026208,10.7829763],[122.4024953,10.7832086],[122.4022892,10.7833994],[122.4019123,10.7834575],[122.4014972,10.783642],[122.4010162,10.7838939],[122.4006622,10.7841406],[122.4003441,10.7844962],[122.3999746,10.7847929],[122.3998671,10.7849439],[122.3998716,10.7850186],[122.4000222,10.7850465],[122.4003225,10.7849806],[122.4004507,10.7850515],[122.4005498,10.7852275],[122.4005136,10.785427],[122.4003271,10.785538],[122.4001645,10.7857086],[122.3999579,10.7859956],[122.3995569,10.7862996],[122.3995223,10.7864247],[122.3995622,10.7865871],[122.3997194,10.7867018],[122.3999914,10.7868277],[122.4001593,10.7870366],[122.4002611,10.7873196],[122.4001968,10.7874434],[122.3999016,10.7874871],[122.3996948,10.7875139],[122.3994659,10.7876638],[122.3991486,10.7879667],[122.3988131,10.7882485],[122.3983785,10.7883613],[122.3981799,10.7884429],[122.3980206,10.7886285],[122.3975578,10.7895005],[122.3974874,10.7897396],[122.3971202,10.7902039],[122.3967857,10.7906974],[122.396644,10.7908768],[122.3964092,10.7909946],[122.3957765,10.7910655],[122.3953698,10.7911547],[122.3949079,10.7914012],[122.3946738,10.7915223],[122.3945875,10.7917342],[122.3945505,10.7921881],[122.3943472,10.7929153],[122.3942671,10.7933988],[122.3941315,10.7936712],[122.3939984,10.793932],[122.3940797,10.7942275],[122.3942179,10.7944711],[122.3943439,10.7949264],[122.3942681,10.7952851],[122.3940939,10.7955368]]}},{"type":"Feature","id":302137211,"properties":{"osmWayId":302137211,"name":null,"nameNormalized":null,"highway":"tertiary","routingClass":"trunk","surface":null,"tracktype":null},"geometry":{"type":"LineString","coordinates":[[122.3299935,10.7584345],[122.3300049,10.7583222],[122.3300769,10.7580824],[122.3303636,10.7578381],[122.3306311,10.7575126],[122.3308713,10.757121],[122.3309789,10.7568336],[122.3309693,10.7564826],[122.3309199,10.7562203],[122.3310447,10.7558835],[122.3312509,10.7554563],[122.3312911,10.7552063],[122.3312785,10.7550301]]}},{"type":"Feature","id":302137245,"properties":{"osmWayId":302137245,"name":null,"nameNormalized":null,"highway":"tertiary","routingClass":"trunk","surface":null,"tracktype":null},"geometry":{"type":"LineString","coordinates":[[122.3282441,10.7644821],[122.3284072,10.7643621],[122.3283476,10.7641489],[122.3278772,10.7638275],[122.3275222,10.7633083],[122.3272378,10.762771],[122.3272623,10.7624511],[122.327448,10.7621546],[122.3276499,10.7619538],[122.3278977,10.7617833],[122.3280695,10.7614721],[122.3284829,10.7611937],[122.3287287,10.760838],[122.32905,10.7602395],[122.3293929,10.7597682],[122.3295641,10.7593556],[122.3298133,10.7590434],[122.3298592,10.7587677],[122.329859,10.7586017],[122.3299457,10.7584733],[122.3299935,10.7584345]]}},{"type":"Feature","id":302137248,"properties":{"osmWayId":302137248,"name":"Guimbal-Tubungan Road","nameNormalized":"guimbal tubungan","highway":"secondary","routingClass":"trunk","surface":"concrete","tracktype":null},"geometry":{"type":"LineString","coordinates":[[122.3191513,10.7335623],[122.3191954,10.7335802],[122.3195903,10.7337709],[122.3198115,10.7338998],[122.3199653,10.7340679],[122.3200869,10.7343446],[122.3201627,10.7346727],[122.3202626,10.7351365],[122.3203155,10.7354495],[122.3203357,10.7356379],[122.3203491,10.7357466],[122.3203384,10.7359579],[122.3203073,10.7361899],[122.3202461,10.7363982],[122.3201389,10.7367566],[122.3200683,10.7370167],[122.3200101,10.737231],[122.319935,10.7375156],[122.3198921,10.7379161],[122.3198492,10.7384537],[122.3198384,10.7390967],[122.319935,10.7394762],[122.3201389,10.7399611],[122.3202973,10.7403413],[122.3204097,10.7406172],[122.3206798,10.7411932],[122.320804,10.7413946],[122.321598,10.7429757],[122.3218018,10.7434501],[122.3219907,10.7439299],[122.3221344,10.744325],[122.322349,10.744852],[122.3225958,10.74532],[122.3227482,10.7457023],[122.3227743,10.7459794],[122.3227774,10.7461403],[122.3225771,10.7466234],[122.3225089,10.7467252],[122.3224216,10.7468068],[122.3222959,10.7468648],[122.3219082,10.7470277],[122.3218431,10.7470919],[122.3218062,10.7471757],[122.3218111,10.7473291]]}},{"type":"Feature","id":477582289,"properties":{"osmWayId":477582289,"name":"Tubungan - San Remigio Road","nameNormalized":"tubungan san remigio","highway":"tertiary","routingClass":"trunk","surface":null,"tracktype":null},"geometry":{"type":"LineString","coordinates":[[122.3105441,10.7795479],[122.3103194,10.7806024],[122.3102819,10.7807297],[122.3102259,10.7808509],[122.3100909,10.7810201],[122.3093108,10.7818355],[122.3084119,10.7827738],[122.308259,10.7829372],[122.3081531,10.7829925],[122.3080659,10.7830109],[122.3079559,10.7830439],[122.3077722,10.7830979],[122.3071995,10.7832863],[122.306749,10.7834404],[122.306565,10.7835034]]}},{"type":"Feature","id":477776388,"properties":{"osmWayId":477776388,"name":null,"nameNormalized":null,"highway":"tertiary","routingClass":"trunk","surface":null,"tracktype":null},"geometry":{"type":"LineString","coordinates":[[122.2977355,10.7879025],[122.2977275,10.7880611]]}},{"type":"Feature","id":480198779,"properties":{"osmWayId":480198779,"name":"Tubungan - San Remigio Road","nameNormalized":"tubungan san remigio","highway":"tertiary","routingClass":"trunk","surface":null,"tracktype":null},"geometry":{"type":"LineString","coordinates":[[122.2841332,10.7979719],[122.2842611,10.7979968]]}},{"type":"Feature","id":480322145,"properties":{"osmWayId":480322145,"name":null,"nameNormalized":null,"highway":"tertiary","routingClass":"trunk","surface":"unpaved","tracktype":null},"geometry":{"type":"LineString","coordinates":[[122.3275494,10.8908835],[122.327609,10.8908597],[122.3276532,10.8908321],[122.3277365,10.8907883],[122.327801,10.8907481]]}},{"type":"Feature","id":480322828,"properties":{"osmWayId":480322828,"name":null,"nameNormalized":null,"highway":"tertiary","routingClass":"trunk","surface":"unpaved","tracktype":null},"geometry":{"type":"LineString","coordinates":[[122.3266375,10.8973982],[122.3268194,10.8972276],[122.3269379,10.8970545],[122.3270251,10.8968596],[122.3271351,10.896662],[122.3272263,10.8965646],[122.3272423,10.8964461],[122.3271954,10.8963618],[122.327072,10.8962907],[122.3268695,10.8962103],[122.3265678,10.8962077],[122.3262942,10.8962248],[122.3259388,10.8962195],[122.3258161,10.8962195],[122.3256283,10.89624],[122.3254734,10.8961866],[122.3253574,10.8960951],[122.3253436,10.8959381],[122.3254064,10.895702],[122.3254694,10.8955137],[122.325519,10.8953241],[122.3254866,10.8952386],[122.3253922,10.8952046],[122.3253373,10.8951252],[122.3252998,10.8950363],[122.3252704,10.8947205],[122.3252135,10.8944131],[122.3252013,10.8941536],[122.3252338,10.8939939],[122.3253273,10.8938582],[122.3254534,10.8936945],[122.3254696,10.8935788],[122.325433,10.893479],[122.325307,10.8933991],[122.3252176,10.8933552],[122.3251647,10.8932913],[122.3251525,10.8931795],[122.3251525,10.8931157],[122.3250793,10.8929799],[122.324994,10.8928362],[122.3249614,10.8926845],[122.3249899,10.8924809],[122.3249614,10.8923412],[122.3249464,10.8922134],[122.3248528,10.8921145]]}},{"type":"Feature","id":483362938,"properties":{"osmWayId":483362938,"name":"Guimbal-Igbaras-Tubungan-Leon Road","nameNormalized":"guimbal igbaras tubungan leon","highway":"secondary","routingClass":"trunk","surface":null,"tracktype":null},"geometry":{"type":"LineString","coordinates":[[122.3556884,10.767628],[122.3558625,10.7675692]]}},{"type":"Feature","id":483362939,"properties":{"osmWayId":483362939,"name":"Guimbal-Igbaras-Tubungan-Leon Road","nameNormalized":"guimbal igbaras tubungan leon","highway":"secondary","routingClass":"trunk","surface":null,"tracktype":null},"geometry":{"type":"LineString","coordinates":[[122.356772,10.7672275],[122.356932,10.7671644]]}},{"type":"Feature","id":483377435,"properties":{"osmWayId":483377435,"name":"Guimbal-Tubungan Road","nameNormalized":"guimbal tubungan","highway":"secondary","routingClass":"trunk","surface":null,"tracktype":null},"geometry":{"type":"LineString","coordinates":[[122.3190154,10.7620011],[122.3190844,10.7619155]]}},{"type":"Feature","id":483856727,"properties":{"osmWayId":483856727,"name":"Equidad Street","nameNormalized":"equidad street","highway":"secondary","routingClass":"trunk","surface":"asphalt","tracktype":null},"geometry":{"type":"LineString","coordinates":[[122.3190154,10.7620011],[122.3189227,10.7621237],[122.3188729,10.7622332],[122.318787,10.7625599],[122.3187748,10.762992],[122.3188198,10.7632576],[122.318948,10.7636034],[122.3192215,10.7643518],[122.3193487,10.7647367],[122.319479,10.7651008],[122.3195726,10.7654373],[122.3196327,10.7657024]]}},{"type":"Feature","id":483856730,"properties":{"osmWayId":483856730,"name":"San Antonio Street","nameNormalized":"san antonio street","highway":"tertiary","routingClass":"trunk","surface":null,"tracktype":null},"geometry":{"type":"LineString","coordinates":[[122.3176471,10.7708226],[122.3171031,10.7717819],[122.3170295,10.7719211],[122.3168001,10.7721819],[122.3165619,10.7724487],[122.3163359,10.7727136],[122.3159356,10.7731827],[122.3153785,10.7738356]]}},{"type":"Feature","id":483856732,"properties":{"osmWayId":483856732,"name":"San Antonio Street","nameNormalized":"san antonio street","highway":"tertiary","routingClass":"trunk","surface":null,"tracktype":null},"geometry":{"type":"LineString","coordinates":[[122.3196327,10.7657024],[122.319584,10.7659413],[122.3192527,10.766498],[122.3191855,10.7666322],[122.3191576,10.7666878],[122.3190375,10.7669313],[122.318949,10.7672212],[122.3188913,10.7673964],[122.3188364,10.7676125],[122.3187907,10.767768],[122.3187035,10.7680644],[122.3185989,10.768424],[122.3184782,10.7687785],[122.3183396,10.7692123]]}},{"type":"Feature","id":483930625,"properties":{"osmWayId":483930625,"name":"Tubungan - San Remigio Road","nameNormalized":"tubungan san remigio","highway":"tertiary","routingClass":"trunk","surface":null,"tracktype":null},"geometry":{"type":"LineString","coordinates":[[122.2784627,10.8097132],[122.2784168,10.8098312],[122.2783644,10.8099129],[122.2782947,10.8100209],[122.2782142,10.8101025],[122.2781888,10.8102119],[122.2781847,10.8102725],[122.2781874,10.8103449],[122.2782163,10.810388],[122.2782584,10.8104636],[122.2782689,10.8105619],[122.278216,10.8106529],[122.2781401,10.8107033],[122.2776175,10.8108376],[122.2772942,10.810943],[122.2768802,10.8111122],[122.2767059,10.8111938],[122.2762442,10.8114567],[122.2761817,10.8116385],[122.2762643,10.8118243],[122.2765204,10.8122326],[122.2765124,10.8126686],[122.2765473,10.812992],[122.276562,10.8130717],[122.2765553,10.8131501],[122.2765137,10.8132311],[122.2763595,10.8133826],[122.2763126,10.81343],[122.276281,10.8134821],[122.2762609,10.8136454],[122.2762401,10.813758],[122.2762328,10.8137821],[122.27622,10.8138081],[122.2761919,10.8138397],[122.2761329,10.8138621],[122.2760591,10.813874],[122.2759793,10.8138661],[122.2759149,10.8138338],[122.2756628,10.8136354],[122.2755871,10.8135606],[122.2755028,10.81349],[122.2754141,10.8134321],[122.2753322,10.8133971],[122.2752517,10.8133816],[122.2751909,10.8133974],[122.2750953,10.8134418],[122.2749888,10.8134627],[122.2748824,10.8134667],[122.2746843,10.813411],[122.2745841,10.8133786],[122.2745047,10.8133866],[122.2743988,10.8134287],[122.2743224,10.8134696],[122.2741038,10.8136342],[122.273857,10.8138885],[122.2737873,10.8140334],[122.2736759,10.8141664],[122.2735029,10.8143811],[122.2733876,10.8144733],[122.2731931,10.8146143],[122.2730443,10.8146867],[122.2729652,10.8147328],[122.2728431,10.8148685],[122.2727694,10.8151425],[122.2727358,10.8152433],[122.2726909,10.8153151],[122.2726071,10.815379],[122.2725746,10.8153993],[122.2725421,10.8154221],[122.2725283,10.8154393],[122.2725099,10.8154587],[122.2724958,10.8154906],[122.2724975,10.8155136],[122.2725011,10.8155561],[122.2725434,10.8156273],[122.2726345,10.8156901],[122.2727846,10.8157618],[122.2731261,10.8159184],[122.2733863,10.815975],[122.2735532,10.8160813],[122.2738683,10.8164311],[122.2740253,10.8166613],[122.2740702,10.8167726],[122.2740954,10.8168842],[122.2741266,10.8170829],[122.2741533,10.8172715],[122.2741806,10.8174039],[122.2742167,10.8175136],[122.274258,10.8175966],[122.2742884,10.8176875],[122.2743029,10.81781],[122.2742756,10.8179387],[122.274203,10.8180936],[122.2740934,10.8182518],[122.2740173,10.8183567],[122.2738825,10.8184891],[122.2737464,10.8185865],[122.2735888,10.8186952],[122.2733313,10.8188632],[122.2730934,10.8189884],[122.2730027,10.8190653],[122.2729688,10.8191128],[122.2729346,10.8191723],[122.2728924,10.8192617],[122.2728562,10.8193522],[122.2728183,10.8194276],[122.2727659,10.8195298],[122.2726959,10.8196393],[122.272589,10.8197806],[122.2725185,10.8198721],[122.2723754,10.8200161],[122.2722047,10.8201838],[122.2720659,10.8203105],[122.271907,10.8204198],[122.2716995,10.8205536],[122.2715078,10.8207052],[122.2713496,10.8208869],[122.2712332,10.8210132],[122.2711659,10.8210934]]}},{"type":"Feature","id":485989063,"properties":{"osmWayId":485989063,"name":"Aleosan-Alimodian Road","nameNormalized":"aleosan alimodian","highway":"secondary","routingClass":"trunk","surface":null,"tracktype":null},"geometry":{"type":"LineString","coordinates":[[122.431685,10.7871512],[122.4317254,10.7870742],[122.4318014,10.7869084],[122.4318439,10.78682],[122.4319383,10.7865627],[122.4321848,10.7859568],[122.4324192,10.7853593],[122.4326542,10.7848183],[122.4327746,10.7845799],[122.4338262,10.7828437],[122.4348526,10.781149],[122.4353307,10.7803398],[122.436232,10.7788638],[122.4364691,10.7784709],[122.4375651,10.7766176]]}},{"type":"Feature","id":487189653,"properties":{"osmWayId":487189653,"name":"Tubungan - San Remigio Road","nameNormalized":"tubungan san remigio","highway":"tertiary","routingClass":"trunk","surface":null,"tracktype":null},"geometry":{"type":"LineString","coordinates":[[122.2710403,10.8212678],[122.2711659,10.8210934]]}},{"type":"Feature","id":488984060,"properties":{"osmWayId":488984060,"name":"Tubungan - San Remigio Road","nameNormalized":"tubungan san remigio","highway":"tertiary","routingClass":"trunk","surface":null,"tracktype":null},"geometry":{"type":"LineString","coordinates":[[122.3050405,10.7851319],[122.30482,10.7854748],[122.3046317,10.7856985],[122.3046237,10.7857062],[122.304462,10.7858809],[122.3041017,10.7861102],[122.3039437,10.7861908],[122.3038674,10.7862468],[122.3038017,10.7863133],[122.3037247,10.7864185],[122.3036968,10.7864798],[122.3036725,10.786541],[122.3036282,10.786687],[122.3035487,10.7868227],[122.3034843,10.7869255],[122.3033748,10.7870697],[122.3033663,10.7870809],[122.3033513,10.7870978],[122.3031734,10.7872982],[122.3031114,10.7873569],[122.3030495,10.7874016],[122.3027735,10.7875634],[122.302171,10.7879441],[122.3021363,10.7879671],[122.3020016,10.7880292],[122.3012455,10.7883933],[122.301153,10.7884078],[122.3010935,10.7883991],[122.3010332,10.7883955],[122.3009689,10.788384],[122.3008561,10.7883514],[122.3008474,10.7883489],[122.3007151,10.7882981],[122.3004559,10.7881805],[122.3002432,10.788068],[122.2999868,10.7879156],[122.2999022,10.787884],[122.2998169,10.7878694],[122.2997326,10.7878415],[122.2995949,10.7877479],[122.2991523,10.7873843],[122.299059,10.7873176],[122.2990014,10.7872991],[122.2988981,10.7872794],[122.2987385,10.787278],[122.298591,10.7872991],[122.2984488,10.7873255],[122.2982369,10.7873558],[122.2980425,10.7873953],[122.2978818,10.7874844],[122.2978515,10.787515],[122.2978175,10.787572],[122.2978062,10.787617],[122.2977806,10.7876815],[122.2977481,10.7877779],[122.2977355,10.7879025]]}},{"type":"Feature","id":492570268,"properties":{"osmWayId":492570268,"name":"Guimbal-Igbaras-Tubungan-Leon Road","nameNormalized":"guimbal igbaras tubungan leon","highway":"secondary","routingClass":"trunk","surface":null,"tracktype":null},"geometry":{"type":"LineString","coordinates":[[122.3799114,10.7777461],[122.3790959,10.7776317],[122.3789545,10.7776748],[122.3789268,10.7776896],[122.3788868,10.7777109],[122.378824,10.777748],[122.3786975,10.777824],[122.3785739,10.777903],[122.3783599,10.777947],[122.3780043,10.7779199],[122.3773878,10.7778283],[122.3771171,10.7777516]]}},{"type":"Feature","id":492570269,"properties":{"osmWayId":492570269,"name":"Guimbal-Igbaras-Tubungan-Leon Road","nameNormalized":"guimbal igbaras tubungan leon","highway":"secondary","routingClass":"trunk","surface":null,"tracktype":null},"geometry":{"type":"LineString","coordinates":[[122.3771171,10.7777516],[122.3767728,10.7775717],[122.37644,10.7773131],[122.3753786,10.7763302],[122.3752177,10.7762604],[122.3750746,10.7762626],[122.3746852,10.7763615],[122.3743996,10.7764264],[122.3741877,10.7764422],[122.3740053,10.7763895],[122.3732937,10.7759612],[122.3732551,10.7759309],[122.3721358,10.7749904],[122.3708323,10.7738468],[122.3689467,10.7725056],[122.368598,10.7721921],[122.3684481,10.7719043]]}},{"type":"Feature","id":492570420,"properties":{"osmWayId":492570420,"name":"Guimbal-Igbaras-Tubungan-Leon Road","nameNormalized":"guimbal igbaras tubungan leon","highway":"secondary","routingClass":"trunk","surface":null,"tracktype":null},"geometry":{"type":"LineString","coordinates":[[122.3631974,10.7669287],[122.3630604,10.7668401],[122.3629158,10.7667511],[122.3626851,10.7667469],[122.3623927,10.7668035],[122.3619528,10.766797],[122.361356,10.7666454],[122.3609644,10.7666665],[122.3606247,10.7669715],[122.3602268,10.7672989],[122.3597762,10.7675137],[122.3591275,10.7675903],[122.3586255,10.7675519],[122.3582473,10.7673826],[122.3576479,10.7670657],[122.357436,10.7670275],[122.3572415,10.767067],[122.356932,10.7671644]]}},{"type":"Feature","id":492570525,"properties":{"osmWayId":492570525,"name":"Guimbal-Igbaras-Tubungan-Leon Road","nameNormalized":"guimbal igbaras tubungan leon","highway":"secondary","routingClass":"trunk","surface":"concrete","tracktype":null},"geometry":{"type":"LineString","coordinates":[[122.353815,10.7682278],[122.353582,10.7683141],[122.3534167,10.7683753],[122.3530452,10.7685255],[122.3528333,10.7686138],[122.3525517,10.7687758],[122.3522124,10.7690024],[122.3519106,10.7691961],[122.351686,10.7693094],[122.3515479,10.7693535],[122.3514064,10.7693773],[122.351279,10.7693733],[122.3511301,10.7693575],[122.3509826,10.769312],[122.350603,10.7691118],[122.3504689,10.7690301],[122.3504262,10.7690105],[122.3503915,10.7689998],[122.3503533,10.7689945],[122.3503171,10.7689996],[122.3502718,10.7690123],[122.3502047,10.7690387],[122.3501444,10.7690723],[122.3499338,10.7692277],[122.3496361,10.7695103],[122.3494725,10.769653],[122.3493089,10.7697956],[122.3490024,10.7699945],[122.3487027,10.7701691],[122.3485941,10.7702392],[122.3485233,10.7702992],[122.3484881,10.7703529],[122.3484744,10.7704141],[122.3484707,10.7704843],[122.3484821,10.7705498],[122.3484942,10.7706164],[122.3484982,10.7707369],[122.3484881,10.7708271],[122.34847,10.7709049],[122.3484331,10.7709839],[122.3483654,10.7710847],[122.3482722,10.7711927],[122.3482011,10.7712626],[122.3481153,10.7713252],[122.3480073,10.7713739],[122.3478819,10.7714233]]}},{"type":"Feature","id":492570526,"properties":{"osmWayId":492570526,"name":"Guimbal-Igbaras-Tubungan-Leon Road","nameNormalized":"guimbal igbaras tubungan leon","highway":"secondary","routingClass":"trunk","surface":"concrete","tracktype":null},"geometry":{"type":"LineString","coordinates":[[122.3478819,10.7714233],[122.347713,10.7714938],[122.3472261,10.771723],[122.3466136,10.7720481],[122.3459363,10.7724198],[122.3451857,10.7727974],[122.3445252,10.7731275],[122.3439364,10.7734041]]}},{"type":"Feature","id":492570685,"properties":{"osmWayId":492570685,"name":"Guimbal-Igbaras-Tubungan-Leon Road","nameNormalized":"guimbal igbaras tubungan leon","highway":"secondary","routingClass":"trunk","surface":"concrete","tracktype":null},"geometry":{"type":"LineString","coordinates":[[122.3416136,10.7742341],[122.3414259,10.7739838],[122.3412112,10.7737831],[122.3408595,10.7735527],[122.3399989,10.773138],[122.3397548,10.7730128],[122.3395255,10.7729167],[122.339327,10.7728705],[122.3391151,10.7728284],[122.3389317,10.7727477],[122.3388722,10.7726926],[122.3387924,10.7726305],[122.3386477,10.7725064],[122.3385717,10.7724656],[122.3384921,10.772475],[122.3383202,10.7725238],[122.338006,10.7726808],[122.3378667,10.7727341],[122.3377008,10.7727991],[122.3374656,10.7728258],[122.3371265,10.7727657]]}},{"type":"Feature","id":492570686,"properties":{"osmWayId":492570686,"name":"Guimbal-Igbaras-Tubungan-Leon Road","nameNormalized":"guimbal igbaras tubungan leon","highway":"secondary","routingClass":"trunk","surface":"concrete","tracktype":null},"geometry":{"type":"LineString","coordinates":[[122.3439364,10.7734041],[122.3435993,10.7735467],[122.3431673,10.7737631],[122.3428108,10.7739624],[122.3426778,10.774026],[122.3421018,10.7743843],[122.3419033,10.7744159],[122.3417733,10.7743764],[122.3416136,10.7742341]]}},{"type":"Feature","id":492570764,"properties":{"osmWayId":492570764,"name":"Guimbal-Igbaras-Tubungan-Leon Road","nameNormalized":"guimbal igbaras tubungan leon","highway":"secondary","routingClass":"trunk","surface":"concrete","tracktype":null},"geometry":{"type":"LineString","coordinates":[[122.3310082,10.7745338],[122.3309451,10.7746103],[122.3308855,10.7747249],[122.3308412,10.7748448],[122.3307842,10.7749871],[122.3306984,10.7751893],[122.3306548,10.7752835],[122.3306246,10.7753461],[122.3305797,10.7753984],[122.3305187,10.7754455],[122.3304503,10.7754771],[122.3303789,10.7754883],[122.3302934,10.7754821],[122.3301914,10.7754416],[122.3300533,10.775348],[122.3299722,10.7752624],[122.3299393,10.7751834],[122.3299313,10.7750971],[122.3299447,10.7750141],[122.3299956,10.7748896],[122.3301606,10.7745925],[122.3302692,10.7743883],[122.3303319,10.7742835],[122.3303983,10.7742177],[122.3304747,10.7741752],[122.3305381,10.7741511],[122.3306693,10.7741222],[122.3307785,10.7740984],[122.3308305,10.7740773],[122.3308784,10.7740421],[122.3309126,10.7740013],[122.3309361,10.7739505],[122.3309471,10.7738909],[122.3309384,10.7738438],[122.3309126,10.7737918],[122.3308717,10.7737595],[122.3308134,10.7737374],[122.3307386,10.7737318],[122.3305012,10.7737282],[122.3301777,10.7737434],[122.3301083,10.7737427],[122.3300349,10.7737411],[122.3299836,10.7737318],[122.329936,10.7737101],[122.3298924,10.7736653],[122.3298766,10.7736255],[122.3298726,10.7735754],[122.3298806,10.7735342],[122.3299192,10.7734782],[122.3299571,10.773444],[122.3301284,10.7733159],[122.3303155,10.7731841],[122.3303748,10.7731245],[122.3304047,10.7730771],[122.3304174,10.7730319],[122.3304191,10.7729661],[122.3304053,10.7729068],[122.3303638,10.7728238],[122.3302665,10.7726848],[122.3300952,10.7725211]]}},{"type":"Feature","id":492570765,"properties":{"osmWayId":492570765,"name":"Guimbal-Igbaras-Tubungan-Leon Road","nameNormalized":"guimbal igbaras tubungan leon","highway":"secondary","routingClass":"trunk","surface":"concrete","tracktype":null},"geometry":{"type":"LineString","coordinates":[[122.3325545,10.7698245],[122.3326765,10.7694767],[122.3327456,10.7693002],[122.332782,10.7692107],[122.3327932,10.7691833],[122.3328173,10.7691072],[122.332824,10.7690433],[122.332828,10.7689563],[122.3328227,10.7688266],[122.3328039,10.7686467],[122.332651,10.7674017],[122.3326001,10.7668655],[122.3325404,10.7665954],[122.33247,10.7663925],[122.3323989,10.7662291],[122.3322742,10.7660552],[122.3321173,10.7659248],[122.3319013,10.7657746],[122.3317485,10.7656955],[122.3315983,10.7656336],[122.3314239,10.7656073],[122.331212,10.7655994],[122.3307386,10.7655875],[122.3302055,10.7655849],[122.3300754,10.7655908],[122.3299044,10.7656132],[122.3297348,10.7656343],[122.3296483,10.765627],[122.3295645,10.7656053],[122.3294806,10.7655631],[122.3294143,10.7654979],[122.3292962,10.7652924],[122.3292426,10.7651876],[122.3291983,10.7651389],[122.3291232,10.7650895],[122.3290535,10.7650651],[122.3289207,10.7650559],[122.3287638,10.7650262],[122.3286854,10.7649933],[122.328615,10.7649373],[122.3285566,10.7648596],[122.3284453,10.7646251],[122.3283964,10.764548],[122.3283266,10.7645045],[122.3282441,10.7644821],[122.3281771,10.7644926],[122.3281121,10.7645118],[122.3280296,10.7645612],[122.3277137,10.7648273],[122.3275758,10.764964],[122.3275431,10.7650229],[122.32753,10.7650826],[122.327529,10.7651382],[122.3275505,10.7651975],[122.3275847,10.7652509],[122.3276802,10.7653477],[122.3277506,10.7654189],[122.3277935,10.7654788],[122.3278066,10.7655361],[122.327809,10.7655717],[122.3278033,10.7656132],[122.3277875,10.765656],[122.327759,10.7656988],[122.3276943,10.7657601],[122.3276246,10.7658194],[122.3275468,10.7658945],[122.3274851,10.7659715],[122.3274408,10.7660651],[122.3273724,10.766291],[122.3273322,10.7665229],[122.3273201,10.7666263],[122.3273161,10.7667831],[122.3273309,10.7669919],[122.3273295,10.7671046],[122.3273181,10.7671777],[122.3272973,10.7672442],[122.3272477,10.7673147],[122.3271706,10.7673832],[122.3270553,10.767457],[122.3269621,10.7674933],[122.3267904,10.7675262],[122.3265805,10.7675637],[122.3264263,10.7676039],[122.3263022,10.7676546],[122.3261889,10.7677225],[122.3260112,10.7678668],[122.3255599,10.7682047],[122.3254627,10.7682811],[122.3254023,10.7683529],[122.3253588,10.7684267],[122.3253098,10.768538],[122.3252692,10.7685967],[122.3252163,10.7686428],[122.3251432,10.7686902],[122.3250386,10.7687771],[122.3249839,10.7688354],[122.3249269,10.7689379],[122.3249001,10.7690518],[122.3249008,10.7692192],[122.3249256,10.7693246],[122.3249745,10.7694326],[122.325051,10.7695242],[122.3250946,10.7695881],[122.325114,10.7696401],[122.325117,10.7696869],[122.3251083,10.7697501],[122.3250805,10.7698456],[122.3249812,10.7700591],[122.3248719,10.7702178],[122.3247479,10.7703258],[122.3245917,10.7704075],[122.3240907,10.7706177],[122.3237608,10.7707138],[122.3231828,10.7707929],[122.3228415,10.7708212],[122.3226605,10.7708357],[122.322529,10.7708199],[122.3224003,10.7707698],[122.3222846,10.7706852],[122.3222172,10.7706032],[122.3221787,10.7705179],[122.3221549,10.7704042],[122.3221327,10.7700097],[122.3221073,10.769812],[122.3220791,10.7696638],[122.3220167,10.7695044],[122.3219805,10.7693588],[122.3219792,10.7692113],[122.3220107,10.7689965],[122.322057,10.7688641],[122.3221086,10.7687574],[122.3221817,10.7686612],[122.3222984,10.7685486],[122.3224935,10.7684227],[122.3226759,10.7682666],[122.3227409,10.7681968],[122.3227714,10.7681454],[122.3227895,10.7680838],[122.3227932,10.7680156],[122.3227738,10.7678562],[122.3226792,10.7674056],[122.3226209,10.7672693],[122.3225652,10.7671738],[122.3225123,10.7670954],[122.3224667,10.76704],[122.3224244,10.7669748],[122.3223855,10.7669089],[122.322344,10.7668068],[122.3222658,10.7666033],[122.3221964,10.7665071],[122.3221267,10.7664393],[122.3220295,10.7663661],[122.3218846,10.7663082],[122.3215983,10.766239],[122.3214823,10.7662028],[122.3213589,10.7661408],[122.3212282,10.7660414],[122.3210263,10.7658484],[122.3209371,10.7657914],[122.3208151,10.7657436],[122.3206817,10.7657107],[122.3204315,10.7656797],[122.3201338,10.7656982],[122.3197965,10.7657351],[122.3197419,10.7657326],[122.3196996,10.7657293],[122.3196646,10.7657197],[122.3196327,10.7657024]]}},{"type":"Feature","id":498375367,"properties":{"osmWayId":498375367,"name":"Guimbal-Igbaras-Tubungan-Leon Road","nameNormalized":"guimbal igbaras tubungan leon","highway":"secondary","routingClass":"trunk","surface":null,"tracktype":null},"geometry":{"type":"LineString","coordinates":[[122.3556884,10.767628],[122.3550877,10.7678325],[122.3544386,10.7680275],[122.353815,10.7682278]]}},{"type":"Feature","id":500277912,"properties":{"osmWayId":500277912,"name":"Guimbal-Igbaras-Tubungan-Leon Road","nameNormalized":"guimbal igbaras tubungan leon","highway":"secondary","routingClass":"trunk","surface":null,"tracktype":null},"geometry":{"type":"LineString","coordinates":[[122.356772,10.7672275],[122.3560703,10.7674887],[122.3558625,10.7675692]]}},{"type":"Feature","id":556662225,"properties":{"osmWayId":556662225,"name":"Mandurriao-San Miguel-Alimodian-Maasin-Cabatuan Road","nameNormalized":"mandurriao san miguel alimodian maasin cabatuan","highway":"secondary","routingClass":"trunk","surface":null,"tracktype":null},"geometry":{"type":"LineString","coordinates":[[122.4337182,10.8904742],[122.4336252,10.8902669],[122.433497,10.890121],[122.4333247,10.8899929],[122.4331751,10.8898876],[122.4330313,10.8897725],[122.4329747,10.8896989],[122.4329294,10.889511],[122.4327038,10.8885495],[122.4322759,10.8868904],[122.4321575,10.8864772],[122.4320698,10.8862326],[122.4320051,10.8860421],[122.4318718,10.8857986],[122.4314875,10.8853273],[122.431472,10.8853082],[122.4314169,10.8852502]]}},{"type":"Feature","id":557219861,"properties":{"osmWayId":557219861,"name":null,"nameNormalized":null,"highway":"tertiary","routingClass":"trunk","surface":null,"tracktype":null},"geometry":{"type":"LineString","coordinates":[[122.4051513,10.763544],[122.4052889,10.7626507],[122.4052517,10.76233],[122.4051142,10.7620935],[122.4049077,10.7618445],[122.4048162,10.761606],[122.4050132,10.7611611],[122.405477,10.7608813],[122.4059387,10.7605227],[122.4062508,10.7602239],[122.4064292,10.759718],[122.4065727,10.7591396],[122.4068852,10.7588715],[122.4074793,10.7585487],[122.4079366,10.758382],[122.4082813,10.7580803],[122.4087414,10.7574199],[122.4092281,10.7569538],[122.4097055,10.7566349],[122.4103653,10.7564162],[122.4109903,10.7562871],[122.4114409,10.7563135],[122.4117574,10.7562845],[122.4121919,10.7562318],[122.4123743,10.7562739],[122.4125808,10.7564083],[122.4127753,10.7565467],[122.4129269,10.7565124],[122.4131458,10.756386],[122.4134965,10.756118],[122.4140333,10.7557417],[122.4142745,10.7555083],[122.414388,10.755378],[122.4144497,10.7552996],[122.4145027,10.755243]]}},{"type":"Feature","id":558214075,"properties":{"osmWayId":558214075,"name":"Bancal-Leon Road","nameNormalized":"bancal leon","highway":"secondary","routingClass":"trunk","surface":"concrete","tracktype":null},"geometry":{"type":"LineString","coordinates":[[122.3894167,10.773026],[122.3896644,10.7729681],[122.3899122,10.7729102],[122.3901599,10.7728523],[122.3904359,10.772788],[122.3905126,10.7727702],[122.3909517,10.7726689],[122.3912225,10.7726074],[122.3916461,10.7725114],[122.3921474,10.7723977],[122.3925313,10.7723106],[122.3926171,10.7722934],[122.3926949,10.7722843],[122.3927627,10.7722971],[122.3928257,10.7723327],[122.3928854,10.7723976],[122.3929169,10.7724645],[122.3930499,10.7728964],[122.3931757,10.773305],[122.3932099,10.7733567],[122.393273,10.7734176],[122.3933494,10.7734502],[122.3934504,10.7734608],[122.3935808,10.7734599],[122.3937526,10.7734525]]}},{"type":"Feature","id":590881905,"properties":{"osmWayId":590881905,"name":null,"nameNormalized":null,"highway":"tertiary","routingClass":"trunk","surface":null,"tracktype":null},"geometry":{"type":"LineString","coordinates":[[122.3133708,10.885884],[122.3134166,10.8859615],[122.3134947,10.8860211],[122.3136288,10.8860935],[122.3138031,10.886166],[122.3139589,10.8863519],[122.3140663,10.8864832],[122.3142286,10.8866027],[122.3143329,10.8866559],[122.3144461,10.8866788],[122.3145789,10.8866953],[122.314675,10.8867363],[122.3147227,10.8868043],[122.3147466,10.8868793],[122.31478,10.8870176],[122.3148204,10.887128]]}},{"type":"Feature","id":591559170,"properties":{"osmWayId":591559170,"name":"Mandurriao-San Miguel-Alimodian-Maasin-Cabatuan Road","nameNormalized":"mandurriao san miguel alimodian maasin cabatuan","highway":"secondary","routingClass":"trunk","surface":null,"tracktype":null},"geometry":{"type":"LineString","coordinates":[[122.4345757,10.8910829],[122.4343782,10.8910279],[122.4342201,10.8909732],[122.4340873,10.8909166],[122.4340012,10.8908794],[122.433915,10.8908291],[122.4338242,10.8907508],[122.433736,10.8905263],[122.4337182,10.8904742]]}},{"type":"Feature","id":619114904,"properties":{"osmWayId":619114904,"name":"Bancal-Leon Road","nameNormalized":"bancal leon","highway":"secondary","routingClass":"trunk","surface":"concrete","tracktype":null},"geometry":{"type":"LineString","coordinates":[[122.4108769,10.7678813],[122.4110285,10.7679848]]}},{"type":"Feature","id":619124296,"properties":{"osmWayId":619124296,"name":null,"nameNormalized":null,"highway":"tertiary","routingClass":"trunk","surface":null,"tracktype":null},"geometry":{"type":"LineString","coordinates":[[122.4145027,10.755243],[122.414569,10.7551771],[122.4146119,10.7551435],[122.4146515,10.7551185],[122.4147199,10.7550987],[122.4147923,10.7550908],[122.4148902,10.7550947],[122.4149841,10.7551079],[122.4153757,10.7551949],[122.4154803,10.755237],[122.4155648,10.7552871],[122.4156788,10.7553688],[122.415776,10.7554241],[122.4158605,10.7554637],[122.4160194,10.7555144],[122.4164446,10.7556297],[122.416572,10.7556521],[122.4166484,10.755656],[122.4167088,10.7556481],[122.4167678,10.7556283],[122.4169247,10.7555704],[122.4171326,10.7554821],[122.4171165,10.7553951],[122.4170628,10.75527],[122.4167664,10.7547456],[122.4166927,10.7546534],[122.4165961,10.7545704],[122.416462,10.7544623],[122.416348,10.7543292],[122.4162461,10.7541487],[122.4161804,10.7540763],[122.4161317,10.754052],[122.4160959,10.7540341],[122.4160087,10.7539959],[122.4159202,10.7539392],[122.4157968,10.7538259],[122.4155729,10.7536164],[122.4154387,10.7534702],[122.4152114,10.7533286],[122.415086,10.7532897],[122.4149854,10.7532686],[122.4148943,10.7532633],[122.4148084,10.7532488],[122.4147038,10.7532159],[122.4146314,10.7531961],[122.414508,10.7531961],[122.414215,10.7531907],[122.4138382,10.7531588],[122.4131172,10.7531205],[122.4128898,10.7530886],[122.4126299,10.7529162],[122.4124546,10.7528397],[122.4117725,10.7527567],[122.4114607,10.7527056],[122.4112593,10.7526418],[122.4110969,10.7524695],[122.4110124,10.752278],[122.4109215,10.7520611],[122.4107784,10.7519576],[122.4099145,10.7514363],[122.4097844,10.7513696],[122.4097052,10.7512363],[122.4092755,10.7503974],[122.4092132,10.7502529],[122.409168,10.7501751],[122.409004,10.7499973],[122.4088683,10.7497695],[122.4087269,10.7495195],[122.4085968,10.7492751],[122.4085233,10.7491695],[122.4083993,10.7490524],[122.4081686,10.7490564],[122.4079073,10.7490061],[122.4074549,10.74895],[122.4071887,10.7489084],[122.4070417,10.7488639],[122.4067985,10.7486528],[122.4065497,10.7484417],[122.4061813,10.7483275],[122.4057217,10.7482265],[122.4055204,10.7482243],[122.4053791,10.7482195],[122.4052716,10.748225],[122.405068,10.7481472],[122.4047909,10.7477805],[122.4045099,10.7474484],[122.4042989,10.7470472],[122.4041334,10.7467612],[122.4038183,10.7465027],[122.4036203,10.7464138],[122.4035298,10.7463582],[122.4034815,10.7463247]]}},{"type":"Feature","id":620517845,"properties":{"osmWayId":620517845,"name":"Bancal-Leon Road","nameNormalized":"bancal leon","highway":"secondary","routingClass":"trunk","surface":"concrete","tracktype":null},"geometry":{"type":"LineString","coordinates":[[122.4175941,10.7722714],[122.4176784,10.7723422]]}},{"type":"Feature","id":620517846,"properties":{"osmWayId":620517846,"name":"Bancal-Leon Road","nameNormalized":"bancal leon","highway":"secondary","routingClass":"trunk","surface":"concrete","tracktype":null},"geometry":{"type":"LineString","coordinates":[[122.4219337,10.7749607],[122.4220947,10.7750101],[122.4222301,10.7750575],[122.4223394,10.775126],[122.422499,10.7752314],[122.4226552,10.7753856],[122.4228162,10.7755569],[122.4230307,10.7757848],[122.423736,10.7766932],[122.424347,10.7774285],[122.4245127,10.7776279],[122.4252261,10.7785409],[122.4254779,10.7788897],[122.4262235,10.7798193],[122.4264536,10.7801871],[122.4266584,10.7807779],[122.4266973,10.7810387],[122.4267751,10.7813945],[122.4268864,10.7816777],[122.4270728,10.7819662],[122.4272438,10.7822039],[122.4275448,10.7825688],[122.4276292,10.7826851],[122.427966,10.7831809],[122.4282262,10.7836459],[122.428399,10.7839521],[122.4286832,10.7844558],[122.4289913,10.7850121],[122.4292427,10.7854415],[122.429435,10.7857742],[122.4296851,10.7862071],[122.429861,10.7865192],[122.4301493,10.7870237],[122.4303408,10.7873607],[122.4304362,10.7875296],[122.4305193,10.7876557]]}},{"type":"Feature","id":621872624,"properties":{"osmWayId":621872624,"name":null,"nameNormalized":null,"highway":"tertiary","routingClass":"trunk","surface":"unpaved","tracktype":null},"geometry":{"type":"LineString","coordinates":[[122.2956768,10.814914],[122.2956694,10.8149002],[122.2956258,10.8148422],[122.2955708,10.8147453],[122.2955846,10.8147109],[122.2956231,10.8146669],[122.2956929,10.8146524],[122.2958639,10.8146927],[122.2959121,10.8146933],[122.295947,10.8146848],[122.2959678,10.8146472],[122.2959698,10.814613],[122.295949,10.8145814],[122.2958786,10.8145682],[122.2958162,10.8145721],[122.2957358,10.8145642],[122.295654,10.8145655],[122.2955695,10.8145418],[122.2954515,10.8144918],[122.2952891,10.8143855],[122.2951351,10.8142948],[122.295023,10.81424],[122.2948829,10.8141854],[122.2945523,10.8138865],[122.2944479,10.8137088],[122.2943924,10.8135466],[122.2943212,10.8133155],[122.2942959,10.8131844],[122.2943002,10.8130907],[122.2943496,10.8129252],[122.2943906,10.8128017],[122.294443,10.8127121],[122.2944872,10.8126146],[122.2945221,10.8124921],[122.2945145,10.8123996],[122.2944194,10.8121894],[122.2944074,10.8121225],[122.2944381,10.8118482],[122.2944397,10.8117905],[122.2944416,10.8117018],[122.2944014,10.8116319],[122.2943088,10.8115885],[122.2942445,10.8115845],[122.2941616,10.8115937]]}},{"type":"Feature","id":621875198,"properties":{"osmWayId":621875198,"name":null,"nameNormalized":null,"highway":"tertiary","routingClass":"trunk","surface":null,"tracktype":null},"geometry":{"type":"LineString","coordinates":[[122.2918653,10.8246505],[122.2917916,10.8245899],[122.2917192,10.8245333],[122.2916897,10.8244411],[122.2916923,10.8243317],[122.2917058,10.8242422],[122.2917554,10.8240999],[122.2918197,10.8239919],[122.2918251,10.8238957],[122.2918238,10.8237166],[122.2918586,10.8236573],[122.2918975,10.8235796],[122.291923,10.8235374],[122.2919458,10.8234927],[122.2919646,10.823436],[122.2919592,10.8233293],[122.2919337,10.8231963],[122.2919123,10.8230948],[122.2918774,10.8229447],[122.2918533,10.8228775],[122.2918493,10.8228288],[122.2918452,10.8227708],[122.2918694,10.8227181],[122.2919056,10.8226681],[122.2920057,10.8225614],[122.2920499,10.8224754],[122.2920281,10.8223922],[122.2919782,10.8223204],[122.291942,10.8222408],[122.2919054,10.8221339],[122.2918718,10.8220012],[122.2918977,10.8219103],[122.2919633,10.82185],[122.2921055,10.8218021],[122.2923481,10.8217445],[122.2924471,10.8217034],[122.2925573,10.8216391],[122.2926641,10.8215615],[122.2928098,10.821505],[122.2928905,10.8215006],[122.292973,10.8215402],[122.2930731,10.8215694],[122.2931697,10.8215446],[122.2932464,10.8214326],[122.2933019,10.8213241],[122.2933089,10.8212693],[122.2933214,10.8210967],[122.2933577,10.82092],[122.2934288,10.8207776],[122.2935264,10.8205543],[122.2936363,10.8204124],[122.2937377,10.8202955],[122.2938515,10.8201833],[122.2939023,10.8201198],[122.2939414,10.8200559],[122.2939494,10.8199809],[122.2939521,10.81989],[122.2939628,10.8197846],[122.293981,10.8197106],[122.2940298,10.8195216],[122.2940284,10.81946],[122.2940172,10.8194175],[122.2939921,10.8192532],[122.2940061,10.8191326],[122.2940368,10.8190546],[122.2941605,10.8189824],[122.2942802,10.8189329],[122.2943427,10.818796],[122.2943932,10.8186064],[122.2943984,10.818451],[122.2944004,10.818327],[122.2944034,10.8181944],[122.2944115,10.8180598],[122.294401,10.8178297],[122.2943498,10.8176745]]}},{"type":"Feature","id":621875199,"properties":{"osmWayId":621875199,"name":null,"nameNormalized":null,"highway":"tertiary","routingClass":"trunk","surface":null,"tracktype":null},"geometry":{"type":"LineString","coordinates":[[122.2920964,10.8252129],[122.2920625,10.8250562],[122.2920343,10.8249074],[122.2919968,10.8248059],[122.2918653,10.8246505]]}},{"type":"Feature","id":621875200,"properties":{"osmWayId":621875200,"name":null,"nameNormalized":null,"highway":"tertiary","routingClass":"trunk","surface":null,"tracktype":null},"geometry":{"type":"LineString","coordinates":[[122.2942028,10.8267377],[122.2939414,10.8265065],[122.293869,10.8264499],[122.2937845,10.8264038],[122.2937255,10.8263471],[122.293696,10.8262417],[122.293653,10.8262062],[122.2935256,10.8261732],[122.2933526,10.8261732],[122.2931528,10.8260507],[122.2929034,10.8258453],[122.2926217,10.8256556],[122.2922677,10.8254053],[122.2921658,10.8253025],[122.2920964,10.8252129]]}},{"type":"Feature","id":621875202,"properties":{"osmWayId":621875202,"name":null,"nameNormalized":null,"highway":"tertiary","routingClass":"trunk","surface":null,"tracktype":null},"geometry":{"type":"LineString","coordinates":[[122.293016,10.8325367],[122.2931944,10.8327172],[122.2932386,10.8328305],[122.2932252,10.8330267],[122.2931783,10.8331624],[122.2929758,10.8334232],[122.2928081,10.8336801],[122.2926539,10.833983],[122.2924581,10.8341016],[122.2922422,10.8341661],[122.2919445,10.8342939],[122.2916561,10.8345007],[122.2913946,10.8347022],[122.2911867,10.8347167],[122.2908702,10.8346864],[122.2904156,10.8346693],[122.2898859,10.8347417],[122.2896331,10.8349189],[122.2894977,10.8350463],[122.2893453,10.8352163],[122.2891968,10.8353825],[122.2890638,10.8355439],[122.2889042,10.8356796],[122.2887285,10.8358837],[122.2885904,10.8359733],[122.2884871,10.8360102],[122.288412,10.8360102],[122.288353,10.836001],[122.2882672,10.8359825],[122.2882001,10.8359759],[122.2881424,10.8359759],[122.2880499,10.8359997],[122.2878863,10.8360681],[122.2876999,10.836113],[122.2874236,10.8362275],[122.2872452,10.836321],[122.2871259,10.8363657],[122.2870588,10.8363856],[122.2870168,10.8363733],[122.2869824,10.8363632],[122.2868664,10.83619],[122.2867557,10.8360109],[122.2867249,10.8359562],[122.2866961,10.8358943],[122.2866485,10.8357915],[122.2865304,10.8353437],[122.2864899,10.8351257]]}},{"type":"Feature","id":621877648,"properties":{"osmWayId":621877648,"name":null,"nameNormalized":null,"highway":"tertiary","routingClass":"trunk","surface":null,"tracktype":null},"geometry":{"type":"LineString","coordinates":[[122.2956647,10.8862977],[122.2957465,10.8863635],[122.2957867,10.8864386],[122.2957931,10.8865155],[122.2957695,10.8865898],[122.2957145,10.88666],[122.2956385,10.8867025],[122.2955051,10.8867599],[122.2953442,10.8868073],[122.2952007,10.8868455],[122.2950558,10.8868916],[122.2949271,10.8869061],[122.2948194,10.8869656]]}},{"type":"Feature","id":629852550,"properties":{"osmWayId":629852550,"name":null,"nameNormalized":null,"highway":"tertiary","routingClass":"trunk","surface":null,"tracktype":null},"geometry":{"type":"LineString","coordinates":[[122.2724823,10.7864138],[122.2728176,10.786369],[122.2729424,10.7863018],[122.2730148,10.7861885],[122.2731046,10.7860476],[122.2734909,10.7860067],[122.2735834,10.7859751],[122.2736545,10.7859053],[122.2737363,10.7857564],[122.2738141,10.785597],[122.2738154,10.7852031],[122.273806,10.7850516],[122.2738074,10.7849594],[122.2738637,10.7848053],[122.2738999,10.7847176],[122.273971,10.7845503],[122.2739777,10.7844753],[122.274089,10.7843046],[122.2742245,10.7841795],[122.2747113,10.7841531],[122.2751458,10.7841518],[122.2753349,10.7840925],[122.2754422,10.7839753],[122.2755803,10.7838001],[122.2756514,10.7836631],[122.2756474,10.7835102],[122.2756751,10.7833071],[122.275701,10.7830584],[122.2757868,10.7829003],[122.2758231,10.7827488],[122.2758365,10.7824906],[122.2757451,10.7822341],[122.2757117,10.7820953],[122.2757587,10.7819939],[122.2758955,10.7817936],[122.2759545,10.7816329],[122.2760162,10.7813879],[122.2760966,10.7810928],[122.2762723,10.7808029],[122.2765553,10.7806501],[122.2767591,10.7805236],[122.2769831,10.7803497],[122.2772849,10.7800928],[122.2774042,10.7799993],[122.2775051,10.7798593],[122.277594,10.7796815],[122.2777663,10.7796528],[122.2779675,10.7796093],[122.2780989,10.7795935],[122.2782934,10.7795843],[122.2784731,10.7795922],[122.2787319,10.7795777],[122.2788526,10.7796014],[122.2790048,10.7798636],[122.2791034,10.7798741],[122.2792968,10.7798434],[122.2794536,10.7798776],[122.2797321,10.7800572],[122.279841,10.7801128],[122.2800091,10.7801088],[122.2800715,10.7800493],[122.2801155,10.7799687],[122.2802545,10.7798177],[122.2805183,10.7798675],[122.2806188,10.7799031],[122.2807167,10.7799229],[122.2808254,10.7799031],[122.2810437,10.7799272],[122.2812586,10.7798636],[122.281504,10.7799071],[122.2816019,10.7799743],[122.281689,10.7800362],[122.2818704,10.7803239],[122.2820731,10.7807347],[122.2822384,10.7809123],[122.2823671,10.7810134],[122.2824958,10.7810601],[122.2828029,10.7811421],[122.2831441,10.7812601],[122.2833212,10.7812601],[122.2835051,10.7812452],[122.2836958,10.7811376],[122.2838458,10.780998],[122.2839187,10.7809091],[122.2839997,10.7808521],[122.2842291,10.7807581],[122.2844169,10.7806817],[122.2844826,10.7806475],[122.2846542,10.7806317],[122.2847913,10.7807217],[122.2848775,10.780797],[122.2850405,10.7810625],[122.2852121,10.7814933],[122.2853694,10.7815924],[122.2855166,10.7816856],[122.285762,10.7818832],[122.2861335,10.7821757],[122.2863096,10.7821825],[122.2865926,10.7820072],[122.2867754,10.7818618],[122.2870105,10.7817591],[122.2873674,10.7816309],[122.2876286,10.7815068],[122.2878045,10.7813536],[122.2879815,10.7810322],[122.2881827,10.7806343],[122.2882497,10.7803155],[122.2882712,10.7799888],[122.2883812,10.7794381],[122.2884563,10.7790665],[122.2885475,10.7788584],[122.2888023,10.7785712],[122.2889176,10.7783841],[122.2890463,10.7780758],[122.289319,10.7776672],[122.2894964,10.7774936],[122.2896963,10.777423],[122.2900097,10.7773418],[122.2903874,10.7772089],[122.290712,10.7771655],[122.2910137,10.7772142],[122.2913155,10.7772748],[122.2915877,10.7773328],[122.291919,10.7774131],[122.2922521,10.7777925],[122.2923547,10.7779436],[122.2925133,10.778104],[122.2929374,10.7783981],[122.2933703,10.7785966],[122.2936665,10.7786937],[122.2941962,10.7788096],[122.2945864,10.7788281],[122.2947232,10.7788254],[122.2948205,10.7788521]]}},{"type":"Feature","id":630053570,"properties":{"osmWayId":630053570,"name":null,"nameNormalized":null,"highway":"tertiary","routingClass":"trunk","surface":null,"tracktype":null},"geometry":{"type":"LineString","coordinates":[[122.3078785,10.8694865],[122.307545,10.8695269],[122.3071611,10.8696798],[122.3070346,10.8696942],[122.3069259,10.869706],[122.3067543,10.8696902],[122.3061937,10.8695769],[122.3055553,10.8695427],[122.3049733,10.8695638],[122.304374,10.8695934],[122.3042307,10.8695733],[122.3040589,10.8694939],[122.303872,10.8694058],[122.3036981,10.8693808],[122.3035444,10.8694061],[122.3034169,10.8694881],[122.3032844,10.8696116],[122.3031449,10.8696634]]}},{"type":"Feature","id":640446907,"properties":{"osmWayId":640446907,"name":"F. Cabarles Street","nameNormalized":"f cabarles street","highway":"secondary","routingClass":"trunk","surface":"paved","tracktype":null},"geometry":{"type":"LineString","coordinates":[[122.3861158,10.7800667],[122.3859525,10.780093]]}},{"type":"Feature","id":640446908,"properties":{"osmWayId":640446908,"name":"F. Cabarles Street","nameNormalized":"f cabarles street","highway":"secondary","routingClass":"trunk","surface":"paved","tracktype":null},"geometry":{"type":"LineString","coordinates":[[122.3859525,10.780093],[122.3853081,10.7802341],[122.3852842,10.7802393],[122.38437,10.7804385],[122.3838145,10.7805263],[122.3831958,10.7804507]]}},{"type":"Feature","id":653834925,"properties":{"osmWayId":653834925,"name":"Alimodian-Maasin Road","nameNormalized":"alimodian maasin","highway":"secondary","routingClass":"trunk","surface":null,"tracktype":null},"geometry":{"type":"LineString","coordinates":[[122.4288548,10.8452939],[122.4281832,10.8438011]]}},{"type":"Feature","id":653834926,"properties":{"osmWayId":653834926,"name":"Alimodian-Maasin Road","nameNormalized":"alimodian maasin","highway":"secondary","routingClass":"trunk","surface":null,"tracktype":null},"geometry":{"type":"LineString","coordinates":[[122.427974,10.8427265],[122.4279553,10.8426132],[122.4279687,10.8424894],[122.4280035,10.8422839],[122.4280813,10.8418545],[122.4282154,10.8411617],[122.4282691,10.8409826],[122.4285802,10.8399235],[122.4287063,10.8394336],[122.4287518,10.8392531],[122.4291381,10.8380202],[122.4292139,10.8377489],[122.4295002,10.8366253],[122.4297792,10.8358166],[122.4298328,10.8355953],[122.4299079,10.8352739],[122.4300125,10.8347444],[122.4301413,10.8339725],[122.4302942,10.8330215],[122.4303853,10.8325789],[122.4304551,10.8321837],[122.4304953,10.8318162],[122.4305892,10.83096],[122.4306026,10.8306386],[122.4306402,10.8299972],[122.4306656,10.8294874],[122.430671,10.829328],[122.4306911,10.8289974],[122.4307086,10.8287655],[122.4307233,10.8285693],[122.4307528,10.8280305],[122.4307622,10.8277381],[122.4307984,10.8274257],[122.4308071,10.8273272],[122.430798,10.8270256],[122.4307837,10.8267812],[122.4307775,10.8267493]]}},{"type":"Feature","id":653835411,"properties":{"osmWayId":653835411,"name":"Mandurriao-San Miguel-Alimodian-Maasin-Cabatuan Road","nameNormalized":"mandurriao san miguel alimodian maasin cabatuan","highway":"secondary","routingClass":"trunk","surface":null,"tracktype":null},"geometry":{"type":"LineString","coordinates":[[122.4314169,10.8852502],[122.4312945,10.8851216]]}},{"type":"Feature","id":653835412,"properties":{"osmWayId":653835412,"name":"Mandurriao-San Miguel-Alimodian-Maasin-Cabatuan Road","nameNormalized":"mandurriao san miguel alimodian maasin cabatuan","highway":"secondary","routingClass":"trunk","surface":null,"tracktype":null},"geometry":{"type":"LineString","coordinates":[[122.4312945,10.8851216],[122.4311001,10.8849171],[122.430632,10.8846052],[122.4305652,10.8845569],[122.4298677,10.8840825],[122.4293995,10.8836945],[122.4291792,10.8833799],[122.429004,10.8831158],[122.4288361,10.8827383],[122.4285306,10.88224],[122.4284045,10.8820991],[122.4283335,10.8819885],[122.4281216,10.8817514],[122.4278882,10.8815486],[122.4274886,10.8811298],[122.4273249,10.8809138],[122.4272498,10.8806162],[122.4271855,10.8803633],[122.4271341,10.8800746],[122.4271169,10.8798966],[122.4271215,10.8793436],[122.4271298,10.8786454],[122.4271497,10.8784675],[122.4271747,10.8783747],[122.427215,10.8782693],[122.4272525,10.8781323],[122.4272535,10.877941],[122.4272257,10.8775318],[122.4272501,10.8773855],[122.4273115,10.8772447],[122.4274614,10.8769096],[122.4276172,10.8764068],[122.4276951,10.8760119],[122.4277756,10.8758829],[122.4278642,10.8757493],[122.4279138,10.8756777],[122.4279519,10.8756103],[122.4279603,10.8755885]]}},{"type":"Feature","id":656578948,"properties":{"osmWayId":656578948,"name":"Guimbal-Tubungan Road","nameNormalized":"guimbal tubungan","highway":"secondary","routingClass":"trunk","surface":"concrete","tracktype":null},"geometry":{"type":"LineString","coordinates":[[122.3242399,10.7491723],[122.3240535,10.7493068],[122.3237116,10.7494372],[122.3233669,10.7495979],[122.323149,10.7497073],[122.3231042,10.7497476],[122.3230132,10.7498252],[122.3229149,10.7499773],[122.3228723,10.7500387],[122.322746,10.7502172],[122.322585,10.7504491],[122.3225314,10.7507231],[122.3225153,10.7508339],[122.3224885,10.7510183],[122.3224929,10.7511096],[122.3225314,10.7519037],[122.3224992,10.7521356],[122.3223919,10.7524834],[122.3222417,10.7528207],[122.32207,10.753158],[122.3217589,10.7536323],[122.3213948,10.754203],[122.3213083,10.7543385],[122.3210384,10.7548589],[122.3208362,10.7554861],[122.3207676,10.7557975],[122.3207253,10.7559735],[122.3207038,10.7560737],[122.3206615,10.7562357],[122.3201603,10.7584387],[122.3200015,10.759307],[122.3197419,10.76022],[122.3195273,10.7610737],[122.3193556,10.7615164],[122.3191773,10.761775],[122.3191303,10.7618432],[122.3190844,10.7619155]]}},{"type":"Feature","id":678392547,"properties":{"osmWayId":678392547,"name":null,"nameNormalized":null,"highway":"tertiary","routingClass":"trunk","surface":null,"tracktype":null},"geometry":{"type":"LineString","coordinates":[[122.4136258,10.8973358],[122.4133015,10.8969809],[122.4131816,10.8968245],[122.4131247,10.8967233]]}},{"type":"Feature","id":684562914,"properties":{"osmWayId":684562914,"name":"Alimodian-Maasin Road","nameNormalized":"alimodian maasin","highway":"secondary","routingClass":"trunk","surface":null,"tracktype":null},"geometry":{"type":"LineString","coordinates":[[122.4276606,10.8582746],[122.4276857,10.8581599]]}},{"type":"Feature","id":684562915,"properties":{"osmWayId":684562915,"name":"Alimodian-Maasin Road","nameNormalized":"alimodian maasin","highway":"secondary","routingClass":"trunk","surface":null,"tracktype":null},"geometry":{"type":"LineString","coordinates":[[122.4276857,10.8581599],[122.4277149,10.8580434],[122.4278001,10.8575787],[122.4278995,10.8571089],[122.42789,10.8568943],[122.4278497,10.8563371],[122.4278502,10.8562686],[122.4278556,10.8555409],[122.4278647,10.8543277],[122.4278687,10.8540036],[122.4278815,10.8539169],[122.4279217,10.8537148],[122.4280706,10.8530491],[122.4280867,10.8529633],[122.4280959,10.8528749],[122.4281149,10.8525887],[122.4281497,10.8518358],[122.4281457,10.8517766],[122.4281028,10.8516049],[122.4280991,10.8515869],[122.4280104,10.8512043],[122.4278393,10.8507283],[122.4275701,10.8496612],[122.4275543,10.8495809],[122.4275574,10.8495181],[122.4275772,10.8494649],[122.4276302,10.8493563],[122.4277271,10.8492417],[122.4280813,10.8490383],[122.4282503,10.8489342],[122.428422,10.8488341],[122.4285467,10.8487458],[122.4286003,10.8485077],[122.4293745,10.847008],[122.4295413,10.8466173],[122.4295183,10.8463483]]}},{"type":"Feature","id":727627815,"properties":{"osmWayId":727627815,"name":null,"nameNormalized":null,"highway":"tertiary","routingClass":"trunk","surface":null,"tracktype":null},"geometry":{"type":"LineString","coordinates":[[122.4305958,10.7303356],[122.4305823,10.7304308],[122.4305569,10.7306157],[122.430526,10.7308243],[122.4304865,10.7310776],[122.4303944,10.7316686],[122.4302496,10.7326475],[122.430091,10.733789],[122.4300809,10.7340567],[122.4300809,10.7342544],[122.4300809,10.7343595],[122.4301002,10.7344928],[122.4301379,10.734604],[122.4302644,10.7349154],[122.4305255,10.7354471],[122.4307195,10.7358138],[122.4308127,10.7359835],[122.4313297,10.7367747],[122.4321016,10.7379682],[122.4324948,10.7386235],[122.4327511,10.7390322],[122.4329175,10.7393356],[122.4329824,10.7395102],[122.4330541,10.7397647]]}},{"type":"Feature","id":759033925,"properties":{"osmWayId":759033925,"name":null,"nameNormalized":null,"highway":"tertiary","routingClass":"trunk","surface":"unpaved","tracktype":null},"geometry":{"type":"LineString","coordinates":[[122.2941616,10.8115937],[122.2941071,10.8116059],[122.2940138,10.8116206],[122.2939325,10.8116053],[122.2938635,10.811532],[122.2937428,10.8113774],[122.2936431,10.8113078],[122.2935407,10.8112769],[122.2934017,10.8113129],[122.2933098,10.8114599],[122.2932127,10.8116351],[122.2931708,10.8117408],[122.2931367,10.811902],[122.293079,10.811931],[122.293016,10.8119191],[122.2928283,10.8118308],[122.2926958,10.8117279],[122.2926433,10.8116274],[122.2927194,10.8114031],[122.2927431,10.8112511],[122.2927588,10.8111944],[122.2928178,10.8111266],[122.2928664,10.8110604],[122.2928821,10.8109805],[122.2928401,10.8108078],[122.2927745,10.8107176],[122.2926748,10.8106325],[122.2926014,10.8104701],[122.2925305,10.8103516],[122.2924387,10.8102794],[122.2923049,10.8101789],[122.2922156,10.8101042],[122.2920969,10.8099576],[122.2920582,10.8098645],[122.2920398,10.8097665],[122.2920582,10.8095887],[122.2921212,10.8094572],[122.2922261,10.8092717],[122.2923337,10.8090655]]}},{"type":"Feature","id":760656480,"properties":{"osmWayId":760656480,"name":"Tubungan - San Remigio Road","nameNormalized":"tubungan san remigio","highway":"tertiary","routingClass":"trunk","surface":null,"tracktype":null},"geometry":{"type":"LineString","coordinates":[[122.2710403,10.8212678],[122.270947,10.8213822],[122.2707255,10.8216059],[122.2705542,10.8217134],[122.2704325,10.8218287],[122.2703104,10.8219647],[122.2701746,10.8222271],[122.2701084,10.8224419],[122.2700642,10.8226204],[122.2700177,10.8227023],[122.2699694,10.8227546],[122.2698769,10.8227639],[122.2697969,10.822746],[122.2696847,10.8226726],[122.2695909,10.8226022],[122.2695413,10.8225693],[122.2694193,10.8225245],[122.2691723,10.8225504],[122.2689378,10.8225719],[122.2687139,10.822726],[122.2683813,10.8230395],[122.2682726,10.8231502],[122.2679991,10.8232384],[122.2677885,10.823299],[122.2675726,10.8233201],[122.2672373,10.8232226],[122.2669557,10.8232213],[122.2667612,10.823411],[122.2665319,10.823685],[122.266269,10.8239748],[122.2661336,10.8241276],[122.2659619,10.8241803],[122.2657876,10.8242277],[122.2656588,10.8242738],[122.2655368,10.8243475],[122.2654308,10.8244358],[122.2653598,10.8245675],[122.2653316,10.8247124],[122.2653826,10.8251392],[122.2653866,10.8251932],[122.2653839,10.8252301],[122.2653681,10.8252769],[122.2653329,10.8253048],[122.2652136,10.8253434]]}},{"type":"Feature","id":810136432,"properties":{"osmWayId":810136432,"name":null,"nameNormalized":null,"highway":"tertiary","routingClass":"trunk","surface":"unpaved","tracktype":null},"geometry":{"type":"LineString","coordinates":[[122.36754,10.8831103],[122.3674773,10.8831024],[122.3674129,10.8830455],[122.3673646,10.882957],[122.3673517,10.8828684],[122.3673421,10.8827261],[122.3673228,10.8825901],[122.3672873,10.8824763],[122.3672229,10.8823593],[122.3671907,10.8822802],[122.3671102,10.88216],[122.3670168,10.8820272],[122.3669238,10.8819354]]}},{"type":"Feature","id":810136739,"properties":{"osmWayId":810136739,"name":null,"nameNormalized":null,"highway":"tertiary","routingClass":"trunk","surface":"unpaved","tracktype":null},"geometry":{"type":"LineString","coordinates":[[122.327801,10.8907481],[122.3278436,10.8907168],[122.3279033,10.8906726]]}},{"type":"Feature","id":817462629,"properties":{"osmWayId":817462629,"name":null,"nameNormalized":null,"highway":"tertiary","routingClass":"trunk","surface":null,"tracktype":null},"geometry":{"type":"LineString","coordinates":[[122.4131247,10.8967233],[122.4130678,10.8967524],[122.4127915,10.8968288],[122.4122467,10.8970297],[122.4114933,10.8973074],[122.4109113,10.8975004]]}},{"type":"Feature","id":817465235,"properties":{"osmWayId":817465235,"name":null,"nameNormalized":null,"highway":"tertiary","routingClass":"trunk","surface":null,"tracktype":null},"geometry":{"type":"LineString","coordinates":[[122.4029632,10.8816679],[122.4029375,10.8815727]]}},{"type":"Feature","id":817465236,"properties":{"osmWayId":817465236,"name":null,"nameNormalized":null,"highway":"tertiary","routingClass":"trunk","surface":null,"tracktype":null},"geometry":{"type":"LineString","coordinates":[[122.4044094,10.8874275],[122.4042298,10.8873314],[122.4039589,10.8871339],[122.4037912,10.8869798],[122.4036974,10.8868218],[122.4036263,10.8866743],[122.4035313,10.8864947],[122.4035311,10.8863266],[122.403582,10.886191],[122.4036151,10.8861113],[122.4036928,10.8859607],[122.4037235,10.8857659],[122.4037317,10.8857017],[122.4037746,10.8856013],[122.4038748,10.885509],[122.4039811,10.8854487],[122.404067,10.8853403],[122.4041344,10.8851938],[122.4041842,10.8850953],[122.4042204,10.8849965],[122.4043062,10.8848866],[122.4044534,10.8847621],[122.4044779,10.88472],[122.4044861,10.8846577],[122.4044697,10.8846216],[122.4042861,10.88455],[122.4041426,10.8844631],[122.4039468,10.884367],[122.4038328,10.8842748],[122.4036866,10.8841273],[122.4035395,10.8839631],[122.4034087,10.8837924],[122.4033023,10.8836559],[122.4032124,10.8835174],[122.4031531,10.8833327],[122.4031488,10.8832879],[122.4031314,10.8831685],[122.4031073,10.8830513],[122.4030858,10.8829446],[122.4030429,10.8828156],[122.4030316,10.8826809],[122.4030115,10.8825149],[122.4029833,10.8823314],[122.4030115,10.8822593],[122.4032329,10.8821323],[122.4033393,10.8820702],[122.4034265,10.8819898],[122.4035083,10.8818621],[122.4034989,10.8817804],[122.4034292,10.8817106],[122.4033299,10.8816988],[122.4031234,10.8817989],[122.4030402,10.881787],[122.4029829,10.8817364],[122.4029632,10.8816679]]}},{"type":"Feature","id":821682698,"properties":{"osmWayId":821682698,"name":"Bancal-Leon Road","nameNormalized":"bancal leon","highway":"secondary","routingClass":"trunk","surface":"concrete","tracktype":null},"geometry":{"type":"LineString","coordinates":[[122.4218124,10.7749357],[122.4219337,10.7749607]]}},{"type":"Feature","id":821682699,"properties":{"osmWayId":821682699,"name":"Bancal-Leon Road","nameNormalized":"bancal leon","highway":"secondary","routingClass":"trunk","surface":"concrete","tracktype":null},"geometry":{"type":"LineString","coordinates":[[122.4176784,10.7723422],[122.4178455,10.7724508],[122.4179638,10.7725124],[122.4183287,10.7727505],[122.4187653,10.7730127],[122.4190584,10.7731999],[122.4191751,10.7732882],[122.4194285,10.7735003],[122.4198402,10.7738679],[122.4205685,10.7745398],[122.4206462,10.7745951],[122.4207522,10.7746583],[122.4208648,10.774711],[122.421011,10.7747598],[122.4212162,10.7748138],[122.4215475,10.774881],[122.4218124,10.7749357]]}},{"type":"Feature","id":824000505,"properties":{"osmWayId":824000505,"name":null,"nameNormalized":null,"highway":"tertiary","routingClass":"trunk","surface":null,"tracktype":null},"geometry":{"type":"LineString","coordinates":[[122.4240983,10.7380861],[122.4242766,10.7381809]]}},{"type":"Feature","id":824000506,"properties":{"osmWayId":824000506,"name":null,"nameNormalized":null,"highway":"tertiary","routingClass":"trunk","surface":null,"tracktype":null},"geometry":{"type":"LineString","coordinates":[[122.4242766,10.7381809],[122.4248491,10.7383994],[122.4260454,10.7388226],[122.4272417,10.7394535],[122.4287797,10.7403479],[122.4288784,10.7403896],[122.4295205,10.7405601],[122.43036,10.7408272],[122.4304839,10.740854]]}},{"type":"Feature","id":826815665,"properties":{"osmWayId":826815665,"name":null,"nameNormalized":null,"highway":"tertiary","routingClass":"trunk","surface":null,"tracktype":null},"geometry":{"type":"LineString","coordinates":[[122.3058147,10.7837606],[122.3056267,10.7839756]]}},{"type":"Feature","id":826815666,"properties":{"osmWayId":826815666,"name":"Tubungan - San Remigio Road","nameNormalized":"tubungan san remigio","highway":"tertiary","routingClass":"trunk","surface":null,"tracktype":null},"geometry":{"type":"LineString","coordinates":[[122.3056267,10.7839756],[122.305601,10.7840366],[122.3055392,10.7841955],[122.3054994,10.7842757],[122.3054793,10.7843171],[122.3054568,10.7843537],[122.3053531,10.7845048],[122.3053168,10.784542],[122.3052818,10.7845854],[122.3052505,10.784626],[122.3052229,10.7846703],[122.3051974,10.7847467],[122.3051742,10.7848366],[122.3051343,10.7849238],[122.3050405,10.7851319]]}},{"type":"Feature","id":900140292,"properties":{"osmWayId":900140292,"name":"Guimbal-Igbaras-Tubungan-Leon Road","nameNormalized":"guimbal igbaras tubungan leon","highway":"secondary","routingClass":"trunk","surface":"concrete","tracktype":null},"geometry":{"type":"LineString","coordinates":[[122.3357569,10.7727171],[122.3356852,10.7726713],[122.3355223,10.7725162],[122.3353885,10.7724851],[122.3352702,10.7724885],[122.3351052,10.7725781],[122.3348945,10.7726292],[122.3345501,10.7726536],[122.3342809,10.7727016],[122.334001,10.7727075],[122.3336592,10.7726296],[122.3333465,10.7726173],[122.3330735,10.7726895],[122.3329434,10.7728271],[122.332816,10.7730207],[122.3327275,10.7732118],[122.3325907,10.7735016],[122.3323667,10.7738995],[122.3321782,10.7739715],[122.3319629,10.7739963],[122.3316517,10.7741311],[122.3311248,10.7744436],[122.3310082,10.7745338]]}},{"type":"Feature","id":900140293,"properties":{"osmWayId":900140293,"name":"Guimbal-Igbaras-Tubungan-Leon Road","nameNormalized":"guimbal igbaras tubungan leon","highway":"secondary","routingClass":"trunk","surface":"concrete","tracktype":null},"geometry":{"type":"LineString","coordinates":[[122.3371265,10.7727657],[122.3368994,10.7727435],[122.3363009,10.7726618],[122.3360977,10.772698],[122.3359348,10.7727255],[122.3358358,10.7727362],[122.3357569,10.7727171]]}},{"type":"Feature","id":904076618,"properties":{"osmWayId":904076618,"name":null,"nameNormalized":null,"highway":"tertiary","routingClass":"trunk","surface":null,"tracktype":null},"geometry":{"type":"LineString","coordinates":[[122.3319689,10.8368885],[122.3319187,10.8369529]]}},{"type":"Feature","id":905991450,"properties":{"osmWayId":905991450,"name":"San Antonio Street","nameNormalized":"san antonio street","highway":"tertiary","routingClass":"trunk","surface":null,"tracktype":null},"geometry":{"type":"LineString","coordinates":[[122.3183396,10.7692123],[122.3182087,10.7696664],[122.3181919,10.7697193],[122.3180876,10.7700475]]}},{"type":"Feature","id":906509937,"properties":{"osmWayId":906509937,"name":"Bancal-Leon Road","nameNormalized":"bancal leon","highway":"secondary","routingClass":"trunk","surface":"concrete","tracktype":null},"geometry":{"type":"LineString","coordinates":[[122.3961976,10.7729599],[122.3963013,10.7729305],[122.3963877,10.7728857],[122.3964509,10.7728293],[122.3965024,10.7727541],[122.3965327,10.7726765],[122.3965701,10.7725543]]}},{"type":"Feature","id":906509938,"properties":{"osmWayId":906509938,"name":"Bancal-Leon Road","nameNormalized":"bancal leon","highway":"secondary","routingClass":"trunk","surface":"concrete","tracktype":null},"geometry":{"type":"LineString","coordinates":[[122.3937526,10.7734525],[122.39402,10.773441],[122.3942319,10.7734213],[122.3944207,10.7733905],[122.3945637,10.7733622]]}},{"type":"Feature","id":908053954,"properties":{"osmWayId":908053954,"name":"Freedom Highway","nameNormalized":"freedom highway","highway":"secondary","routingClass":"trunk","surface":null,"tracktype":null},"geometry":{"type":"LineString","coordinates":[[122.431563,10.8150311],[122.4314936,10.8146848],[122.4314138,10.814349]]}},{"type":"Feature","id":912238454,"properties":{"osmWayId":912238454,"name":null,"nameNormalized":null,"highway":"tertiary","routingClass":"trunk","surface":null,"tracktype":null},"geometry":{"type":"LineString","coordinates":[[122.2938467,10.8874915],[122.2938043,10.8875214],[122.2937865,10.8875422],[122.2937722,10.887556]]}},{"type":"Feature","id":921143792,"properties":{"osmWayId":921143792,"name":null,"nameNormalized":null,"highway":"secondary","routingClass":"trunk","surface":null,"tracktype":null},"geometry":{"type":"LineString","coordinates":[[122.3580707,10.7547207],[122.3579067,10.7542818],[122.3576811,10.7536021],[122.3574661,10.7530259],[122.3572796,10.7525537],[122.3571812,10.752012],[122.3571766,10.7514819],[122.3572066,10.7507481],[122.3571731,10.7500051],[122.3572452,10.7491465],[122.3572888,10.7483754],[122.3573366,10.7477273],[122.357246,10.7473251],[122.3570852,10.746985],[122.356685,10.7465475],[122.3562966,10.7461573],[122.3559681,10.7458796],[122.3554853,10.7456989],[122.3548721,10.7454892],[122.3542408,10.7452394],[122.353831,10.7450099],[122.3533668,10.744685],[122.3529537,10.744062],[122.3527605,10.7437725],[122.352691,10.743731]]}},{"type":"Feature","id":921148537,"properties":{"osmWayId":921148537,"name":null,"nameNormalized":null,"highway":"tertiary","routingClass":"trunk","surface":null,"tracktype":null},"geometry":{"type":"LineString","coordinates":[[122.4304839,10.740854],[122.4305872,10.7408145],[122.4310043,10.7405884],[122.4319045,10.740171],[122.4323379,10.73997],[122.4330541,10.7397647]]}},{"type":"Feature","id":921197634,"properties":{"osmWayId":921197634,"name":null,"nameNormalized":null,"highway":"tertiary","routingClass":"trunk","surface":"unpaved","tracktype":null},"geometry":{"type":"LineString","coordinates":[[122.2979164,10.8712298],[122.2978792,10.8712891],[122.2977439,10.8714984],[122.2977041,10.8719009],[122.2975704,10.8723997],[122.2974544,10.8727749],[122.2973539,10.8732545]]}},{"type":"Feature","id":921277083,"properties":{"osmWayId":921277083,"name":"Igbaras-Tubungan Road","nameNormalized":"igbaras tubungan","highway":"tertiary","routingClass":"trunk","surface":"concrete","tracktype":null},"geometry":{"type":"LineString","coordinates":[[122.3105441,10.7795479],[122.3103145,10.7796909],[122.3102616,10.7797199],[122.3101815,10.7797542],[122.3101273,10.7797609],[122.3100311,10.7797595],[122.3092679,10.7795274]]}},{"type":"Feature","id":921292050,"properties":{"osmWayId":921292050,"name":"Bancal-Leon Road","nameNormalized":"bancal leon","highway":"secondary","routingClass":"trunk","surface":"concrete","tracktype":null},"geometry":{"type":"LineString","coordinates":[[122.4022545,10.7630486],[122.402689,10.7630381],[122.4033274,10.7630381],[122.4037082,10.7630855],[122.4041964,10.7631804],[122.404643,10.763295],[122.4048132,10.7633491],[122.4049085,10.7633859],[122.4050117,10.7634465],[122.4051513,10.763544],[122.4052705,10.7636481],[122.4054046,10.7637878],[122.4055741,10.763974],[122.4060045,10.7644244],[122.4064977,10.7649406],[122.4067324,10.7651545],[122.4070446,10.7653883],[122.4075626,10.7657448],[122.4080693,10.766065],[122.4086459,10.7664293],[122.4093728,10.7668902],[122.4100318,10.7673295],[122.410448,10.7676013],[122.4108769,10.7678813]]}},{"type":"Feature","id":921341689,"properties":{"osmWayId":921341689,"name":"Rizal Street","nameNormalized":"rizal street","highway":"tertiary","routingClass":"trunk","surface":null,"tracktype":null},"geometry":{"type":"LineString","coordinates":[[122.4333942,10.8915252],[122.4336454,10.8914274],[122.4338688,10.8913404],[122.433987,10.8912944],[122.4340109,10.8912858],[122.4342872,10.8911866],[122.4345757,10.8910829]]}},{"type":"Feature","id":1010848241,"properties":{"osmWayId":1010848241,"name":null,"nameNormalized":null,"highway":"tertiary","routingClass":"trunk","surface":"unpaved","tracktype":null},"geometry":{"type":"LineString","coordinates":[[122.3620395,10.8796166],[122.3618926,10.8795901],[122.3617488,10.8795901],[122.3616199,10.8796107],[122.3615239,10.8796166],[122.36144,10.8795959],[122.3613621,10.8795371],[122.3611972,10.8793781],[122.3609454,10.8791103],[122.3608705,10.8790102],[122.3608285,10.8789425],[122.3606966,10.8787453],[122.3605558,10.8786069],[122.3604329,10.8784774],[122.360301,10.8783714]]}},{"type":"Feature","id":1010848242,"properties":{"osmWayId":1010848242,"name":null,"nameNormalized":null,"highway":"tertiary","routingClass":"trunk","surface":"unpaved","tracktype":null},"geometry":{"type":"LineString","coordinates":[[122.360301,10.8783714],[122.3601871,10.8782095],[122.3598454,10.8780476],[122.3596026,10.8779652],[122.3593238,10.877924],[122.359105,10.8778798],[122.3589072,10.877818],[122.3586434,10.8777062],[122.3585595,10.8776385],[122.3584905,10.8775296],[122.3584186,10.8773971],[122.3583317,10.8772411],[122.3582687,10.8771116],[122.3582118,10.8770026],[122.3581548,10.8768908],[122.3581038,10.876826],[122.357903,10.8767436]]}},{"type":"Feature","id":1011943794,"properties":{"osmWayId":1011943794,"name":"R. Tabiana Street","nameNormalized":"r tabiana street","highway":"tertiary","routingClass":"trunk","surface":null,"tracktype":null},"geometry":{"type":"LineString","coordinates":[[122.389708,10.7812714],[122.389627,10.7804651],[122.3896238,10.7804261],[122.3895511,10.7795895],[122.38954,10.7794617]]}},{"type":"Feature","id":1011947292,"properties":{"osmWayId":1011947292,"name":null,"nameNormalized":null,"highway":"tertiary","routingClass":"trunk","surface":null,"tracktype":null},"geometry":{"type":"LineString","coordinates":[[122.3911501,10.796706],[122.3912904,10.7967104],[122.3919229,10.7964809],[122.3927158,10.7963263],[122.3929655,10.7962549],[122.3933033,10.7960418],[122.3936003,10.7958018],[122.3938103,10.7956158],[122.393975,10.795544],[122.3940939,10.7955368]]}},{"type":"Feature","id":1011966489,"properties":{"osmWayId":1011966489,"name":"Mandurriao-San Miguel-Alimodian-Maasin-Cabatuan Road","nameNormalized":"mandurriao san miguel alimodian maasin cabatuan","highway":"secondary","routingClass":"trunk","surface":null,"tracktype":null},"geometry":{"type":"LineString","coordinates":[[122.4276321,10.8674505],[122.4276018,10.867287]]}},{"type":"Feature","id":1011966490,"properties":{"osmWayId":1011966490,"name":"Mandurriao-San Miguel-Alimodian-Maasin-Cabatuan Road","nameNormalized":"mandurriao san miguel alimodian maasin cabatuan","highway":"secondary","routingClass":"trunk","surface":null,"tracktype":null},"geometry":{"type":"LineString","coordinates":[[122.4276018,10.867287],[122.4274255,10.8664819],[122.4273642,10.8663141],[122.4273261,10.8661236],[122.4273162,10.8660659],[122.4273103,10.8657635],[122.4273451,10.8653729],[122.4273547,10.8650853],[122.4273579,10.8645346],[122.4273444,10.8641399],[122.4272438,10.863729],[122.4268922,10.8626402],[122.4268164,10.8623718],[122.4268019,10.8622061],[122.4268104,10.8620399],[122.426839,10.8618652],[122.4269254,10.8615581],[122.4270232,10.8613585],[122.4270675,10.8612281],[122.4270876,10.8610542],[122.42705,10.8607539],[122.4270004,10.8605669],[122.4269521,10.860343],[122.4269655,10.8601244],[122.4269682,10.860069],[122.4270161,10.8598972],[122.4271212,10.8597341],[122.4272287,10.8595666],[122.4273298,10.8593827],[122.4274554,10.8590764],[122.4274998,10.8589351],[122.4276303,10.8584031],[122.4276606,10.8582746]]}},{"type":"Feature","id":1011968322,"properties":{"osmWayId":1011968322,"name":null,"nameNormalized":null,"highway":"tertiary","routingClass":"trunk","surface":null,"tracktype":null},"geometry":{"type":"LineString","coordinates":[[122.4291673,10.8921184],[122.4311352,10.8921753]]}},{"type":"Feature","id":1022863778,"properties":{"osmWayId":1022863778,"name":null,"nameNormalized":null,"highway":"tertiary","routingClass":"trunk","surface":"unpaved","tracktype":null},"geometry":{"type":"LineString","coordinates":[[122.394959,10.8771476],[122.3948986,10.8771477],[122.3948148,10.877135],[122.3947074,10.8771076],[122.3945906,10.8770511],[122.3944464,10.8769589],[122.3942905,10.8768501],[122.39414,10.8767319],[122.394087,10.8766599],[122.394039,10.8765947],[122.3939745,10.8764575],[122.3939144,10.8763752],[122.3938253,10.8762978],[122.3937292,10.8762554]]}},{"type":"Feature","id":1057038785,"properties":{"osmWayId":1057038785,"name":null,"nameNormalized":null,"highway":"tertiary","routingClass":"trunk","surface":"unpaved","tracktype":null},"geometry":{"type":"LineString","coordinates":[[122.2948922,10.8564036],[122.2950739,10.8562192],[122.2952208,10.8560624],[122.2952797,10.8559305]]}},{"type":"Feature","id":1093117377,"properties":{"osmWayId":1093117377,"name":"Algallar Street","nameNormalized":"algallar street","highway":"tertiary","routingClass":"trunk","surface":null,"tracktype":null},"geometry":{"type":"LineString","coordinates":[[122.429807,10.8125775],[122.4299343,10.8128194],[122.4301794,10.813226],[122.4304419,10.8135404],[122.4306092,10.8136793],[122.4314138,10.814349]]}},{"type":"Feature","id":1111882582,"properties":{"osmWayId":1111882582,"name":null,"nameNormalized":null,"highway":"tertiary","routingClass":"trunk","surface":"ground","tracktype":null},"geometry":{"type":"LineString","coordinates":[[122.3058147,10.7837606],[122.3059412,10.7837005],[122.3060945,10.783642],[122.3061964,10.7836249],[122.3063841,10.783559],[122.306565,10.7835034]]}},{"type":"Feature","id":1178210263,"properties":{"osmWayId":1178210263,"name":"Tubungan - San Remigio Road","nameNormalized":"tubungan san remigio","highway":"tertiary","routingClass":"trunk","surface":null,"tracktype":null},"geometry":{"type":"LineString","coordinates":[[122.2977275,10.7880611],[122.2976223,10.7885169],[122.2976014,10.7885809],[122.2974942,10.7889298],[122.2972551,10.7897031],[122.2971487,10.7900512]]}},{"type":"Feature","id":1178210264,"properties":{"osmWayId":1178210264,"name":"Tubungan - San Remigio Road","nameNormalized":"tubungan san remigio","highway":"tertiary","routingClass":"trunk","surface":null,"tracktype":null},"geometry":{"type":"LineString","coordinates":[[122.2971487,10.7900512],[122.2970422,10.7903993],[122.2970102,10.790504],[122.296882,10.7909452]]}},{"type":"Feature","id":1390401812,"properties":{"osmWayId":1390401812,"name":"Igbaras-Tubungan Road","nameNormalized":"igbaras tubungan","highway":"tertiary","routingClass":"trunk","surface":null,"tracktype":null},"geometry":{"type":"LineString","coordinates":[[122.3153785,10.7738356],[122.3151795,10.7740626],[122.3150508,10.7741627],[122.3147907,10.7743113]]}},{"type":"Feature","id":1390458253,"properties":{"osmWayId":1390458253,"name":"Capalla Street","nameNormalized":"capalla street","highway":"tertiary","routingClass":"trunk","surface":"paved","tracktype":null},"geometry":{"type":"LineString","coordinates":[[122.3874656,10.77988],[122.3874563,10.7798243]]}},{"type":"Feature","id":1390458254,"properties":{"osmWayId":1390458254,"name":"Cabaluna Street","nameNormalized":"cabaluna street","highway":"tertiary","routingClass":"trunk","surface":"paved","tracktype":null},"geometry":{"type":"LineString","coordinates":[[122.3889602,10.7795381],[122.3889702,10.7796265]]}},{"type":"Feature","id":1390458255,"properties":{"osmWayId":1390458255,"name":"Cabaluna Street","nameNormalized":"cabaluna street","highway":"tertiary","routingClass":"trunk","surface":"paved","tracktype":null},"geometry":{"type":"LineString","coordinates":[[122.3891628,10.7812808],[122.3890713,10.7811501],[122.3889378,10.779803],[122.3889702,10.7796265]]}},{"type":"Feature","id":1390458256,"properties":{"osmWayId":1390458256,"name":"Cabanilla Street","nameNormalized":"cabanilla street","highway":"tertiary","routingClass":"trunk","surface":"paved","tracktype":null},"geometry":{"type":"LineString","coordinates":[[122.3876448,10.7814496],[122.3878013,10.7813549],[122.3890351,10.7812324],[122.3891628,10.7812808]]}},{"type":"Feature","id":1390458257,"properties":{"osmWayId":1390458257,"name":"Capalla Street","nameNormalized":"capalla street","highway":"tertiary","routingClass":"trunk","surface":"paved","tracktype":null},"geometry":{"type":"LineString","coordinates":[[122.3874656,10.77988],[122.3875159,10.7799535],[122.3876725,10.7813625],[122.3876448,10.7814496]]}},{"type":"Feature","id":1390458258,"properties":{"osmWayId":1390458258,"name":"F. Cabarles Street","nameNormalized":"f cabarles street","highway":"secondary","routingClass":"trunk","surface":"paved","tracktype":null},"geometry":{"type":"LineString","coordinates":[[122.3873637,10.7798496],[122.3874563,10.7798243]]}},{"type":"Feature","id":1390458259,"properties":{"osmWayId":1390458259,"name":"F. Cabarles Street","nameNormalized":"f cabarles street","highway":"secondary","routingClass":"trunk","surface":"paved","tracktype":null},"geometry":{"type":"LineString","coordinates":[[122.3891133,10.7795399],[122.3889702,10.7796265],[122.3889158,10.7796394],[122.3876274,10.7798736],[122.3875587,10.7798879],[122.3874656,10.77988],[122.3873637,10.7798496]]}},{"type":"Feature","id":1390978755,"properties":{"osmWayId":1390978755,"name":"Leon-Antique Boundary Road","nameNormalized":"leon antique boundary","highway":"tertiary","routingClass":"trunk","surface":null,"tracktype":null},"geometry":{"type":"LineString","coordinates":[[122.3905941,10.7899795],[122.3905078,10.7891161],[122.3904976,10.7890568]]}},{"type":"Feature","id":1457362824,"properties":{"osmWayId":1457362824,"name":null,"nameNormalized":null,"highway":"tertiary","routingClass":"trunk","surface":"unpaved","tracktype":null},"geometry":{"type":"LineString","coordinates":[[122.295467,10.8740592],[122.2953415,10.874039],[122.2952258,10.8739402],[122.2951434,10.8738833],[122.2950853,10.8738619],[122.2950156,10.8738718],[122.2948614,10.8739712],[122.2946126,10.8740845],[122.294516,10.8741668],[122.2944383,10.8743163],[122.2943417,10.8744058],[122.2941881,10.8745533],[122.294164,10.8746831],[122.2942036,10.8748497],[122.2941861,10.8749471],[122.2941405,10.8750472],[122.2941238,10.8751585],[122.2941285,10.8752856],[122.2942834,10.8755141]]}},{"type":"Feature","id":1457362827,"properties":{"osmWayId":1457362827,"name":null,"nameNormalized":null,"highway":"tertiary","routingClass":"trunk","surface":"unpaved","tracktype":null},"geometry":{"type":"LineString","coordinates":[[122.2973539,10.8732545],[122.2972399,10.8735232],[122.2971353,10.8736075],[122.2970374,10.8736509],[122.2968362,10.8736259],[122.2964481,10.8735911],[122.2963226,10.8736098],[122.2962123,10.8736733],[122.2960906,10.873804],[122.2960423,10.873917],[122.2959766,10.8740263],[122.2959093,10.8741427],[122.295818,10.8741761],[122.2957306,10.8741776],[122.2956465,10.8741661],[122.2955531,10.8741056],[122.295467,10.8740592]]}},{"type":"Feature","id":1474032512,"properties":{"osmWayId":1474032512,"name":null,"nameNormalized":null,"highway":"tertiary","routingClass":"trunk","surface":null,"tracktype":null},"geometry":{"type":"LineString","coordinates":[[122.2948194,10.8869656],[122.2946763,10.8870371],[122.2942733,10.8871879],[122.2940883,10.8873049]]}},{"type":"Feature","id":1474032514,"properties":{"osmWayId":1474032514,"name":null,"nameNormalized":null,"highway":"tertiary","routingClass":"trunk","surface":null,"tracktype":null},"geometry":{"type":"LineString","coordinates":[[122.2942814,10.8903671],[122.2942019,10.8903794],[122.2941603,10.8904041],[122.294124,10.890431],[122.2941018,10.8904847],[122.2941103,10.8905298],[122.2941353,10.8905755]]}},{"type":"Feature","id":1474032515,"properties":{"osmWayId":1474032515,"name":null,"nameNormalized":null,"highway":"tertiary","routingClass":"trunk","surface":null,"tracktype":null},"geometry":{"type":"LineString","coordinates":[[122.2947822,10.8901247],[122.2948701,10.8902367],[122.2948842,10.8902999],[122.2948623,10.8903806],[122.2948252,10.890429],[122.2947326,10.8904691],[122.2946146,10.890479],[122.2945013,10.8904639],[122.2944242,10.8904316],[122.2942814,10.8903671]]}},{"type":"Feature","id":1474032516,"properties":{"osmWayId":1474032516,"name":null,"nameNormalized":null,"highway":"tertiary","routingClass":"trunk","surface":null,"tracktype":null},"geometry":{"type":"LineString","coordinates":[[122.2944546,10.8897248],[122.2944885,10.8897679],[122.2945519,10.8898449],[122.2946227,10.8899272],[122.2947822,10.8901247]]}},{"type":"Feature","id":1474032517,"properties":{"osmWayId":1474032517,"name":null,"nameNormalized":null,"highway":"tertiary","routingClass":"trunk","surface":null,"tracktype":null},"geometry":{"type":"LineString","coordinates":[[122.2943091,10.8895513],[122.2944546,10.8897248]]}},{"type":"Feature","id":1474037740,"properties":{"osmWayId":1474037740,"name":null,"nameNormalized":null,"highway":"tertiary","routingClass":"trunk","surface":null,"tracktype":null},"geometry":{"type":"LineString","coordinates":[[122.313295,10.8857093],[122.3133708,10.885884]]}},{"type":"Feature","id":1474037741,"properties":{"osmWayId":1474037741,"name":null,"nameNormalized":null,"highway":"tertiary","routingClass":"trunk","surface":null,"tracktype":null},"geometry":{"type":"LineString","coordinates":[[122.3130462,10.8851569],[122.313295,10.8857093]]}},{"type":"Feature","id":1474037747,"properties":{"osmWayId":1474037747,"name":null,"nameNormalized":null,"highway":"tertiary","routingClass":"trunk","surface":null,"tracktype":null},"geometry":{"type":"LineString","coordinates":[[122.3106763,10.8833635],[122.3106985,10.8834319],[122.3106703,10.8835017],[122.3106895,10.8835808],[122.3106985,10.8836176],[122.3108004,10.8836795],[122.3110566,10.8836598],[122.3113114,10.8837822],[122.3116795,10.8837631],[122.312002,10.8837592],[122.3121663,10.883798],[122.312232,10.8838659],[122.3122917,10.8840009],[122.3123212,10.8841589],[122.3123856,10.8843248],[122.3125988,10.8845737],[122.3128054,10.8847805],[122.3129891,10.8850202],[122.3130462,10.8851569]]}},{"type":"Feature","id":1474037748,"properties":{"osmWayId":1474037748,"name":null,"nameNormalized":null,"highway":"tertiary","routingClass":"trunk","surface":"unpaved","tracktype":null},"geometry":{"type":"LineString","coordinates":[[122.3106763,10.8833635],[122.3105858,10.8833542],[122.3104285,10.8833981],[122.3102451,10.8834426],[122.3100285,10.8834154],[122.3098792,10.8833358],[122.3097707,10.883237]]}},{"type":"Feature","id":1474037750,"properties":{"osmWayId":1474037750,"name":null,"nameNormalized":null,"highway":"tertiary","routingClass":"trunk","surface":"ground","tracktype":null},"geometry":{"type":"LineString","coordinates":[[122.3097707,10.883237],[122.3097785,10.8831224],[122.3097503,10.8830078],[122.3096041,10.8829038],[122.3094244,10.8828432],[122.3092166,10.8828735],[122.3090543,10.8829828],[122.308947,10.883133],[122.3088236,10.8833819],[122.3086895,10.8834754],[122.3085849,10.8834727],[122.3084615,10.8834003],[122.3083542,10.8832673],[122.3083127,10.8829723],[122.3082536,10.8828577],[122.308204,10.8826141],[122.3081732,10.8823889],[122.308208,10.8822216],[122.3081879,10.8820741],[122.3081477,10.8819608],[122.308086,10.8819161],[122.307913,10.8818463],[122.307732,10.8817488],[122.3076394,10.8816698],[122.3075281,10.8814986],[122.3075201,10.8813656],[122.3076247,10.8812404],[122.3078473,10.8810745],[122.3080203,10.8809481],[122.3080739,10.8808651],[122.3080766,10.8807176],[122.3079814,10.880549],[122.3078486,10.8802672],[122.3078339,10.8801579],[122.3078406,10.880071]]}},{"type":"Feature","id":1474037751,"properties":{"osmWayId":1474037751,"name":null,"nameNormalized":null,"highway":"tertiary","routingClass":"trunk","surface":"unpaved","tracktype":null},"geometry":{"type":"LineString","coordinates":[[122.3078406,10.880071],[122.3081316,10.8792584],[122.3082483,10.8791003],[122.3084012,10.878995],[122.3084642,10.8788514],[122.3084602,10.8787711],[122.3084119,10.8787368],[122.3083153,10.8787671],[122.3081142,10.8788922],[122.3079197,10.8788949],[122.3077373,10.8788422],[122.3076032,10.8787461]]}},{"type":"Feature","id":1474037752,"properties":{"osmWayId":1474037752,"name":null,"nameNormalized":null,"highway":"tertiary","routingClass":"trunk","surface":null,"tracktype":null},"geometry":{"type":"LineString","coordinates":[[122.3076032,10.8787461],[122.3074222,10.8784194],[122.3073336,10.8783246],[122.3071432,10.8782667],[122.3069286,10.8782983],[122.3066792,10.8782351],[122.3064432,10.878077],[122.3062983,10.877919]]}},{"type":"Feature","id":1474066185,"properties":{"osmWayId":1474066185,"name":null,"nameNormalized":null,"highway":"tertiary","routingClass":"trunk","surface":null,"tracktype":null},"geometry":{"type":"LineString","coordinates":[[122.3245284,10.8917186],[122.3245499,10.8917894],[122.3245799,10.8918537],[122.3246483,10.8919222],[122.3247271,10.8920139],[122.3247875,10.8920607],[122.3248528,10.8921145]]}},{"type":"Feature","id":1474066187,"properties":{"osmWayId":1474066187,"name":null,"nameNormalized":null,"highway":"tertiary","routingClass":"trunk","surface":null,"tracktype":null},"geometry":{"type":"LineString","coordinates":[[122.323748,10.8921616],[122.3238306,10.8920699],[122.3239033,10.8919719],[122.3239933,10.8918916],[122.3240888,10.8918418],[122.3241337,10.8918177],[122.3242168,10.8917795],[122.3243006,10.8917479],[122.3243751,10.891736],[122.3244683,10.8917169],[122.3245284,10.8917186],[122.3245843,10.8917202],[122.3246818,10.8917398]]}},{"type":"Feature","id":1474066188,"properties":{"osmWayId":1474066188,"name":null,"nameNormalized":null,"highway":"tertiary","routingClass":"trunk","surface":null,"tracktype":null},"geometry":{"type":"LineString","coordinates":[[122.3209136,10.8903242],[122.3209663,10.890355],[122.3210474,10.8903802],[122.3211395,10.8904127],[122.3211932,10.8904552],[122.3212334,10.8905403],[122.3213052,10.8907494],[122.3213925,10.8909954],[122.3214192,10.8911008],[122.3214325,10.8911623],[122.321463,10.8912176],[122.321512,10.8912726],[122.3215837,10.8913081],[122.3216755,10.891348],[122.3218972,10.8914341],[122.3220674,10.8914942],[122.3221997,10.8915478],[122.3223017,10.8916255],[122.3224452,10.8916572],[122.3225299,10.891683]]}},{"type":"Feature","id":1474066189,"properties":{"osmWayId":1474066189,"name":null,"nameNormalized":null,"highway":"tertiary","routingClass":"trunk","surface":"unpaved","tracktype":null},"geometry":{"type":"LineString","coordinates":[[122.3240063,10.8999406],[122.3239278,10.9001403],[122.3238973,10.9003121],[122.3238775,10.9004284],[122.3239003,10.9005062],[122.3239446,10.9005943]]}},{"type":"Feature","id":1474066190,"properties":{"osmWayId":1474066190,"name":null,"nameNormalized":null,"highway":"tertiary","routingClass":"trunk","surface":"unpaved","tracktype":null},"geometry":{"type":"LineString","coordinates":[[122.3266375,10.8973982],[122.3264806,10.8974891],[122.326384,10.8976208],[122.3262526,10.8977959],[122.3261517,10.8979454],[122.3261091,10.8980132],[122.3260447,10.8980962],[122.3259523,10.898237],[122.3258758,10.8983556],[122.3257898,10.8984153],[122.3257296,10.8984346],[122.3256603,10.8984808],[122.3255292,10.8985291],[122.3253772,10.8985978],[122.3252297,10.8986812],[122.3251179,10.8987456],[122.3250315,10.8987968],[122.324869,10.8988934],[122.3248198,10.8989168],[122.3247841,10.8989534],[122.3247409,10.8990061],[122.3247096,10.8990895],[122.3246977,10.8991495],[122.3246872,10.8992007],[122.3246231,10.899268],[122.3244428,10.8993558],[122.3243504,10.8994231],[122.3242655,10.8995329],[122.3241463,10.8997012],[122.3240509,10.899846],[122.3240063,10.8999406]]}},{"type":"Feature","id":1474092774,"properties":{"osmWayId":1474092774,"name":null,"nameNormalized":null,"highway":"tertiary","routingClass":"trunk","surface":null,"tracktype":null},"geometry":{"type":"LineString","coordinates":[[122.2690225,10.7891116],[122.2689673,10.7890302],[122.2688614,10.7888853],[122.2687633,10.7886957],[122.2686669,10.7883227],[122.2685905,10.7879605],[122.2687132,10.7878162],[122.2689888,10.7875507],[122.2692892,10.7873307],[122.2695329,10.7871728],[122.2697311,10.7871459],[122.270004,10.7872056],[122.2703446,10.7872517],[122.2707242,10.7871542],[122.2709562,10.7871344]]}},{"type":"Feature","id":1474122660,"properties":{"osmWayId":1474122660,"name":null,"nameNormalized":null,"highway":"tertiary","routingClass":"trunk","surface":null,"tracktype":null},"geometry":{"type":"LineString","coordinates":[[122.2706152,10.7928586],[122.2705428,10.7927261],[122.2702979,10.7925689],[122.2699378,10.7924121],[122.2696968,10.7923644],[122.2696127,10.7923273],[122.2695534,10.792245]]}},{"type":"Feature","id":1474286449,"properties":{"osmWayId":1474286449,"name":null,"nameNormalized":null,"highway":"tertiary","routingClass":"trunk","surface":null,"tracktype":null},"geometry":{"type":"LineString","coordinates":[[122.324917,10.7927118],[122.324786,10.7926167],[122.3245715,10.7925931],[122.3244361,10.7926102],[122.3242329,10.7925726],[122.324041,10.7924371],[122.3239023,10.7922861],[122.3238433,10.7922268],[122.3237991,10.7921932],[122.3237178,10.7921306],[122.3236507,10.7921147],[122.3236223,10.7921126],[122.3234825,10.792132],[122.32316,10.7921511],[122.3228882,10.7920581],[122.3225717,10.7919632],[122.3222302,10.7918251],[122.3220023,10.7916628],[122.3217706,10.7913559],[122.3215909,10.7910181],[122.3213227,10.79086],[122.3209204,10.7906532]]}},{"type":"Feature","id":1474291421,"properties":{"osmWayId":1474291421,"name":"Guimbal-Igbaras-Tubungan-Leon Road","nameNormalized":"guimbal igbaras tubungan leon","highway":"secondary","routingClass":"trunk","surface":null,"tracktype":null},"geometry":{"type":"LineString","coordinates":[[122.3672067,10.768824],[122.3670125,10.7684638]]}},{"type":"Feature","id":1474291422,"properties":{"osmWayId":1474291422,"name":"Guimbal-Igbaras-Tubungan-Leon Road","nameNormalized":"guimbal igbaras tubungan leon","highway":"secondary","routingClass":"trunk","surface":null,"tracktype":null},"geometry":{"type":"LineString","coordinates":[[122.366939,10.7683365],[122.3667547,10.7680216]]}},{"type":"Feature","id":1474298078,"properties":{"osmWayId":1474298078,"name":"Guimbal-Igbaras-Tubungan-Leon Road","nameNormalized":"guimbal igbaras tubungan leon","highway":"secondary","routingClass":"trunk","surface":"concrete","tracktype":null},"geometry":{"type":"LineString","coordinates":[[122.3302833,10.7722283],[122.3304704,10.7722981],[122.3305924,10.7723363],[122.3306897,10.7723475],[122.3308043,10.7723422],[122.3309264,10.7723021],[122.3310035,10.7722546],[122.3310605,10.7721782],[122.3310873,10.7720886],[122.3310906,10.7719911],[122.3310813,10.7718857],[122.331037,10.7716644],[122.3310236,10.7715597],[122.3310269,10.7714668],[122.3310504,10.7713963],[122.3311148,10.7713255],[122.3311701,10.7712945],[122.331273,10.7712652],[122.3315795,10.7712053],[122.3316848,10.7711773],[122.3317612,10.7711384],[122.3318175,10.771085],[122.3318464,10.7710353],[122.3318641,10.7709806],[122.3318732,10.7708943],[122.3318698,10.77078],[122.3318715,10.7707227],[122.3318866,10.7706697],[122.3319161,10.770619],[122.331963,10.7705643],[122.3321025,10.7704062],[122.3322547,10.7702679],[122.332352,10.7701704],[122.3324351,10.7700584],[122.3325015,10.7699484],[122.3325545,10.7698245]]}},{"type":"Feature","id":1474298079,"properties":{"osmWayId":1474298079,"name":"Guimbal-Igbaras-Tubungan-Leon Road","nameNormalized":"guimbal igbaras tubungan leon","highway":"secondary","routingClass":"trunk","surface":"concrete","tracktype":null},"geometry":{"type":"LineString","coordinates":[[122.3300952,10.7725211],[122.3300583,10.7724575],[122.3300406,10.7724009],[122.3300366,10.7723591],[122.3300513,10.7723103],[122.3300627,10.7722941],[122.3300788,10.7722714],[122.3301529,10.7722336],[122.3302173,10.7722217],[122.3302833,10.7722283]]}},{"type":"Feature","id":1474336666,"properties":{"osmWayId":1474336666,"name":"Tubungan - San Remigio Road","nameNormalized":"tubungan san remigio","highway":"tertiary","routingClass":"trunk","surface":null,"tracktype":null},"geometry":{"type":"LineString","coordinates":[[122.2777752,10.8088087],[122.2777397,10.8088621],[122.2777013,10.8089371],[122.2776853,10.8090146],[122.2776748,10.8090833],[122.2776807,10.8091417],[122.2777189,10.8092341],[122.2777851,10.8093266]]}},{"type":"Feature","id":1474336667,"properties":{"osmWayId":1474336667,"name":"Tubungan - San Remigio Road","nameNormalized":"tubungan san remigio","highway":"tertiary","routingClass":"trunk","surface":null,"tracktype":null},"geometry":{"type":"LineString","coordinates":[[122.2777851,10.8093266],[122.2778454,10.8093633]]}},{"type":"Feature","id":1474336668,"properties":{"osmWayId":1474336668,"name":"Tubungan - San Remigio Road","nameNormalized":"tubungan san remigio","highway":"tertiary","routingClass":"trunk","surface":null,"tracktype":null},"geometry":{"type":"LineString","coordinates":[[122.2778454,10.8093633],[122.2780281,10.8094325],[122.2782297,10.8094722],[122.2783725,10.8095236],[122.2784403,10.8095664],[122.2784684,10.8096283],[122.2784627,10.8097132]]}},{"type":"Feature","id":1474336669,"properties":{"osmWayId":1474336669,"name":"Tubungan - San Remigio Road","nameNormalized":"tubungan san remigio","highway":"tertiary","routingClass":"trunk","surface":null,"tracktype":null},"geometry":{"type":"LineString","coordinates":[[122.2841332,10.7979719],[122.2840799,10.797977],[122.2838877,10.7980418],[122.2832776,10.7982169],[122.2831964,10.7982202],[122.2831173,10.798211],[122.2830476,10.798182],[122.2829822,10.7981431],[122.2827559,10.7979942],[122.2826884,10.7979566],[122.2826183,10.7979295],[122.282536,10.7979182],[122.282443,10.7979253],[122.2824083,10.7979394],[122.2823735,10.7979614],[122.282304,10.7980213],[122.2821677,10.7981278],[122.2818077,10.7985999],[122.2817333,10.7987485],[122.2816877,10.7988802],[122.2816434,10.7990133],[122.2815469,10.7992306],[122.2814899,10.7993419],[122.2814631,10.7993894],[122.2814436,10.7994394],[122.2814342,10.799498],[122.2814415,10.7995616],[122.2814639,10.7996107],[122.281497,10.7996491],[122.2815295,10.7996876],[122.2815504,10.7997095],[122.2815811,10.7997483],[122.2815784,10.7998939],[122.2814208,10.800054],[122.2810762,10.8003056],[122.2809729,10.8003635],[122.2804767,10.8004215],[122.2803412,10.80049],[122.2802038,10.8007017],[122.2800661,10.8008719],[122.2798999,10.80101],[122.2795547,10.8012765],[122.2795118,10.8014207],[122.2795101,10.8014412],[122.2795077,10.8015499],[122.2794881,10.8018002],[122.2793859,10.8021955],[122.2792961,10.8025617],[122.279217,10.8028199],[122.2792707,10.8031071],[122.2794226,10.8034685],[122.2796828,10.8038782],[122.2797886,10.8042409],[122.2798407,10.8046035],[122.2798111,10.8046661],[122.2797722,10.8047149],[122.2796966,10.804795],[122.2795572,10.8049042],[122.2793005,10.8051573],[122.2792362,10.8052561],[122.2792174,10.8053826],[122.2792469,10.8054867],[122.2792871,10.8055736],[122.2793663,10.8056698],[122.2796316,10.8059544],[122.2797972,10.8061418],[122.2799161,10.8062626],[122.2800274,10.806451],[122.2801073,10.8066848],[122.280136,10.8069291],[122.2800516,10.807049],[122.2799563,10.8071043],[122.2797096,10.8071623],[122.2793676,10.8072743],[122.2787541,10.8078764],[122.2785398,10.8082275],[122.2784832,10.8084061],[122.2783985,10.8085331],[122.2782116,10.8086417],[122.2779246,10.8087479],[122.2777752,10.8088087]]}},{"type":"Feature","id":1474579767,"properties":{"osmWayId":1474579767,"name":null,"nameNormalized":null,"highway":"tertiary","routingClass":"trunk","surface":"unpaved","tracktype":null},"geometry":{"type":"LineString","coordinates":[[122.3456027,10.8720543],[122.3455452,10.8720666]]}},{"type":"Feature","id":1474579768,"properties":{"osmWayId":1474579768,"name":null,"nameNormalized":null,"highway":"tertiary","routingClass":"trunk","surface":"unpaved","tracktype":null},"geometry":{"type":"LineString","coordinates":[[122.3466347,10.8722274],[122.3465244,10.8721447],[122.3462957,10.8721219],[122.3459928,10.8721083],[122.3457845,10.8720108],[122.3456027,10.8720543]]}},{"type":"Feature","id":1475454628,"properties":{"osmWayId":1475454628,"name":null,"nameNormalized":null,"highway":"tertiary","routingClass":"trunk","surface":"unpaved","tracktype":null},"geometry":{"type":"LineString","coordinates":[[122.3236995,10.9048733],[122.3238064,10.9048598],[122.3238815,10.9048835]]}},{"type":"Feature","id":1475454629,"properties":{"osmWayId":1475454629,"name":null,"nameNormalized":null,"highway":"tertiary","routingClass":"trunk","surface":"unpaved","tracktype":null},"geometry":{"type":"LineString","coordinates":[[122.3239446,10.9005943],[122.3239781,10.9006799],[122.3240003,10.9007646],[122.3240186,10.9009032],[122.3240101,10.9010064],[122.3239902,10.9011171],[122.3239515,10.901271],[122.3238921,10.9013716],[122.3238377,10.9014613],[122.3237437,10.9016474],[122.3237206,10.9016972],[122.3236951,10.9017674],[122.3236654,10.9018766],[122.32362,10.9020058],[122.3235761,10.9022719],[122.3235556,10.9023827],[122.3235295,10.9024913],[122.3234698,10.9026079],[122.3234276,10.9026935],[122.3234068,10.9027383],[122.3234537,10.9029002],[122.3234645,10.9029806],[122.3234296,10.9033585],[122.3233907,10.9034737],[122.323329,10.903558],[122.3232311,10.9036166],[122.3230648,10.9036983],[122.3228703,10.9037641],[122.3227517,10.9038583],[122.3227074,10.9039432],[122.3227443,10.9040525],[122.3228174,10.9041493],[122.3232224,10.9044364],[122.323309,10.9045108],[122.3234698,10.9046491],[122.3235677,10.9047847],[122.3236261,10.9048426],[122.3236995,10.9048733]]}},{"type":"Feature","id":1476367782,"properties":{"osmWayId":1476367782,"name":null,"nameNormalized":null,"highway":"tertiary","routingClass":"trunk","surface":null,"tracktype":null},"geometry":{"type":"LineString","coordinates":[[122.3900688,10.7678738],[122.3900815,10.7677585]]}},{"type":"Feature","id":1476367783,"properties":{"osmWayId":1476367783,"name":null,"nameNormalized":null,"highway":"tertiary","routingClass":"trunk","surface":null,"tracktype":null},"geometry":{"type":"LineString","coordinates":[[122.3894853,10.7717475],[122.3894913,10.7715583],[122.3895453,10.7707824],[122.3895916,10.7701183],[122.3896641,10.7694991],[122.3897043,10.7692488],[122.3897928,10.7688799],[122.389883,10.7685601],[122.390051,10.767964],[122.3900688,10.7678738]]}},{"type":"Feature","id":1476379884,"properties":{"osmWayId":1476379884,"name":"Freedom Highway","nameNormalized":"freedom highway","highway":"secondary","routingClass":"trunk","surface":null,"tracktype":null},"geometry":{"type":"LineString","coordinates":[[122.4315979,10.8152623],[122.431563,10.8150311]]}},{"type":"Feature","id":1476379885,"properties":{"osmWayId":1476379885,"name":"Freedom Highway","nameNormalized":"freedom highway","highway":"secondary","routingClass":"trunk","surface":null,"tracktype":null},"geometry":{"type":"LineString","coordinates":[[122.4316621,10.8158341],[122.4315979,10.8152623]]}},{"type":"Feature","id":1476403287,"properties":{"osmWayId":1476403287,"name":"Alimodian-Maasin Road","nameNormalized":"alimodian maasin","highway":"secondary","routingClass":"trunk","surface":null,"tracktype":null},"geometry":{"type":"LineString","coordinates":[[122.4281832,10.8438011],[122.428135,10.8436208],[122.428092,10.8433074],[122.4280847,10.8432716],[122.4280608,10.8431536],[122.427974,10.8427265]]}}]}
